filepath,caption
/Users/jenfnguyen/Documents/Dev/KIS-AAI-DM-Master/data/caption_project/vietnam_architecture/-i---i-_(28236405659)_113561590.png,"Open-sided pavilion with a tall, orange-tiled pyramidal roof sits atop a wide stone staircase. The structure features white pillars and is flanked by large bushes with bright pink flowers."
/Users/jenfnguyen/Documents/Dev/KIS-AAI-DM-Master/data/caption_project/vietnam_architecture/-i---i-_(28388053019)_113561627.png,"A tall, reddish-brown brick tower features multiple tiers and decorative carvings. Niches hold seated statues, including a prominent one with a tall headdress in a pointed arch."
/Users/jenfnguyen/Documents/Dev/KIS-AAI-DM-Master/data/caption_project/vietnam_architecture/-i---i-_(39457261804)_113561625.png,"Cham temple tower constructed from weathered red bricks with a tiered, pointed roof structure featuring decorative carvings. A person stands in the dark, open arched doorway against a bright outdoor background."
/Users/jenfnguyen/Documents/Dev/KIS-AAI-DM-Master/data/caption_project/vietnam_architecture/-i---i-_(39930272721)_113561557.png,"Two reddish-brown brick temple towers stand on a sandy hilltop under a blue sky. The structures feature intricate layered brickwork and arched openings. A bare tree is to the left, with a distant town visible in the background."
"/Users/jenfnguyen/Documents/Dev/KIS-AAI-DM-Master/data/caption_project/vietnam_architecture/001_Cổng_làng_Văn_Trì,_Hà_Nội_137891921.png",Village gate with a weathered tiled roof and yellow stucco walls spans a narrow street. The structure features decorative finials on the pillars and a sign with Chinese characters above the passageway.
"/Users/jenfnguyen/Documents/Dev/KIS-AAI-DM-Master/data/caption_project/vietnam_architecture/002_Cổng_làng_Văn_Trì,_Hà_Nội_137892022.png","Traditional stone gate with a tiled roof and decorative mythical creature statues on top. The structure features weathered yellow walls and a wooden panel with inscriptions, spanning a narrow street with motorbikes."
"/Users/jenfnguyen/Documents/Dev/KIS-AAI-DM-Master/data/caption_project/vietnam_architecture/0040223_Brahma,_Cham_Hindu_deity,_Museum_of_Cham_Sculpture,_Da_Nang_Vietnam_132522172.png","Stone relief sculpture of a three-headed deity sitting on a coiled serpent within an arched frame. The figure wears traditional jewelry and holds a sword, carved in a light brown sandstone material."
"/Users/jenfnguyen/Documents/Dev/KIS-AAI-DM-Master/data/caption_project/vietnam_architecture/0040223_Ganesha,_Cham_Hindu_deity,_Museum_of_Cham_Sculpture,_Da_Nang_Vietnam_132522171.png","A dark stone statue of an elephant-headed figure is seated on a rectangular base. The figure has a trunk, large ears, and holds an object in its left hand, with its right hand resting on its lap."
"/Users/jenfnguyen/Documents/Dev/KIS-AAI-DM-Master/data/caption_project/vietnam_architecture/0040223_My_Son_UNESCO_site_entrance,_Cham_Hindu_temples_complex,_Vietnam_132592300.png",Pointed arch gate constructed from red bricks features a prominent logo and text. Multiple similar arched structures are aligned in a sequence against a clear blue sky and green trees.
"/Users/jenfnguyen/Documents/Dev/KIS-AAI-DM-Master/data/caption_project/vietnam_architecture/0040323_Anthropomorphic_Shiva_at_the_Thap_Banh_It_Cham_Hindu_temples_complex,_Nhon_Hoa,_Binh_Dinh_Vietnam_034_132478988.png","Stone statue of a seated figure in profile, positioned against a rough, weathered brick wall inside a dimly lit space with a stone altar and yellow flowers nearby."
"/Users/jenfnguyen/Documents/Dev/KIS-AAI-DM-Master/data/caption_project/vietnam_architecture/0040323_Anthropomorphic_Shiva_at_the_Thap_Banh_It_Cham_Hindu_temples_complex,_Nhon_Hoa,_Binh_Dinh_Vietnam_047_132478990.png","A multi-armed statue, wearing a tall crown and intricate garments, is seated on a pedestal. It stands against a dark, textured wall covered in graffiti. Offerings of yellow flowers and liquids are placed on a low table to the right."
"/Users/jenfnguyen/Documents/Dev/KIS-AAI-DM-Master/data/caption_project/vietnam_architecture/0040323_Thap_Banh_It_complex,_Nhon_Hoa,_Binh_Dinh_Vietnam_012_132478843.png","Two brick towers with tiered, pyramid-shaped roofs stand on a grassy hill. The structures feature pointed arched doorways and weathered red brick surfaces, surrounded by green vegetation under a clear blue sky."
"/Users/jenfnguyen/Documents/Dev/KIS-AAI-DM-Master/data/caption_project/vietnam_architecture/0040323_Thap_Banh_It_complex,_Nhon_Hoa,_Binh_Dinh_Vietnam_025_132478846.png",A reddish-brown brick temple tower stands on a grassy hill under a clear blue sky. The multi-tiered structure features arched openings and is partially overgrown with green vegetation on its upper sections.
"/Users/jenfnguyen/Documents/Dev/KIS-AAI-DM-Master/data/caption_project/vietnam_architecture/0040323_Thap_Banh_It_complex,_Nhon_Hoa,_Binh_Dinh_Vietnam_029_132478841.png","Brick tower structure featuring a tiered, stepped roof with vegetation growing on top. The exterior walls display vertical pilasters and pointed arched doorways, set against a clear blue sky and green surroundings."
"/Users/jenfnguyen/Documents/Dev/KIS-AAI-DM-Master/data/caption_project/vietnam_architecture/0040323_Thap_Banh_It_complex,_Nhon_Hoa,_Binh_Dinh_Vietnam_038_132478844.png",Square brick tower with a tiered roof and a pointed arch entrance stands on a grassy hill. The structure features weathered orange bricks and small plants growing on the upper levels.
"/Users/jenfnguyen/Documents/Dev/KIS-AAI-DM-Master/data/caption_project/vietnam_architecture/0040323_Thap_Banh_It_complex,_Nhon_Hoa,_Binh_Dinh_Vietnam_101_132478856.png",Tall brick temple tower with a tiered roof structure and intricate vertical pilasters. The weathered orange masonry features carved arched niches and is surrounded by green grass under a clear blue sky.
"/Users/jenfnguyen/Documents/Dev/KIS-AAI-DM-Master/data/caption_project/vietnam_architecture/0040323_Thap_Banh_It_complex,_Nhon_Hoa,_Binh_Dinh_Vietnam_109_132478857.png","Cham tower constructed from weathered orange bricks features a tiered, pyramidal roof with stone carvings. The structure stands against a clear blue sky, displaying vertical pilasters and a central arched niche."
"/Users/jenfnguyen/Documents/Dev/KIS-AAI-DM-Master/data/caption_project/vietnam_architecture/0040323_Thap_Banh_It_complex,_Nhon_Hoa,_Binh_Dinh_Vietnam_118_132478861.png",Brick tower with a stepped base and vertical pilasters features a central false door topped by a stone pediment. The structure is constructed from reddish-brown bricks and sits on a grassy field.
"/Users/jenfnguyen/Documents/Dev/KIS-AAI-DM-Master/data/caption_project/vietnam_architecture/0040323_Thap_Banh_It_complex,_Nhon_Hoa,_Binh_Dinh_Vietnam_137_132478866.png","Brick tower structure featuring layered, stepped masonry walls and vertical pilasters. The weathered orange and dark brown exterior shows signs of erosion, with small patches of vegetation growing along the tiered base and roofline."
"/Users/jenfnguyen/Documents/Dev/KIS-AAI-DM-Master/data/caption_project/vietnam_architecture/0040323_Thap_Banh_It_complex,_Nhon_Hoa,_Binh_Dinh_Vietnam_153_132478869.png",A weathered red brick temple tower stands on a grassy hill under a clear blue sky. The structure features a saddle-shaped roof with vegetation growth and vertical pilasters along its exterior walls.
"/Users/jenfnguyen/Documents/Dev/KIS-AAI-DM-Master/data/caption_project/vietnam_architecture/0040323_Thap_Banh_It_complex,_Nhon_Hoa,_Binh_Dinh_Vietnam_160_132478873.png","Brick Cham tower featuring a prominent saddle-shaped roof with a curved top. The structure displays weathered orange masonry, vertical pilasters, and decorative carvings, standing on a grassy hill under a clear blue sky."
"/Users/jenfnguyen/Documents/Dev/KIS-AAI-DM-Master/data/caption_project/vietnam_architecture/0040323_Thap_Banh_It_complex,_Nhon_Hoa,_Binh_Dinh_Vietnam_185_132478874.png","Brick temple structure featuring a large arched entrance and weathered walls with intricate carved panels. The ruined exterior shows signs of erosion and exposed masonry, framing a view of distant hills."
"/Users/jenfnguyen/Documents/Dev/KIS-AAI-DM-Master/data/caption_project/vietnam_architecture/0040323_Thap_Banh_It_complex,_Nhon_Hoa,_Binh_Dinh_Vietnam_198_132478892.png",Brick tower structure featuring tiered levels with vertical pilasters and decorative carvings. The exterior walls are weathered with patches of moss and small plants growing from the crevices under a clear blue sky.
"/Users/jenfnguyen/Documents/Dev/KIS-AAI-DM-Master/data/caption_project/vietnam_architecture/0040323_Thap_Banh_It_complex,_Nhon_Hoa,_Binh_Dinh_Vietnam_214_132478881.png","Brick tower with a tiered, curved roof and vertical pilasters stands on a grassy field. The structure features weathered red brick walls with moss and small plants growing on the upper levels."
"/Users/jenfnguyen/Documents/Dev/KIS-AAI-DM-Master/data/caption_project/vietnam_architecture/0040323_Thap_Banh_It_complex,_Nhon_Hoa,_Binh_Dinh_Vietnam_237_132478883.png","Brick tower with a weathered, reddish-brown exterior features a pointed arched entrance and intricate carvings on its walls. The structure stands on a grassy field under a clear blue sky."
"/Users/jenfnguyen/Documents/Dev/KIS-AAI-DM-Master/data/caption_project/vietnam_architecture/0040323_Thap_Doi_Cham_Hindu_complex,_Quy_Nhon,_Binh_Dinh_Vietnam_009_132483187.png","A red brick Cham tower features a square base, vertical pilasters, and pointed arched niches on its exterior walls. The structure is situated in a grassy area with palm trees nearby."
"/Users/jenfnguyen/Documents/Dev/KIS-AAI-DM-Master/data/caption_project/vietnam_architecture/0040323_Thap_Doi_Cham_Hindu_complex,_Quy_Nhon,_Binh_Dinh_Vietnam_027_132483186.png","Two tall brick towers with square bases and tiered, pyramidal roofs stand in a grassy courtyard. The weathered red brick structures feature arched doorways, vertical pilasters, and small decorative carvings on the upper levels."
"/Users/jenfnguyen/Documents/Dev/KIS-AAI-DM-Master/data/caption_project/vietnam_architecture/0040323_Thap_Doi_Cham_Hindu_complex,_Quy_Nhon,_Binh_Dinh_Vietnam_036_132483192.png","Two tall brick towers with square bases and pointed arch motifs stand on a grassy lawn. The red brick structures feature decorative carvings and vegetation growing from their flat, weathered tops."
"/Users/jenfnguyen/Documents/Dev/KIS-AAI-DM-Master/data/caption_project/vietnam_architecture/0040323_Thap_Doi_Cham_Hindu_complex,_Quy_Nhon,_Binh_Dinh_Vietnam_050_132483191.png","Tall brick tower structure with a weathered, textured surface and arched decorative niches stands in a grassy courtyard. Palm trees surround the building, which is set against a clear blue sky."
"/Users/jenfnguyen/Documents/Dev/KIS-AAI-DM-Master/data/caption_project/vietnam_architecture/0040323_Thap_Doi_Cham_Hindu_complex,_Quy_Nhon,_Binh_Dinh_Vietnam_061_132483200.png","Brick tower structure featuring a square base, tiered decorative roof elements, and a pointed arched entrance. The exterior walls are constructed from weathered red bricks, surrounded by green palm trees and plants."
"/Users/jenfnguyen/Documents/Dev/KIS-AAI-DM-Master/data/caption_project/vietnam_architecture/0040323_Thap_Doi_Cham_Hindu_complex,_Quy_Nhon,_Binh_Dinh_Vietnam_072_132483201.png","Brick tower with a square base and a pointed arch entrance featuring a stone lintel. A set of brick stairs leads to the doorway, where a stone linga is visible inside."
"/Users/jenfnguyen/Documents/Dev/KIS-AAI-DM-Master/data/caption_project/vietnam_architecture/0040323_Thap_Doi_Cham_Hindu_complex,_Quy_Nhon,_Binh_Dinh_Vietnam_084_132483202.png","Stone linga and yoni sculpture placed inside a small chamber with exposed brick walls. A stone altar in front holds ceramic incense burners, small plants, and offerings, illuminated by soft light."
"/Users/jenfnguyen/Documents/Dev/KIS-AAI-DM-Master/data/caption_project/vietnam_architecture/0040323_Thap_Doi_Cham_Hindu_complex,_Quy_Nhon,_Binh_Dinh_Vietnam_102_132483206.png","A tall brick tower structure features intricate carvings on its exterior walls and a tiered roof design. The base is constructed from large grey stone blocks, surrounded by green trees and flowering plants."
"/Users/jenfnguyen/Documents/Dev/KIS-AAI-DM-Master/data/caption_project/vietnam_architecture/0040323_Thap_Doi_Cham_Hindu_complex,_Quy_Nhon,_Binh_Dinh_Vietnam_119_132483207.png","Cham tower constructed from orange bricks features a square base, tiered roof structure, and arched niches on the exterior walls. Small plants grow from the crevices of the weathered brick masonry."
"/Users/jenfnguyen/Documents/Dev/KIS-AAI-DM-Master/data/caption_project/vietnam_architecture/0040323_Thap_Doi_Cham_Hindu_complex,_Quy_Nhon,_Binh_Dinh_Vietnam_146_132483205.png","Two tall brick towers with pointed arches and decorative carvings stand in a grassy area. The structures feature weathered orange masonry, stone bases, and vegetation growing from the upper sections."
"/Users/jenfnguyen/Documents/Dev/KIS-AAI-DM-Master/data/caption_project/vietnam_architecture/0040323_Thap_Doi_Cham_Hindu_complex,_Quy_Nhon,_Binh_Dinh_Vietnam_185_132483210.png",Tall brick tower structure with a square base and a pointed arch niche on the exterior wall. The weathered orange masonry features decorative pilasters and small plants growing from the crevices.
"/Users/jenfnguyen/Documents/Dev/KIS-AAI-DM-Master/data/caption_project/vietnam_architecture/0040323_Thap_Doi_Cham_Hindu_complex,_Quy_Nhon,_Binh_Dinh_Vietnam_248_132483214.png","Brick tower structure featuring intricate carvings and layered pilasters on its exterior walls. The base is constructed from large grey stone blocks, and the structure is set against a clear blue sky."
"/Users/jenfnguyen/Documents/Dev/KIS-AAI-DM-Master/data/caption_project/vietnam_architecture/0040323_Thap_Doi_Cham_Hindu_complex,_Quy_Nhon,_Binh_Dinh_Vietnam_273_132483216.png","Brick tower wall featuring vertical pilasters and a pointed arch niche with intricate carvings. The orange-brown structure stands against a clear blue sky, with green foliage visible in the lower left corner."
"/Users/jenfnguyen/Documents/Dev/KIS-AAI-DM-Master/data/caption_project/vietnam_architecture/0040323_Thap_Doi_Cham_Hindu_complex,_Quy_Nhon,_Binh_Dinh_Vietnam_316_132483224.png","Tall red brick Cham tower featuring a square base, vertical pilasters, and a pointed arch niche on the facade. The structure is weathered with vegetation growing from the top and sides."
"/Users/jenfnguyen/Documents/Dev/KIS-AAI-DM-Master/data/caption_project/vietnam_architecture/0040423_Thap_Binh_Lam_Cham_Hindu_temple,_Phuoc_Hoa,_Binh_Dinh_Vietnam_007_132498782.png","Cham tower constructed from orange bricks with a tiered, pyramidal roof structure. The exterior walls feature vertical pilasters and decorative stone carvings, set against a clear blue sky with surrounding trees."
"/Users/jenfnguyen/Documents/Dev/KIS-AAI-DM-Master/data/caption_project/vietnam_architecture/0040423_Thap_Binh_Lam_Cham_Hindu_temple,_Phuoc_Hoa,_Binh_Dinh_Vietnam_016_132498783.png","Cham tower constructed from weathered orange bricks features a tiered pyramidal roof and a tall, pointed arched entrance. The exterior walls display vertical pilasters and decorative brickwork under a clear blue sky."
"/Users/jenfnguyen/Documents/Dev/KIS-AAI-DM-Master/data/caption_project/vietnam_architecture/0040423_Thap_Binh_Lam_Cham_Hindu_temple,_Phuoc_Hoa,_Binh_Dinh_Vietnam_031_132498792.png","Brick tower with a stepped, multi-tiered roof structure and intricate carvings on the facade. The exterior walls feature vertical pilasters and arched niches, set against a clear blue sky."
"/Users/jenfnguyen/Documents/Dev/KIS-AAI-DM-Master/data/caption_project/vietnam_architecture/0040423_Thap_Binh_Lam_Cham_Hindu_temple,_Phuoc_Hoa,_Binh_Dinh_Vietnam_038_132498795.png","Brick tower with a stepped, pyramidal roof and intricate carvings on the exterior walls. The structure features a dark, weathered surface and a pointed arched entrance, situated on a dirt ground."
"/Users/jenfnguyen/Documents/Dev/KIS-AAI-DM-Master/data/caption_project/vietnam_architecture/0040423_Thap_Binh_Lam_Cham_Hindu_temple,_Phuoc_Hoa,_Binh_Dinh_Vietnam_058_132498788.png","A tall brick tower structure features intricate carvings, vertical pilasters, and pointed decorative elements along its base. The exterior wall is constructed from weathered orange-brown bricks, set against a bright blue sky."
"/Users/jenfnguyen/Documents/Dev/KIS-AAI-DM-Master/data/caption_project/vietnam_architecture/0040423_Thap_Binh_Lam_Cham_Hindu_temple,_Phuoc_Hoa,_Binh_Dinh_Vietnam_081_132498786.png","Brick tower structure featuring vertical pilasters and intricate carvings on the exterior walls. The weathered red brick surface shows signs of age, with small plants growing from the upper sections."
"/Users/jenfnguyen/Documents/Dev/KIS-AAI-DM-Master/data/caption_project/vietnam_architecture/0040423_Thap_Binh_Lam_Cham_Hindu_temple,_Phuoc_Hoa,_Binh_Dinh_Vietnam_089_132498789.png","Brick wall of a tower structure featuring vertical pilasters and decorative stone carvings at the base. The weathered red brick surface shows signs of erosion, with green tree branches hanging in the foreground."
"/Users/jenfnguyen/Documents/Dev/KIS-AAI-DM-Master/data/caption_project/vietnam_architecture/0040423_Thap_Binh_Lam_Cham_Hindu_temple,_Phuoc_Hoa,_Binh_Dinh_Vietnam_099_132498790.png","Brick tower structure featuring vertical pilasters and a tiered base with pointed decorative elements. The exterior wall is constructed from reddish-brown bricks, partially shaded by green tree branches on the right side."
"/Users/jenfnguyen/Documents/Dev/KIS-AAI-DM-Master/data/caption_project/vietnam_architecture/0040423_Thap_Binh_Lam_Cham_Hindu_temple,_Phuoc_Hoa,_Binh_Dinh_Vietnam_116_132498793.png","Pointed arch gateway constructed from stacked brown bricks, featuring a stepped corbelled design. The structure is made of weathered masonry with visible texture and some vegetation growing on the top edge."
"/Users/jenfnguyen/Documents/Dev/KIS-AAI-DM-Master/data/caption_project/vietnam_architecture/0040423_Thap_Binh_Lam_Cham_Hindu_temple,_Phuoc_Hoa,_Binh_Dinh_Vietnam_124_132498796.png",Brick tower structure featuring a tiered roof with decorative carvings and weathered surfaces. Small green plants grow from the upper levels of the structure against a clear blue sky.
"/Users/jenfnguyen/Documents/Dev/KIS-AAI-DM-Master/data/caption_project/vietnam_architecture/0040423_Thap_Binh_Lam_Cham_Hindu_temple,_Phuoc_Hoa,_Binh_Dinh_Vietnam_160_132498797.png",Weathered brick wall of a temple featuring an arched niche surrounded by intricate stone carvings. The structure displays layered horizontal masonry and decorative relief elements with signs of organic growth.
"/Users/jenfnguyen/Documents/Dev/KIS-AAI-DM-Master/data/caption_project/vietnam_architecture/0040423_Thap_Canh_Tien_Cham_Hindu_temple,_Binh_Dinh_Vietnam_002_132519274.png",Cham tower constructed from weathered red bricks featuring a tiered roof structure with decorative carvings. The tower stands on a grassy hill behind a metal fence with an information sign in the foreground.
"/Users/jenfnguyen/Documents/Dev/KIS-AAI-DM-Master/data/caption_project/vietnam_architecture/0040423_Thap_Canh_Tien_Cham_Hindu_temple,_Binh_Dinh_Vietnam_010_132519273.png",Cham tower constructed from orange-brown bricks features a multi-tiered roof with pointed decorative elements. The structure stands on a stone base within a grassy field surrounded by trees under a clear sky.
"/Users/jenfnguyen/Documents/Dev/KIS-AAI-DM-Master/data/caption_project/vietnam_architecture/0040423_Thap_Canh_Tien_Cham_Hindu_temple,_Binh_Dinh_Vietnam_021_132519272.png","Cham tower constructed from orange-brown bricks features a tiered, tapering roof with decorative carvings. A central arched entrance leads into the structure, which is situated on a grassy lawn with a brick pathway."
"/Users/jenfnguyen/Documents/Dev/KIS-AAI-DM-Master/data/caption_project/vietnam_architecture/0040423_Thap_Canh_Tien_Cham_Hindu_temple,_Binh_Dinh_Vietnam_029_132519277.png",Cham tower constructed from weathered orange bricks featuring tiered roof sections with pointed finials and decorative stone carvings. The structure stands against a clear blue sky with small plants growing on its upper surfaces.
"/Users/jenfnguyen/Documents/Dev/KIS-AAI-DM-Master/data/caption_project/vietnam_architecture/0040423_Thap_Canh_Tien_Cham_Hindu_temple,_Binh_Dinh_Vietnam_034_132519276.png","Cham tower constructed from reddish-brown bricks features a square base, tiered roof structure, and intricate stone carvings on the facade. The structure stands on a stone platform surrounded by grass and trees."
"/Users/jenfnguyen/Documents/Dev/KIS-AAI-DM-Master/data/caption_project/vietnam_architecture/0040423_Thap_Canh_Tien_Cham_Hindu_temple,_Binh_Dinh_Vietnam_041_132519278.png","Brick tower structure featuring a tiered, tapering roof and weathered orange surfaces. The exterior walls display intricate carvings, stone accents, and dark discoloration, set against a clear blue sky with surrounding trees."
"/Users/jenfnguyen/Documents/Dev/KIS-AAI-DM-Master/data/caption_project/vietnam_architecture/0040423_Thap_Canh_Tien_Cham_Hindu_temple,_Binh_Dinh_Vietnam_048_132519284.png",Brick tower structure featuring weathered orange masonry and intricate stone carvings on its corners. The base sits on a raised platform surrounded by a grassy lawn and a paved walkway under a clear sky.
"/Users/jenfnguyen/Documents/Dev/KIS-AAI-DM-Master/data/caption_project/vietnam_architecture/0040423_Thap_Canh_Tien_Cham_Hindu_temple,_Binh_Dinh_Vietnam_059_132519283.png","Brick wall of a structure featuring weathered, dark-stained surfaces and a central vertical pillar. The base consists of a raised platform made of dark, rough-hewn stone blocks set against a paved ground."
"/Users/jenfnguyen/Documents/Dev/KIS-AAI-DM-Master/data/caption_project/vietnam_architecture/0040423_Thap_Canh_Tien_Cham_Hindu_temple,_Binh_Dinh_Vietnam_075_132519282.png",Brick wall of a structure and low surrounding walls made of dark porous stone blocks. The area features a paved brick ground surface and is situated in a grassy clearing with trees.
"/Users/jenfnguyen/Documents/Dev/KIS-AAI-DM-Master/data/caption_project/vietnam_architecture/0040423_Thap_Canh_Tien_Cham_Hindu_temple,_Binh_Dinh_Vietnam_086_132519287.png",Detail of a brick temple corner featuring weathered red bricks and stone decorative elements. The structure displays layered masonry and carved stone protrusions against a clear blue sky.
"/Users/jenfnguyen/Documents/Dev/KIS-AAI-DM-Master/data/caption_project/vietnam_architecture/0040423_Thap_Canh_Tien_Cham_Hindu_temple,_Binh_Dinh_Vietnam_112_132519292.png",Brick wall of a tower structure featuring vertical pilasters with carved circular patterns. The weathered orange and grey masonry shows deep recesses and tiered stone bases with small triangular decorative elements.
"/Users/jenfnguyen/Documents/Dev/KIS-AAI-DM-Master/data/caption_project/vietnam_architecture/0040423_Thap_Canh_Tien_Cham_Hindu_temple,_Binh_Dinh_Vietnam_201_132519301.png","Tall brick Cham tower featuring a tiered roof structure with intricate carvings and a pointed arched doorway, set within a grassy area under a clear blue sky."
"/Users/jenfnguyen/Documents/Dev/KIS-AAI-DM-Master/data/caption_project/vietnam_architecture/0040423_Thap_Duong_Long_Cham_tower_temples,_Hindu_trinity,_Binh_Dinh_Vietnam_003_132506930.png","Three tall brick towers stand in a field under a clear blue sky. The structures feature weathered orange masonry, arched entrances, and vegetation growing from their upper levels and roof sections."
"/Users/jenfnguyen/Documents/Dev/KIS-AAI-DM-Master/data/caption_project/vietnam_architecture/0040423_Thap_Duong_Long_Cham_tower_temples,_Hindu_trinity,_Binh_Dinh_Vietnam_024_132506958.png",Three orange brick towers stand in a grassy field under a clear blue sky. These structures feature vertical pilasters and tiered roofs with vegetation growing from the top sections.
"/Users/jenfnguyen/Documents/Dev/KIS-AAI-DM-Master/data/caption_project/vietnam_architecture/0040423_Thap_Duong_Long_Cham_tower_temples,_Hindu_trinity,_Binh_Dinh_Vietnam_043_132506939.png",Three tall brick towers stand in a field under a clear blue sky. The structures feature tiered roofs with vegetation growing from the tops and pointed arch doorways on the front facades.
"/Users/jenfnguyen/Documents/Dev/KIS-AAI-DM-Master/data/caption_project/vietnam_architecture/0040423_Thap_Duong_Long_Cham_tower_temples,_Hindu_trinity,_Binh_Dinh_Vietnam_056_132506933.png","A tall brick tower structure features a stepped, pyramidal roof shape with intricate stone carvings. Green vegetation grows from the crevices of the orange-toned masonry against a clear blue sky."
"/Users/jenfnguyen/Documents/Dev/KIS-AAI-DM-Master/data/caption_project/vietnam_architecture/0040423_Thap_Duong_Long_Cham_tower_temples,_Hindu_trinity,_Binh_Dinh_Vietnam_061_132506932.png","Weathered brick wall of a structure featuring intricate stone carvings and a protruding decorative element. The surface shows signs of erosion and missing mortar, with a small honeycomb attached to the masonry."
"/Users/jenfnguyen/Documents/Dev/KIS-AAI-DM-Master/data/caption_project/vietnam_architecture/0040423_Thap_Duong_Long_Cham_tower_temples,_Hindu_trinity,_Binh_Dinh_Vietnam_074_132506940.png","Red brick tower structure featuring intricate stone carvings of figures above a narrow doorway. The weathered masonry displays vertical pilasters and textured surfaces, with green foliage growing near the base of the walls."
"/Users/jenfnguyen/Documents/Dev/KIS-AAI-DM-Master/data/caption_project/vietnam_architecture/0040423_Thap_Duong_Long_Cham_tower_temples,_Hindu_trinity,_Binh_Dinh_Vietnam_080_132506942.png","Stone wall of a structure featuring carved reliefs of figures and geometric patterns. The weathered, reddish-brown blocks are partially covered in moss and small green plants, set against a grassy outdoor area."
"/Users/jenfnguyen/Documents/Dev/KIS-AAI-DM-Master/data/caption_project/vietnam_architecture/0040423_Thap_Duong_Long_Cham_tower_temples,_Hindu_trinity,_Binh_Dinh_Vietnam_089_132506943.png",Stone architectural detail featuring a row of carved figures resembling naga heads atop horizontal decorative bands. The weathered brown masonry shows intricate relief patterns and is positioned outdoors under a bright blue sky.
"/Users/jenfnguyen/Documents/Dev/KIS-AAI-DM-Master/data/caption_project/vietnam_architecture/0040423_Thap_Duong_Long_Cham_tower_temples,_Hindu_trinity,_Binh_Dinh_Vietnam_094_132506945.png","A tall brick tower structure with vertical pilasters and a tiered roof section, partially overgrown with green vegetation. The exterior walls are made of weathered orange bricks, set against a clear blue sky."
"/Users/jenfnguyen/Documents/Dev/KIS-AAI-DM-Master/data/caption_project/vietnam_architecture/0040423_Thap_Duong_Long_Cham_tower_temples,_Hindu_trinity,_Binh_Dinh_Vietnam_101_132506948.png","Ruined brick structure featuring layered, weathered masonry and carved stone base elements. The site is overgrown with green vegetation and grass, set against a clear blue sky in an open field."
"/Users/jenfnguyen/Documents/Dev/KIS-AAI-DM-Master/data/caption_project/vietnam_architecture/0040423_Thap_Duong_Long_Cham_tower_temples,_Hindu_trinity,_Binh_Dinh_Vietnam_127_132506949.png",Brick tower wall featuring intricate stone carvings of deities set within arched frames. The weathered orange brickwork contrasts with the grey stone reliefs against a clear blue sky.
"/Users/jenfnguyen/Documents/Dev/KIS-AAI-DM-Master/data/caption_project/vietnam_architecture/0040423_Thap_Duong_Long_Cham_tower_temples,_Hindu_trinity,_Binh_Dinh_Vietnam_138_132506952.png","Brick tower wall featuring a tall, narrow stone-framed niche topped with an intricate relief carving of a seated figure. The structure is built from weathered orange bricks and set against a clear blue sky."
"/Users/jenfnguyen/Documents/Dev/KIS-AAI-DM-Master/data/caption_project/vietnam_architecture/0040423_Thap_Duong_Long_Cham_tower_temples,_Hindu_trinity,_Binh_Dinh_Vietnam_149_132506956.png","Two tall, weathered brick towers stand in an open field. These structures feature vertical pilasters, rectangular doorways, and remnants of stone foundations, with vegetation growing along the orange-colored masonry walls."
"/Users/jenfnguyen/Documents/Dev/KIS-AAI-DM-Master/data/caption_project/vietnam_architecture/0040423_Thap_Phu_Loc,_Cham_Hindu_temple,_Nhon_Thanh_Vietnam_001_132544931.png","Tall brick tower structure sits atop a green hill in the distance, surrounded by trees and fields. The landscape features layered mountains in the background under a clear, hazy sky."
"/Users/jenfnguyen/Documents/Dev/KIS-AAI-DM-Master/data/caption_project/vietnam_architecture/0040423_Thap_Phu_Loc,_Cham_Hindu_temple,_Nhon_Thanh_Vietnam_019_132544930.png",Weathered brick tower with a pointed arch entrance stands at the top of a stone staircase. The structure features vertical pilasters and is surrounded by dense green vegetation under a clear blue sky.
"/Users/jenfnguyen/Documents/Dev/KIS-AAI-DM-Master/data/caption_project/vietnam_architecture/0040423_Thap_Phu_Loc,_Cham_Hindu_temple,_Nhon_Thanh_Vietnam_027_132544928.png",Weathered brick tower with a pointed arched entrance stands on a grassy hill under a clear blue sky. The structure features vertical pilasters and vegetation growing from the damaged upper sections.
"/Users/jenfnguyen/Documents/Dev/KIS-AAI-DM-Master/data/caption_project/vietnam_architecture/0040423_Thap_Phu_Loc,_Cham_Hindu_temple,_Nhon_Thanh_Vietnam_065_132544932.png","Cham tower constructed from weathered red bricks stands on a grassy hill under a clear blue sky. The structure features tiered levels, vertical pilasters, and carved stone reliefs on its exterior walls."
"/Users/jenfnguyen/Documents/Dev/KIS-AAI-DM-Master/data/caption_project/vietnam_architecture/0040423_Thap_Phu_Loc,_Cham_Hindu_temple,_Nhon_Thanh_Vietnam_076_132544935.png","Tall pointed brick archway forming an entrance into a structure. The walls are constructed from weathered orange and brown bricks, showing signs of erosion and missing mortar on the exterior surface."
"/Users/jenfnguyen/Documents/Dev/KIS-AAI-DM-Master/data/caption_project/vietnam_architecture/004_Cổng_làng_Văn_Trì,_Hà_Nội_149568443.png","A traditional gate with a tiled roof spans a narrow alleyway between modern multi-story buildings. The yellow-painted structure features wooden beams and a central panel with an inscription, surrounded by urban clutter."
/Users/jenfnguyen/Documents/Dev/KIS-AAI-DM-Master/data/caption_project/vietnam_architecture/03-OPERA_HOUSE_12076789.png,Colonial building with yellow walls features a prominent portico supported by tall white columns. The structure has a wide stone staircase leading to the entrance and a metal awning over the side walkway.
/Users/jenfnguyen/Documents/Dev/KIS-AAI-DM-Master/data/caption_project/vietnam_architecture/03839-Hanoi_(32913932986)_111460255.png,"Wooden drum pavilion with a curved tiled roof stands in a courtyard. A large circular bronze drum is suspended inside the structure, while two people stand on a stone path nearby."
"/Users/jenfnguyen/Documents/Dev/KIS-AAI-DM-Master/data/caption_project/vietnam_architecture/04052023_Ponagar_Hindu_temples_complex,_Nha_Trang_Vietnam_-_115_130722377.png",Cham tower constructed from weathered orange bricks features a tiered roof and a stone doorway topped with a sculpted relief. A person in a red shirt stands inside the dark entrance.
"/Users/jenfnguyen/Documents/Dev/KIS-AAI-DM-Master/data/caption_project/vietnam_architecture/04052023_Ponagar_Hindu_temples_complex,_Nha_Trang_Vietnam_-_117_130722372.png",Brick tower entrance featuring a pointed archway with a stone relief carving of a dancing figure above the doorway. The structure is built from weathered reddish-brown bricks with stone pillars and lintels.
"/Users/jenfnguyen/Documents/Dev/KIS-AAI-DM-Master/data/caption_project/vietnam_architecture/04052023_Ponagar_Hindu_temples_complex,_Nha_Trang_Vietnam_-_150_130722365.png","Brick tower with a tiered, pyramidal roof and arched entrances stands against a clear blue sky. The structure features vertical pilasters and detailed masonry, surrounded by a paved courtyard with small potted plants."
"/Users/jenfnguyen/Documents/Dev/KIS-AAI-DM-Master/data/caption_project/vietnam_architecture/04052023_Ponagar_Hindu_temples_complex,_Nha_Trang_Vietnam_-_152_130722366.png","Brick tower with a tall, pointed, pyramid-shaped roof stands on a tiled courtyard. The structure features weathered orange masonry, decorative carved niches, and small potted palm trees placed at the base."
"/Users/jenfnguyen/Documents/Dev/KIS-AAI-DM-Master/data/caption_project/vietnam_architecture/04052023_Ponagar_Hindu_temples_complex,_Nha_Trang_Vietnam_-_155_130722363.png","Brick tower with a tall, pointed, pyramidal roof stands on a paved courtyard. The structure features weathered orange masonry, decorative stone carvings above the entrance, and small potted palm trees at its base."
"/Users/jenfnguyen/Documents/Dev/KIS-AAI-DM-Master/data/caption_project/vietnam_architecture/04052023_Ponagar_Hindu_temples_complex,_Nha_Trang_Vietnam_-_158_130722359.png","Brick tower with a square base and tiered roof structure stands on a paved courtyard. The weathered orange masonry features vertical pilasters and recessed panels, with small potted plants placed at the base."
"/Users/jenfnguyen/Documents/Dev/KIS-AAI-DM-Master/data/caption_project/vietnam_architecture/04052023_Ponagar_Hindu_temples_complex,_Nha_Trang_Vietnam_-_166_130722358.png",Cham tower constructed from weathered orange bricks featuring a tall pyramidal roof and a smaller vaulted entrance section. The structure stands on a paved courtyard with a small bonsai tree nearby.
"/Users/jenfnguyen/Documents/Dev/KIS-AAI-DM-Master/data/caption_project/vietnam_architecture/04052023_Ponagar_Hindu_temples_complex,_Nha_Trang_Vietnam_-_170_130722357.png",Cham tower constructed from weathered orange bricks features a tall pyramidal roof and a recessed entrance with stone pillars. The structure stands on a paved courtyard surrounded by trees under a clear blue sky.
"/Users/jenfnguyen/Documents/Dev/KIS-AAI-DM-Master/data/caption_project/vietnam_architecture/04052023_Ponagar_Hindu_temples_complex,_Nha_Trang_Vietnam_-_175_130722354.png",Brick tower temple featuring a tall pyramidal roof and weathered orange masonry walls. The structure displays intricate carvings and sits on a paved courtyard surrounded by green trees and potted bonsai plants.
"/Users/jenfnguyen/Documents/Dev/KIS-AAI-DM-Master/data/caption_project/vietnam_architecture/04052023_Ponagar_Hindu_temples_complex,_Nha_Trang_Vietnam_-_184_130722355.png","Brick tower structure with a weathered, textured surface and a saddle-shaped roof. The building stands on a paved terrace surrounded by trees and potted plants under a clear blue sky."
"/Users/jenfnguyen/Documents/Dev/KIS-AAI-DM-Master/data/caption_project/vietnam_architecture/04052023_Ponagar_Hindu_temples_complex,_Nha_Trang_Vietnam_-_214_130722350.png",Two brick towers with pyramidal roofs stand on a paved courtyard. The orange-brown structures feature carved details and are surrounded by potted bonsai trees and a stone incense burner under a clear sky.
"/Users/jenfnguyen/Documents/Dev/KIS-AAI-DM-Master/data/caption_project/vietnam_architecture/04052023_Ponagar_Hindu_temples_complex,_Nha_Trang_Vietnam_-_240_130722351.png","Multiple brick Cham towers with pyramidal roofs stand on a paved courtyard. The structures feature weathered orange-brown masonry, vertical pilasters, and tiered architectural details under a clear blue sky."
"/Users/jenfnguyen/Documents/Dev/KIS-AAI-DM-Master/data/caption_project/vietnam_architecture/04052023_Ponagar_Hindu_temples_complex,_Nha_Trang_Vietnam_-_262_130722345.png","Multiple octagonal brick pillars stand on a paved terrace in an outdoor setting. The weathered orange structures feature small rectangular openings, surrounded by green potted plants and trees under a clear blue sky."
"/Users/jenfnguyen/Documents/Dev/KIS-AAI-DM-Master/data/caption_project/vietnam_architecture/04052023_Ponagar_Hindu_temples_complex,_Nha_Trang_Vietnam_-_265_130722344.png","Brick temple structure with a tiered tower roof sits atop a stone staircase, framed by large cylindrical brick pillars in the foreground. An orange umbrella shades an incense burner on the paved courtyard."
"/Users/jenfnguyen/Documents/Dev/KIS-AAI-DM-Master/data/caption_project/vietnam_architecture/04052023_Ponagar_Hindu_temples_complex,_Nha_Trang_Vietnam_-_274_130722343.png",Brick temple tower with a tiered roof and intricate carvings stands at the top of a wide stone staircase. An orange umbrella and a small altar are positioned in the foreground.
"/Users/jenfnguyen/Documents/Dev/KIS-AAI-DM-Master/data/caption_project/vietnam_architecture/04052023_Ponagar_Hindu_temples_complex,_Nha_Trang_Vietnam_-_27_130722386.png","Multiple brick towers with pyramid-shaped roofs stand on a paved courtyard. The structures feature weathered orange-brown masonry, intricate carvings, and pointed tops, surrounded by green trees under a clear blue sky."
"/Users/jenfnguyen/Documents/Dev/KIS-AAI-DM-Master/data/caption_project/vietnam_architecture/04052023_Ponagar_Hindu_temples_complex,_Nha_Trang_Vietnam_-_2_130722391.png","Brick temple complex featuring a tall, tiered tower with intricate carvings. Stone stairs lead up to the entrance, flanked by two seated stone statues on pedestals amidst green trees and grass."
"/Users/jenfnguyen/Documents/Dev/KIS-AAI-DM-Master/data/caption_project/vietnam_architecture/04052023_Ponagar_Hindu_temples_complex,_Nha_Trang_Vietnam_-_5_130722385.png","Multiple octagonal brick pillars stand in an open area, surrounded by potted plants and trees. A stone marker with an inscription sits in the foreground on a paved stone path."
"/Users/jenfnguyen/Documents/Dev/KIS-AAI-DM-Master/data/caption_project/vietnam_architecture/04052023_Ponagar_Hindu_temples_complex,_Nha_Trang_Vietnam_-_88_130722381.png","Brick tower with a tiered, pointed roof stands on a paved courtyard. The structure features intricate carvings, arched doorways, and weathered orange masonry, surrounded by green trees and a stone stele."
"/Users/jenfnguyen/Documents/Dev/KIS-AAI-DM-Master/data/caption_project/vietnam_architecture/04052023_Ponagar_Hindu_temples_complex,_Nha_Trang_Vietnam_-_98_130722376.png",Cham tower constructed from weathered orange bricks featuring a stepped pyramidal roof and vertical pilasters. The structure stands on a paved courtyard with small potted plants placed at the base.
/Users/jenfnguyen/Documents/Dev/KIS-AAI-DM-Master/data/caption_project/vietnam_architecture/04092-Hanoi_(32356559785)_111460983.png,"Modern government building featuring a symmetrical facade with vertical stone fins, glass windows, and a central emblem. A flat canopy covers the entrance, while metal barriers line the street in the foreground."
/Users/jenfnguyen/Documents/Dev/KIS-AAI-DM-Master/data/caption_project/vietnam_architecture/04142-Hanoi_(32317496486)_111460993.png,"Large grey stone mausoleum featuring a rectangular tiered structure with vertical pillars. The building is surrounded by manicured gardens with palm trees, yellow flowers, and paved walkways where people are walking."
/Users/jenfnguyen/Documents/Dev/KIS-AAI-DM-Master/data/caption_project/vietnam_architecture/04254-Hanoi_(31979406784)_111460533.png,"Pagoda gate with a yellow facade and a tiered roof featuring decorative ridge ornaments. The structure has three arched entrances, stone pillars with Chinese characters, and a large yellow banner hanging across the front."
/Users/jenfnguyen/Documents/Dev/KIS-AAI-DM-Master/data/caption_project/vietnam_architecture/04269-Hanoi_(32007894323)_111460526.png,"Two square brick stupas with tiered roofs stand on a paved courtyard. The left stupa is grey with Chinese characters, while the right one is red brick, both surrounded by trees."
/Users/jenfnguyen/Documents/Dev/KIS-AAI-DM-Master/data/caption_project/vietnam_architecture/04274-Hanoi_(32822196565)_111460532.png,"One-pillar pagoda featuring a dark wooden structure with a curved tiled roof, supported by a single concrete pillar rising from a small pond. A stone staircase leads to the elevated wooden platform."
/Users/jenfnguyen/Documents/Dev/KIS-AAI-DM-Master/data/caption_project/vietnam_architecture/04309-Hanoi_(32317550906)_111460975.png,"Mausoleum structure featuring a flat roof and grey stone facade with vertical columns. Two guards stand at the central entrance, flanked by rows of floral wreaths on a paved plaza."
/Users/jenfnguyen/Documents/Dev/KIS-AAI-DM-Master/data/caption_project/vietnam_architecture/04310-Hanoi_(32206496412)_111460969.png,"Large wooden double doors are set into a grey granite wall, flanked by two guards in white uniforms. Four circular floral wreaths are placed on the stone steps in front of the building entrance."
/Users/jenfnguyen/Documents/Dev/KIS-AAI-DM-Master/data/caption_project/vietnam_architecture/04322-Hanoi_(32206501532)_111460964.png,Large grey stone mausoleum with a flat roof and square pillars stands in the center of a wide paved plaza. The structure features an inscription at the top and is surrounded by manicured potted trees.
/Users/jenfnguyen/Documents/Dev/KIS-AAI-DM-Master/data/caption_project/vietnam_architecture/04499-Hanoi_(32139779823)_111460292.png,"Small pavilion with a tiled hip roof and curved eaves sits on a stone platform by the water. Two tall flagpoles stand in front, surrounded by trees and urban buildings in the background."
"/Users/jenfnguyen/Documents/Dev/KIS-AAI-DM-Master/data/caption_project/vietnam_architecture/1._Thảo_cầm_viên_Sài_Gòn,_khoảng_hồ_có_phun_nước_89239794.png","A pond with a central water fountain is surrounded by green grass, trees, and flower beds. In the background, a portion of a building with a brown tiled roof is partially visible."
/Users/jenfnguyen/Documents/Dev/KIS-AAI-DM-Master/data/caption_project/vietnam_architecture/13_phot._et_2_dessins_donnés_en_1983_par_Mme_Francine_Garnier_et_provenant_des_archives_de_Léon_Garnier-_portraits_de_Lé_154340133.png,Bronze statue of a man in military uniform standing on a stone pedestal in a park. Several children are sitting or standing at the base of the monument surrounded by trees.
/Users/jenfnguyen/Documents/Dev/KIS-AAI-DM-Master/data/caption_project/vietnam_architecture/13_phot._et_2_dessins_donnés_en_1983_par_Mme_Francine_Garnier_et_provenant_des_archives_de_Léon_Garnier-_portraits_de_Lé_154340143.png,"Bronze statue of a standing man in military uniform atop a stone pedestal located in a public park. The scene includes wooden benches, trees, and a horse-drawn carriage in the background."
/Users/jenfnguyen/Documents/Dev/KIS-AAI-DM-Master/data/caption_project/vietnam_architecture/13_phot._et_2_dessins_donnés_en_1983_par_Mme_Francine_Garnier_et_provenant_des_archives_de_Léon_Garnier-_portraits_de_Lé_154340172.png,"Bronze statue of a man in uniform stands on a stone pedestal in a park, with a multi-story colonial building in the background. Bare trees and snow cover the ground surrounding the monument."
/Users/jenfnguyen/Documents/Dev/KIS-AAI-DM-Master/data/caption_project/vietnam_architecture/16th_century_stone_angel_in_Phat_Diem_cathedral_6805626.png,"Stone relief carving depicting a human figure wearing a crown, set against a background of stylized cloud patterns. The dark, polished stone figure is framed by lighter, textured stone carvings."
/Users/jenfnguyen/Documents/Dev/KIS-AAI-DM-Master/data/caption_project/vietnam_architecture/1891_Stone_stele_in_a_Vietnamese_communal_hall_27129784.png,Stone stele featuring vertical columns of carved Chinese characters set against a plain yellow wall. The rectangular slab has a raised border and sits in an indoor setting.
/Users/jenfnguyen/Documents/Dev/KIS-AAI-DM-Master/data/caption_project/vietnam_architecture/1_Phu_Quoc_beach_Saigon_Phu_Quoc_Resort_and_Spa_178380668.png,"Resort buildings with tiled roofs and wooden walls are situated along a sandy beach. A tiled walkway separates the grassy lawn from the shore, which features several thatched-roof structures and palm trees."
/Users/jenfnguyen/Documents/Dev/KIS-AAI-DM-Master/data/caption_project/vietnam_architecture/1_copy_resize_7636391.png,"Black and white ink drawing depicting a colonial building with a gabled roof, arched windows, and a central clock on the facade. A low gate and fence are visible in the foreground."
/Users/jenfnguyen/Documents/Dev/KIS-AAI-DM-Master/data/caption_project/vietnam_architecture/20-Ngói_đầu_đao_23945439.png,"Curved terracotta roof tile fragment featuring a pointed tip and an incised cloud motif. The reddish-brown ceramic piece shows signs of wear and age, isolated against a dark gradient background."
/Users/jenfnguyen/Documents/Dev/KIS-AAI-DM-Master/data/caption_project/vietnam_architecture/2008-01-27_Thap-Ba_Nha-Trang_3543137.png,"Brick temple structure with a tiered, pyramidal roof sits atop a green hill overlooking a river. Large, light-colored letters spelling out the name of the site are mounted on the hillside."
"/Users/jenfnguyen/Documents/Dev/KIS-AAI-DM-Master/data/caption_project/vietnam_architecture/2012.01.25_Hanoi,_Ho_Chi_Minh-Mausoleum_18703481.png","Large stone mausoleum with a flat roof and rectangular columns, featuring the inscription ""CHỦ TỊCH HỒ-CHÍ-MINH"" on the facade. The structure is surrounded by potted yellow flowers and guards in white uniforms."
/Users/jenfnguyen/Documents/Dev/KIS-AAI-DM-Master/data/caption_project/vietnam_architecture/2012_Ho_Chi_Minh_Mausoleum_31409444.png,"Large stone mausoleum featuring a rectangular structure with multiple square columns and a flat roof. The exterior is constructed from grey and reddish stone, with a sign inscribed in dark letters."
"/Users/jenfnguyen/Documents/Dev/KIS-AAI-DM-Master/data/caption_project/vietnam_architecture/2013-07-15_Minh_Toan_Hotel_Hanoi,Vietnam_DSCF8673_46951013.png","Staircase with pink marble steps and a stainless steel railing descends into a central void. The interior features white walls, a small square window with a metal grille, and a wall-mounted light fixture."
"/Users/jenfnguyen/Documents/Dev/KIS-AAI-DM-Master/data/caption_project/vietnam_architecture/2013-07-15_Minh_Toan_Hotel_Hanoi,Vietnam_DSCF8675_46951012.png",Interior space featuring a small indoor water feature with natural rocks placed under a curved staircase. The staircase has stainless steel railings and is situated next to a wall with textured stone tiles.
"/Users/jenfnguyen/Documents/Dev/KIS-AAI-DM-Master/data/caption_project/vietnam_architecture/2013-07-16_Hue_Railway_Station,North–South_Railway_(Vietnam)_DSCF9857_58443934.png",A railway station platform with metal tracks and a green passenger train carriage. A worker in a yellow hard hat and blue uniform walks near a woman carrying a child.
"/Users/jenfnguyen/Documents/Dev/KIS-AAI-DM-Master/data/caption_project/vietnam_architecture/2013-07-16_Hue_Railway_Station,North–South_Railway_(Vietnam)_DSCF9858_58443933.png","A small roadside stall constructed with a metal frame and shelves displays a large variety of packaged food, snacks, and bottled drinks. Two red decorative fans are placed on the top shelf."
"/Users/jenfnguyen/Documents/Dev/KIS-AAI-DM-Master/data/caption_project/vietnam_architecture/2013-07-16_Hue_Railway_Station,North–South_Railway_(Vietnam)_DSCF9861_58443936.png","Colonial building painted pink with a long covered walkway supported by grey cylindrical columns runs parallel to a railway track. People walk along the platform, which features various small stalls and goods."
/Users/jenfnguyen/Documents/Dev/KIS-AAI-DM-Master/data/caption_project/vietnam_architecture/2013-07-18_My_An_Onsen_Resort_ミーアン温泉_DSCF1138_107169889.png,"Curved swimming pool surrounded by stone paving and trees, featuring several conical thatched-roof umbrellas and a rustic wooden bench in the foreground. A small white stone lantern stands on the left."
/Users/jenfnguyen/Documents/Dev/KIS-AAI-DM-Master/data/caption_project/vietnam_architecture/2013-07-18_My_An_Onsen_Resort_ミーアン温泉_DSCF1140_107169888.png,"Entrance of a spa building with a white wall, a wooden sign above the door, and a large information board on the right. A tiled roof overhangs the entrance area."
/Users/jenfnguyen/Documents/Dev/KIS-AAI-DM-Master/data/caption_project/vietnam_architecture/2013-07-18_My_An_Onsen_Resort_ミーアン温泉_DSCF1141_107169890.png,"Swimming pool area surrounded by yellow buildings with brown tiled roofs. A translucent blue arched canopy covers part of the pool, while lounge chairs are placed on the tiled patio."
/Users/jenfnguyen/Documents/Dev/KIS-AAI-DM-Master/data/caption_project/vietnam_architecture/2013-07-18_My_An_Onsen_Resort_ミーアン温泉_DSCF1144_107169894.png,Swimming pool with light green water surrounded by several small thatched-roof structures supported by wooden poles. Trees and foliage are visible in the background under a clear blue sky.
/Users/jenfnguyen/Documents/Dev/KIS-AAI-DM-Master/data/caption_project/vietnam_architecture/2013-07-18_My_An_Onsen_Resort_ミーアン温泉_DSCF1145_107169891.png,"A swimming pool with light green water features several thatched-roof umbrellas supported by wooden posts. In the background, a low-rise building with a tiled roof is surrounded by trees and foliage."
/Users/jenfnguyen/Documents/Dev/KIS-AAI-DM-Master/data/caption_project/vietnam_architecture/2013-07-18_My_An_Onsen_Resort_ミーアン温泉_DSCF1147_107169896.png,"A swimming pool with light-colored water is surrounded by several circular thatched-roof huts supported by dark wooden pillars. The area includes trees and paved walkways, with people visible in the water."
/Users/jenfnguyen/Documents/Dev/KIS-AAI-DM-Master/data/caption_project/vietnam_architecture/2013-07-18_My_An_Onsen_Resort_ミーアン温泉_DSCF1148_107169897.png,"Swimming pool area featuring multiple thatched-roof huts supported by dark wooden posts. The surrounding patio is paved with irregular stone slabs, and a large potted bonsai tree sits in the foreground."
/Users/jenfnguyen/Documents/Dev/KIS-AAI-DM-Master/data/caption_project/vietnam_architecture/2013-07-18_My_An_Onsen_Resort_ミーアン温泉_DSCF1152_107169898.png,"Swimming pool area featuring several circular thatched-roof structures supported by wooden posts. The pool has light green water, tiled edges, and wooden lounge chairs placed around the perimeter in an outdoor setting."
/Users/jenfnguyen/Documents/Dev/KIS-AAI-DM-Master/data/caption_project/vietnam_architecture/2013-07-18_My_An_Onsen_Resort_ミーアン温泉_DSCF1159_107169899.png,Several circular thatched-roof umbrellas provide shade over a swimming pool with light green water. Metal lounge chairs are positioned on a stone-paved deck surrounded by trees and foliage.
/Users/jenfnguyen/Documents/Dev/KIS-AAI-DM-Master/data/caption_project/vietnam_architecture/2013-07-18_My_An_Onsen_Resort_ミーアン温泉_DSCF1164_107169903.png,"Swimming pool area featuring thatched-roof umbrellas supported by wooden posts, surrounded by stone-paved walkways and lounge chairs. The pool has light-colored water and is situated within a garden setting with trees."
/Users/jenfnguyen/Documents/Dev/KIS-AAI-DM-Master/data/caption_project/vietnam_architecture/2013-07-18_My_An_Onsen_Resort_ミーアン温泉_DSCF1170_107169919.png,A swimming pool area features tiled edges and metal lounge chairs placed on a stone patio. A blue sign with white text is visible in the background near green trees.
/Users/jenfnguyen/Documents/Dev/KIS-AAI-DM-Master/data/caption_project/vietnam_architecture/2013-07-18_My_An_Onsen_Resort_ミーアン温泉_DSCF1174_107169923.png,"A menu board stands on a stone-paved patio next to a swimming pool. Several thatched-roof umbrellas provide shade for metal lounge chairs, with green trees visible in the background."
/Users/jenfnguyen/Documents/Dev/KIS-AAI-DM-Master/data/caption_project/vietnam_architecture/2013-07-18_My_An_Onsen_Resort_ミーアン温泉_DSCF1180_107169924.png,"Swimming pool area with tiled edges, wooden lounge chairs, and a small stone lantern structure. People are sitting near the water's edge surrounded by green trees and foliage in an outdoor setting."
/Users/jenfnguyen/Documents/Dev/KIS-AAI-DM-Master/data/caption_project/vietnam_architecture/2013-07-18_My_An_Onsen_Resort_ミーアン温泉_DSCF1185_107169925.png,Curved swimming pool with light blue tiles surrounded by stone paving and several thatched-roof umbrellas. A single-story building with a red tiled roof is visible in the background among green trees.
/Users/jenfnguyen/Documents/Dev/KIS-AAI-DM-Master/data/caption_project/vietnam_architecture/2013-07-18_My_An_Onsen_Resort_ミーアン温泉_DSCF1212_107169931.png,A curved swimming pool with light blue tiles is surrounded by a brick border and thatched-roof umbrellas. The pool area is situated in a garden setting with trees and small stone lanterns.
/Users/jenfnguyen/Documents/Dev/KIS-AAI-DM-Master/data/caption_project/vietnam_architecture/2013-07-18_My_An_Onsen_Resort_ミーアン温泉_DSCF1220_107169932.png,"A swimming pool with light blue water is surrounded by a stone-paved patio, several thatched-roof umbrellas, and lounge chairs. Trees and flowering bushes frame the area under a bright, clear sky."
/Users/jenfnguyen/Documents/Dev/KIS-AAI-DM-Master/data/caption_project/vietnam_architecture/2013-07-18_My_An_Onsen_Resort_ミーアン温泉_DSCF1235_107169938.png,"A swimming pool with curved tiled edges is surrounded by stone paving, wooden lounge chairs, and thatched-roof umbrellas. A small building with a tiled roof is visible in the background."
/Users/jenfnguyen/Documents/Dev/KIS-AAI-DM-Master/data/caption_project/vietnam_architecture/2013-07-18_My_An_Onsen_Resort_ミーアン温泉_DSCF1252_107169946.png,"A man stands in a swimming pool with light blue water, surrounded by several conical thatched-roof umbrellas made of dried palm leaves. Trees and small stone lanterns are visible in the background."
/Users/jenfnguyen/Documents/Dev/KIS-AAI-DM-Master/data/caption_project/vietnam_architecture/2013-07-18_My_An_Onsen_Resort_ミーアン温泉_DSCF1268_107169950.png,"A large rectangular information sign is mounted on a plain white wall next to a doorway. A round analog clock is positioned above the sign, and a small potted plant sits below."
/Users/jenfnguyen/Documents/Dev/KIS-AAI-DM-Master/data/caption_project/vietnam_architecture/2013-07-18_My_An_Onsen_Resort_ミーアン温泉_DSCF1271_107169952.png,"A person swims in a curved outdoor pool next to a one-story house with yellow walls, a tiled roof, and a blue translucent awning. The pool deck is paved with light-colored tiles."
/Users/jenfnguyen/Documents/Dev/KIS-AAI-DM-Master/data/caption_project/vietnam_architecture/2013-07-18_My_An_Onsen_Resort_ミーアン温泉_DSCF1275_107169955.png,A swimming pool with a curved edge is surrounded by a single-story U-shaped house with red tiled roofs and yellow walls. A blue translucent canopy covers part of the pool area.
/Users/jenfnguyen/Documents/Dev/KIS-AAI-DM-Master/data/caption_project/vietnam_architecture/2013-07-18_My_An_Onsen_Resort_ミーアン温泉_DSCF1287_107169960.png,Three small circular structures with thatched conical roofs stand beside a light blue swimming pool. The structures feature wooden supports and are surrounded by trees and foliage in an outdoor setting.
/Users/jenfnguyen/Documents/Dev/KIS-AAI-DM-Master/data/caption_project/vietnam_architecture/2013-10-18-IMG_0483_(16119400448)_87380309.png,Courtyard of a temple featuring red-painted wooden pillars and tiled roofs with curved eaves. Several bonsai trees in stone pots are arranged along the stone-paved walkway between the building wings.
/Users/jenfnguyen/Documents/Dev/KIS-AAI-DM-Master/data/caption_project/vietnam_architecture/2017_11_19_102230_Vietnam_SaPa_Museum_SaPa_chuch_1986_65362452.png,"Church building featuring a tall bell tower with a cross on top, situated in a mountainous landscape with tall trees. The structure has arched doorways and windows, surrounded by dense vegetation."
/Users/jenfnguyen/Documents/Dev/KIS-AAI-DM-Master/data/caption_project/vietnam_architecture/20190923_Thien_Hau_Temple_temple_roof-1_124575618.png,"A detailed roof ridge of a temple features intricate ceramic figurines depicting figures in traditional attire. Below, a frieze displays relief carvings of birds and floral motifs against a weathered surface."
/Users/jenfnguyen/Documents/Dev/KIS-AAI-DM-Master/data/caption_project/vietnam_architecture/2023-12-10_Stupa_of_Bodhisattva_Thích_Quảng_Đức_(Bảo_tháp_Thích_Quảng_Đức)_01_142882850.png,"Octagonal stone stupa featuring a central relief sculpture, topped with a tiered roof and decorative finials. The structure is flanked by yellow pillars with Chinese characters, situated in an urban area."
/Users/jenfnguyen/Documents/Dev/KIS-AAI-DM-Master/data/caption_project/vietnam_architecture/2023-12-10_Stupa_of_Bodhisattva_Thích_Quảng_Đức_(Bảo_tháp_Thích_Quảng_Đức)_02_142882848.png,Hexagonal stone pagoda structure featuring a white relief sculpture of a seated monk framed by floral carvings. The structure is topped with green roof tiles and sits near a yellow pillar with red text.
/Users/jenfnguyen/Documents/Dev/KIS-AAI-DM-Master/data/caption_project/vietnam_architecture/2023-12-10_Stupa_of_Bodhisattva_Thích_Quảng_Đức_(Bảo_tháp_Thích_Quảng_Đức)_04_142882861.png,Stone monument base featuring a white relief carving of a seated figure and a metal plaque with an inscription. The structure sits near a yellow gate on a paved street with traffic.
/Users/jenfnguyen/Documents/Dev/KIS-AAI-DM-Master/data/caption_project/vietnam_architecture/2023-12-10_Stupa_of_Bodhisattva_Thích_Quảng_Đức_(Bảo_tháp_Thích_Quảng_Đức)_05_142882853.png,"Hexagonal stone tomb structure featuring a tiered roof with decorative elements and a central relief carving. Yellow pillars with Chinese characters flank the entrance, while a person in brown robes stands praying nearby."
/Users/jenfnguyen/Documents/Dev/KIS-AAI-DM-Master/data/caption_project/vietnam_architecture/20231004_Mausoleum_of_Triệu_Mạt_177309945.png,Archaeological excavation site featuring exposed earth and stone foundations enclosed within a modern glass and steel structure. Visitors walk along a raised metal platform overlooking the dug-out terrain and plastic containers.
/Users/jenfnguyen/Documents/Dev/KIS-AAI-DM-Master/data/caption_project/vietnam_architecture/20231004_Outside_of_the_mausoleum_of_Triệu_Mạt_169406359.png,Modern building with a triangular roof and dark glass walls stands at the end of a stone path. The structure is surrounded by green hedges and manicured lawns under a cloudy sky.
/Users/jenfnguyen/Documents/Dev/KIS-AAI-DM-Master/data/caption_project/vietnam_architecture/20231004_Site_of_the_Nam_Việt_palace_177309933.png,"Archaeological excavation site featuring stone foundations, curved retaining walls, and upright stone slabs. The ground is covered with dirt, scattered rocks, and sections of paved stone flooring within a sunken area."
/Users/jenfnguyen/Documents/Dev/KIS-AAI-DM-Master/data/caption_project/vietnam_architecture/2024_-_Phu_Dien_Tower_(Tháp_Phú_Diên)_-_img_02_151093111.png,"A weathered brick structure is enclosed within a modern metal and blue translucent plastic frame. A small, separate brick pedestal with incense sticks stands in the foreground on a gravel ground."
/Users/jenfnguyen/Documents/Dev/KIS-AAI-DM-Master/data/caption_project/vietnam_architecture/2024_-_Phu_Dien_Tower_(Tháp_Phú_Diên)_-_img_03_151093112.png,Brick temple structure enclosed within a modern metal and blue translucent glass frame. The structure features a pointed arch entrance and is situated in an open area surrounded by trees.
/Users/jenfnguyen/Documents/Dev/KIS-AAI-DM-Master/data/caption_project/vietnam_architecture/2024_-_Phu_Dien_Tower_(Tháp_Phú_Diên)_-_img_04_151093114.png,"A small square brick structure sits on a gravel ground, featuring tiered levels and weathered surfaces. In the background, a stone and brick retaining wall borders a grassy area enclosed by a dark fence."
/Users/jenfnguyen/Documents/Dev/KIS-AAI-DM-Master/data/caption_project/vietnam_architecture/2024_-_Phu_Dien_Tower_(Tháp_Phú_Diên)_-_img_06_151093113.png,"Brick temple structure with tiered walls and a stepped base, enclosed within a modern metal and blue-tinted glass protective shelter. The exterior walls feature vertical pilasters and horizontal moldings."
/Users/jenfnguyen/Documents/Dev/KIS-AAI-DM-Master/data/caption_project/vietnam_architecture/2024_-_Phu_Dien_Tower_(Tháp_Phú_Diên)_-_img_07_151093117.png,Red brick temple structure with tiered base and vertical pilasters is enclosed within a modern protective glass and metal frame shelter. The structure is viewed through the transparent glass panels.
/Users/jenfnguyen/Documents/Dev/KIS-AAI-DM-Master/data/caption_project/vietnam_architecture/2024_-_Phu_Dien_Tower_(Tháp_Phú_Diên)_-_img_08_151093118.png,Brick temple structure with weathered walls and carved details enclosed within a modern metal frame building featuring blue tinted glass panels and an arched roof section.
/Users/jenfnguyen/Documents/Dev/KIS-AAI-DM-Master/data/caption_project/vietnam_architecture/2024_-_Phu_Dien_Tower_(Tháp_Phú_Diên)_-_img_10_151093121.png,Weathered brick wall of a structure featuring a recessed niche flanked by two protruding pilasters. The brown masonry shows signs of erosion and is sheltered by a modern metal roof structure overhead.
/Users/jenfnguyen/Documents/Dev/KIS-AAI-DM-Master/data/caption_project/vietnam_architecture/2024_-_Phu_Dien_Tower_(Tháp_Phú_Diên)_-_img_12_151093124.png,"Stone staircase with brick railings leads upward through a dense forest. The structure features a low stone retaining wall at the base, with weathered red bricks and grey stones visible."
/Users/jenfnguyen/Documents/Dev/KIS-AAI-DM-Master/data/caption_project/vietnam_architecture/2024_-_Phu_Dien_Tower_(Tháp_Phú_Diên)_-_img_13_151093127.png,Ruined brick structure featuring a pointed corbelled archway leading to an interior space with a stone altar. The weathered red brick walls are partially covered by a modern glass roof structure.
/Users/jenfnguyen/Documents/Dev/KIS-AAI-DM-Master/data/caption_project/vietnam_architecture/2024_-_Phu_Dien_Tower_(Tháp_Phú_Diên)_-_img_14_151093126.png,"A weathered brick pedestal stands in an open area, surrounded by a low metal fence. A modern blue-framed glass structure is visible to the right, with trees in the background."
/Users/jenfnguyen/Documents/Dev/KIS-AAI-DM-Master/data/caption_project/vietnam_architecture/2024_-_Phu_Dien_Tower_(Tháp_Phú_Diên)_-_img_15_151093128.png,"A brick temple structure is enclosed within a modern, arched protective shelter made of blue-tinted glass panels and a metal frame. The building is situated in a clearing surrounded by trees."
/Users/jenfnguyen/Documents/Dev/KIS-AAI-DM-Master/data/caption_project/vietnam_architecture/2024_-_Phu_Dien_Tower_(Tháp_Phú_Diên)_-_img_17_151093131.png,"Rectangular foundation of a structure marked by exposed red bricks on the ground, enclosed by a low black metal fence. A stone retaining wall and trees are visible in the background."
/Users/jenfnguyen/Documents/Dev/KIS-AAI-DM-Master/data/caption_project/vietnam_architecture/2024_-_Phu_Dien_Tower_(Tháp_Phú_Diên)_-_img_18_151093130.png,"A modern glass and metal structure with an arched roof protects an older brick tomb. The building is situated in a wooded area, accessed by a set of brick stairs in the foreground."
/Users/jenfnguyen/Documents/Dev/KIS-AAI-DM-Master/data/caption_project/vietnam_architecture/2024_-_Phu_Dien_Tower_(Tháp_Phú_Diên)_-_img_20_151093133.png,A stone monument with a pointed arch top made of red bricks stands on a rectangular grey stone base. A black plaque with white text is embedded in the center of the structure.
/Users/jenfnguyen/Documents/Dev/KIS-AAI-DM-Master/data/caption_project/vietnam_architecture/2024_-_Phu_Dien_Tower_(Tháp_Phú_Diên)_-_img_22_151093134.png,"Sandy ground with sparse grass and pine trees leads to a beach and the ocean. A small sign stands near the shoreline, with no buildings or architectural structures visible in the scene."
"/Users/jenfnguyen/Documents/Dev/KIS-AAI-DM-Master/data/caption_project/vietnam_architecture/2025-02-08_Thủy_Vỹ_Garden,_Lào_Cai_City_160961588.png","A blue sign reading VƯỜN THỦY VỸ THÀNH PHỐ LÀO CAI stands in a public park area with palm trees, manicured shrubs, and several parked motorcycles on a tiled ground surface."
"/Users/jenfnguyen/Documents/Dev/KIS-AAI-DM-Master/data/caption_project/vietnam_architecture/2025-02-08_Upper_Temple,_Lao_Cai_老街聖陳祠_02_160901565.png","Stone gate with tiered roofs and carved pillars stands at the entrance to a site. People walk on the stone steps leading through the gate, surrounded by trees and outdoor stalls."
"/Users/jenfnguyen/Documents/Dev/KIS-AAI-DM-Master/data/caption_project/vietnam_architecture/2025-02-08_Upper_Temple,_Lao_Cai_老街聖陳祠_03_160901563.png","Stone ceremonial gate with curved roof edges and carved pillars stands at the entrance of a path. People walk through the gateway, which features Chinese characters inscribed on the central stone lintel."
"/Users/jenfnguyen/Documents/Dev/KIS-AAI-DM-Master/data/caption_project/vietnam_architecture/2025-02-08_Upper_Temple,_Lao_Cai_老街聖陳祠_04_160901576.png","Stone gate with curved roof edges and Chinese characters inscribed on the pillars stands at the entrance to a path. People walk through the gateway, surrounded by trees and temporary stalls."
"/Users/jenfnguyen/Documents/Dev/KIS-AAI-DM-Master/data/caption_project/vietnam_architecture/2025-02-08_Upper_Temple,_Lao_Cai_老街聖陳祠_05_160901577.png","Stone gate with curved roof tiles and decorative finials stands at the entrance of a complex. The grey pillars are inscribed with Chinese characters, and people are gathered in the surrounding courtyard area."
"/Users/jenfnguyen/Documents/Dev/KIS-AAI-DM-Master/data/caption_project/vietnam_architecture/2025-02-08_Upper_Temple,_Lao_Cai_老街聖陳祠_10_160901607.png",Gate structure with a curved tiled roof and wooden double doors. The entrance features grey pillars with black Chinese characters and a horizontal wooden plaque with gold lettering above the doorway.
"/Users/jenfnguyen/Documents/Dev/KIS-AAI-DM-Master/data/caption_project/vietnam_architecture/2025-02-08_Upper_Temple,_Lao_Cai_老街聖陳祠_19_160901637.png","Stone gate with multiple tiled roofs stands at the top of a wide stone staircase. People walk up the path surrounded by trees, stone walls, and blue umbrellas in a park setting."
"/Users/jenfnguyen/Documents/Dev/KIS-AAI-DM-Master/data/caption_project/vietnam_architecture/2025-02-08_Upper_Temple,_Lao_Cai_老街聖陳祠_20_160901638.png","Stone gate with multiple tiered roofs and carved pillars stands in a public area. People walk through the entrance, surrounded by trees, colorful umbrellas, and small stalls selling goods."
"/Users/jenfnguyen/Documents/Dev/KIS-AAI-DM-Master/data/caption_project/vietnam_architecture/2025-02-08_Upper_Temple,_Lao_Cai_老街聖陳祠_21_160901639.png","Stone gate with three arched openings and curved tiled roofs stands at an entrance. The grey stone pillars are decorated with vertical Chinese character inscriptions, while people walk through the gate."
"/Users/jenfnguyen/Documents/Dev/KIS-AAI-DM-Master/data/caption_project/vietnam_architecture/2025-02-09_Cấm_Temple_(Đền_Cấm),_Lào_Cai_City,_Vietnam_老街禁祠_01_160967033.png","Gate structure featuring a curved tiled roof with wooden beams, white plastered pillars, and red accents. A decorative wooden panel with carved Chinese characters is positioned above the central opening, flanked by red lanterns."
"/Users/jenfnguyen/Documents/Dev/KIS-AAI-DM-Master/data/caption_project/vietnam_architecture/2025-02-09_Cấm_Temple_(Đền_Cấm),_Lào_Cai_City,_Vietnam_老街禁祠_02_160967032.png","Entrance gate with a dark tiled roof and white pillars featuring red accents. A decorative panel with Chinese characters is mounted above the opening, which leads to a courtyard with a white canopy."
"/Users/jenfnguyen/Documents/Dev/KIS-AAI-DM-Master/data/caption_project/vietnam_architecture/2025-02-09_Cấm_Temple_(Đền_Cấm),_Lào_Cai_City,_Vietnam_老街禁祠_05_160967041.png","Temple gate with a curved tiled roof and red-painted details, featuring white pillars and a stone stele in the foreground. The structure is surrounded by trees and a white perimeter wall."
"/Users/jenfnguyen/Documents/Dev/KIS-AAI-DM-Master/data/caption_project/vietnam_architecture/2025-02-09_Cấm_Temple_(Đền_Cấm),_Lào_Cai_City,_Vietnam_老街禁祠_17_160967075.png","Open-air pavilion with a curved tiled roof and wooden pillars, featuring a red sign with gold text. A red-covered table with offerings sits in front, surrounded by trees and stone elephant statues."
"/Users/jenfnguyen/Documents/Dev/KIS-AAI-DM-Master/data/caption_project/vietnam_architecture/2025-02-09_Cấm_Temple_(Đền_Cấm),_Lào_Cai_City,_Vietnam_老街禁祠_21_160983355.png","A two-story wooden structure with curved tiled roofs stands in a garden setting. The area features a stone monument, red lanterns hanging from bare trees, and a low white perimeter wall."
"/Users/jenfnguyen/Documents/Dev/KIS-AAI-DM-Master/data/caption_project/vietnam_architecture/2025-02-09_Quan_Temple,_Lao_Cai_City_(Đền_Quan_Lào_Cai)_03_160984189.png","Red metal gate structure with a tiled roof, featuring gold lettering and vertical Chinese characters on the pillars. The gate serves as an entrance to a paved area with trees and parked cars."
"/Users/jenfnguyen/Documents/Dev/KIS-AAI-DM-Master/data/caption_project/vietnam_architecture/2025-02-09_Quan_Temple,_Lao_Cai_City_(Đền_Quan_Lào_Cai)_04_160984204.png","Temple gate featuring a curved tiled roof with dark wooden beams, white pillars, and a central dark red wooden door. A gold-painted horizontal plaque with black Chinese characters is mounted above the entrance."
"/Users/jenfnguyen/Documents/Dev/KIS-AAI-DM-Master/data/caption_project/vietnam_architecture/2025-02-09_Quan_Temple,_Lao_Cai_City_(Đền_Quan_Lào_Cai)_05_160984206.png","Gate of a temple featuring a curved tiled roof, white pillars, and dark wooden doors. Two stone elephant statues flank the entrance, and colorful flags are visible on both sides of the structure."
"/Users/jenfnguyen/Documents/Dev/KIS-AAI-DM-Master/data/caption_project/vietnam_architecture/2025-02-09_Quan_Temple,_Lao_Cai_City_(Đền_Quan_Lào_Cai)_06_160984207.png","Pagoda courtyard framed by a white arched doorway, featuring traditional wooden buildings with curved orange tiled roofs. Several yellow horse statues stand on the tiled ground near a stone pillar and potted plants."
/Users/jenfnguyen/Documents/Dev/KIS-AAI-DM-Master/data/caption_project/vietnam_architecture/20250222_Site_of_Nanyue_Kingdom_Palace_01_160970279.png,"Archaeological excavation site featuring stone walls, upright stone slabs, and stone-paved ground. The area is protected by a modern metal support structure with pillars rising from the surrounding dirt floor."
/Users/jenfnguyen/Documents/Dev/KIS-AAI-DM-Master/data/caption_project/vietnam_architecture/20250222_Site_of_Nanyue_Kingdom_Palace_02_160970280.png,"A white rectangular plaque with green Chinese characters is mounted on a textured, reddish-brown stone wall. The plaque includes two small QR codes in the bottom left corner and metal fasteners at the corners."
/Users/jenfnguyen/Documents/Dev/KIS-AAI-DM-Master/data/caption_project/vietnam_architecture/20250222_Site_of_Nanyue_Kingdom_Palace_03_160970281.png,Archaeological excavation site showing stone foundations and a paved floor made of irregular grey stone slabs. The structure features stacked stone walls and scattered loose rocks within an earthen pit.
/Users/jenfnguyen/Documents/Dev/KIS-AAI-DM-Master/data/caption_project/vietnam_architecture/20250222_Site_of_Nanyue_Kingdom_Palace_04_160970285.png,"Archaeological excavation site showing stone foundations, brick retaining walls, and upright stone pillars supported by clear acrylic stands. The ground is covered with loose river stones and paved stone sections."
/Users/jenfnguyen/Documents/Dev/KIS-AAI-DM-Master/data/caption_project/vietnam_architecture/20250222_Site_of_Nanyue_Kingdom_Palace_05_160970286.png,"Archaeological excavation site featuring stone walls and foundations constructed from large, rectangular blocks. The site is protected by a modern metal structure with pillars and a roof, set within an indoor environment."
/Users/jenfnguyen/Documents/Dev/KIS-AAI-DM-Master/data/caption_project/vietnam_architecture/20250222_Site_of_Nanyue_Kingdom_Palace_06_160970287.png,"Archaeological stone foundation featuring rectangular cut blocks and sections filled with rounded river stones. The structure is set into the earth, showing remnants of a perimeter wall or drainage channel."
/Users/jenfnguyen/Documents/Dev/KIS-AAI-DM-Master/data/caption_project/vietnam_architecture/20250222_Site_of_Nanyue_Kingdom_Palace_07_160970290.png,"Archaeological excavation site showing remnants of brick foundations and a square well structure. The site consists of exposed earth, layered brick walls, and small black information signs placed within the excavated area."
/Users/jenfnguyen/Documents/Dev/KIS-AAI-DM-Master/data/caption_project/vietnam_architecture/20250222_Site_of_Nanyue_Kingdom_Palace_08_160970291.png,"Archaeological excavation site showing stone foundations and rectangular stone slabs forming a path. The structure consists of weathered grey stone blocks and earth, revealing remnants of a building foundation set within a dirt trench."
/Users/jenfnguyen/Documents/Dev/KIS-AAI-DM-Master/data/caption_project/vietnam_architecture/20250222_Site_of_Nanyue_Kingdom_Palace_09_160970293.png,Archaeological excavation site showing remnants of a brick structure with a small arched opening. The foundation consists of layered bricks and flat stone slabs embedded in reddish-brown earth and soil.
/Users/jenfnguyen/Documents/Dev/KIS-AAI-DM-Master/data/caption_project/vietnam_architecture/20250913_Model_of_the_sluice_site_of_Nam_Việt_in_the_Southern_Han_Mausoleums_Museum_175063658.png,Scale model of a fortified trench system featuring earthen embankments reinforced with wooden stakes and beams. The display is presented in a rectangular frame with a warning sign placed on the central wall.
/Users/jenfnguyen/Documents/Dev/KIS-AAI-DM-Master/data/caption_project/vietnam_architecture/20260120_Model_of_the_Nam_Việt_gable-topped_tomb_182133638.png,"Wooden model of a structure with a sloped roof and a smaller rectangular base, displayed on a gravel surface under a metal canopy. A small sign with text sits next to the model."
/Users/jenfnguyen/Documents/Dev/KIS-AAI-DM-Master/data/caption_project/vietnam_architecture/20260120_Nam_Việt_gable-topped_tomb_(133945)_182133637.png,"Large, dark, weathered wooden planks and logs are stacked inside a metal frame structure. The rough-textured timber pieces are arranged horizontally and vertically, with small paper tags attached to some segments."
/Users/jenfnguyen/Documents/Dev/KIS-AAI-DM-Master/data/caption_project/vietnam_architecture/20260120_Nam_Việt_gable-topped_tomb_(134425)_182133641.png,Large dark wooden logs are stacked under a metal-roofed structure with a concrete floor. A glass wall separates this area from an adjacent building with blue-toned walls and an outdoor air conditioning unit.
/Users/jenfnguyen/Documents/Dev/KIS-AAI-DM-Master/data/caption_project/vietnam_architecture/20260120_Nam_Việt_gable-topped_tomb_(134451)_182133642.png,"Interior space featuring a metal roof structure with large, dark, weathered wooden logs stacked on the right side. Blue plastic crates are piled on the left, and several stone blocks sit on the floor."
/Users/jenfnguyen/Documents/Dev/KIS-AAI-DM-Master/data/caption_project/vietnam_architecture/20260120_Sluice_site_of_Nam_Việt_(121801)_193737238.png,Archaeological excavation site featuring numerous upright wooden posts embedded in the earth. The area is enclosed within a modern indoor space with a reflective dark ceiling and artificial lighting.
/Users/jenfnguyen/Documents/Dev/KIS-AAI-DM-Master/data/caption_project/vietnam_architecture/20260120_Sluice_site_of_Nam_Việt_(122239)_193737236.png,"Archaeological excavation site featuring exposed wooden posts and earthen layers inside a modern building. A reflective dark ceiling hangs above the excavated ground, illuminated by linear fluorescent lights and small spotlights."
/Users/jenfnguyen/Documents/Dev/KIS-AAI-DM-Master/data/caption_project/vietnam_architecture/2030_Phú_Quốc_International_Airport_development_masterplan_185941301.png,"Detailed master plan drawing of an airport facility showing runways, taxiways, terminal buildings, and parking areas on a green background, labeled with Vietnamese text indicating the planning period from 2021 to 2030."
"/Users/jenfnguyen/Documents/Dev/KIS-AAI-DM-Master/data/caption_project/vietnam_architecture/21-5-31,_inauguration_du_pavillon_d'Annam_à_l'Exposition_coloniale_(défilé_d'Annamites)_-_btv1b53245070m_161080435.png","Group of men in traditional uniforms carry ceremonial umbrellas across an open field, with a temple-like structure featuring multiple spires and curved rooflines visible in the background under a cloudy sky."
"/Users/jenfnguyen/Documents/Dev/KIS-AAI-DM-Master/data/caption_project/vietnam_architecture/21-5-31,_inauguration_du_pavillon_d'Annam_à_l'Exposition_coloniale_-_btv1b532450697_161639266.png","Temple entrance featuring a two-story structure with a tiled roof, flanked by two large, fan-shaped stone sculptures. Guards in traditional uniforms stand in a line holding spears and umbrellas in the courtyard."
/Users/jenfnguyen/Documents/Dev/KIS-AAI-DM-Master/data/caption_project/vietnam_architecture/290Phuc_Kien_Assembly_Hall_46270879.png,"Large rectangular painting depicting a stormy sea with a ship and figures, mounted on a white wall inside a building with red pillars and a red wooden altar table below."
/Users/jenfnguyen/Documents/Dev/KIS-AAI-DM-Master/data/caption_project/vietnam_architecture/296Phuc_Kien_Assembly_Hall_46270878.png,A clover-shaped pond features a central mosaic sculpture of fish and clouds in front of a wall with a large red circle. Small white bird figures are placed among the rocks.
/Users/jenfnguyen/Documents/Dev/KIS-AAI-DM-Master/data/caption_project/vietnam_architecture/2chunnit_89252580.png,"Three yellow rubber bands and one larger green rubber band are placed on a dark brown wooden surface with visible grain, unrelated to any architectural structures or buildings."
"/Users/jenfnguyen/Documents/Dev/KIS-AAI-DM-Master/data/caption_project/vietnam_architecture/30_phot._d'Annam_et_du_Tonkin,_par_P._Dieulefils,_Pérot,_Rigal,_don_Camille_Paris_en_1892_-_btv1b53174374v_(03_of_30)_154541282.png",A traditional gate with tall stone pillars stands before a single-story building with a tiled roof. Two men in long robes stand on a stone courtyard in front of the structure.
"/Users/jenfnguyen/Documents/Dev/KIS-AAI-DM-Master/data/caption_project/vietnam_architecture/30_phot._d'Annam_et_du_Tonkin,_par_P._Dieulefils,_Pérot,_Rigal,_don_Camille_Paris_en_1892_-_btv1b53174374v_(04_of_30)_154541286.png","A black and white photograph showing a traditional gate structure with multiple tiled roofs and a solid masonry base. The building features symmetrical pavilions on either side and is situated on a flat, open ground."
"/Users/jenfnguyen/Documents/Dev/KIS-AAI-DM-Master/data/caption_project/vietnam_architecture/30_phot._d'Annam_et_du_Tonkin,_par_P._Dieulefils,_Pérot,_Rigal,_don_Camille_Paris_en_1892_-_btv1b53174374v_(09_of_30)_154541334.png","Stone bridge leading to a gate structure with a two-tiered roof. The structure features arched openings and a central pavilion, captured in a black and white photograph with handwritten notes on the border."
/Users/jenfnguyen/Documents/Dev/KIS-AAI-DM-Master/data/caption_project/vietnam_architecture/3gl_54688408.png,"Ceremonial gate featuring a two-tiered tiled roof with curved corners, painted in grey and reddish-brown tones. The structure includes a national emblem at the top and Vietnamese text on a red plaque."
/Users/jenfnguyen/Documents/Dev/KIS-AAI-DM-Master/data/caption_project/vietnam_architecture/4.4_Hue-12_(36627394285)_64886189.png,"A multi-tiered pavilion with orange tiled roofs viewed through a dark arched gate. The structure features red wooden walls, stone steps, and blue decorative panels with symmetrical patterns set against yellow walls."
/Users/jenfnguyen/Documents/Dev/KIS-AAI-DM-Master/data/caption_project/vietnam_architecture/4.4_Hue-46_(35792133084)_64886266.png,A stone tomb complex features a wide staircase leading up to a tall gate with intricate carvings. The dark grey structure is flanked by two tall pillars and surrounded by green trees.
/Users/jenfnguyen/Documents/Dev/KIS-AAI-DM-Master/data/caption_project/vietnam_architecture/4.4_Hue-47_(35792123054)_64886264.png,"Stone tomb complex featuring a tall, ornate pillar and a wide staircase leading to upper levels. Rows of stone statues of soldiers stand on a paved courtyard surrounded by green trees."
/Users/jenfnguyen/Documents/Dev/KIS-AAI-DM-Master/data/caption_project/vietnam_architecture/4.4_Hue-49_(36627171105)_64886297.png,"Tomb structure with a wide stone staircase leading to a central platform. The building features ornate dark roof decorations, white walls with intricate carvings, and three sets of yellow wooden doors."
/Users/jenfnguyen/Documents/Dev/KIS-AAI-DM-Master/data/caption_project/vietnam_architecture/4.4_Hue-50_(36452523882)_64886273.png,"Dark grey stone tomb structure featuring an open pavilion with a tiled roof and a tall, slender stone pillar. The complex is set against a background of green hills and trees."
/Users/jenfnguyen/Documents/Dev/KIS-AAI-DM-Master/data/caption_project/vietnam_architecture/4G4A0810_81341483.png,"Urban street intersection featuring several multi-story buildings with colonial-style architectural elements, including arched windows and a prominent dome. Motorbikes and cars travel on the paved road in front of the structures."
/Users/jenfnguyen/Documents/Dev/KIS-AAI-DM-Master/data/caption_project/vietnam_architecture/4G4A0819_HDR_81341509.png,"Colonial buildings line a wide urban intersection, featuring yellow and beige facades with arched windows and a prominent dome. A red flag flies atop the central structure, while motorbikes and cars travel below."
/Users/jenfnguyen/Documents/Dev/KIS-AAI-DM-Master/data/caption_project/vietnam_architecture/500px_photo_(188692125)_71846714.png,Entrance gate of a building complex featuring a green metal fence and blue walls. A central stone doorway leads to an inner courtyard with a traditional structure topped by a curved tiled roof.
/Users/jenfnguyen/Documents/Dev/KIS-AAI-DM-Master/data/caption_project/vietnam_architecture/52734_danh_thom_luong_trieu_89609787.png,"Entrance gate of a temple complex featuring two tall pillars topped with decorative finials. Behind the open metal gates, a single-story building with a tiled roof stands in a paved courtyard."
/Users/jenfnguyen/Documents/Dev/KIS-AAI-DM-Master/data/caption_project/vietnam_architecture/682013_111112_PM_IMG_4713_33995676.png,"White plaster relief sculpture depicting figures in traditional attire, including a central child figure with a halo standing on a lotus, framed by a dark wooden border against a tiled wall."
/Users/jenfnguyen/Documents/Dev/KIS-AAI-DM-Master/data/caption_project/vietnam_architecture/6_crystal_Liubo_game_pieces_16090704.png,"Six small, rectangular stone blocks are arranged in two rows on a textured off-white surface. Each block has a smooth, light-colored, semi-translucent appearance with faint reddish markings on the bottom surfaces."
/Users/jenfnguyen/Documents/Dev/KIS-AAI-DM-Master/data/caption_project/vietnam_architecture/6_jadeite_Liubo_game_pieces_16090705.png,"Six small, rectangular stone blocks with mottled brown and green textures are arranged in two rows on a light-colored, textured fabric surface. These objects appear to be carved stone seals or markers."
/Users/jenfnguyen/Documents/Dev/KIS-AAI-DM-Master/data/caption_project/vietnam_architecture/8th_century_Hindu_temple_in_Nha_Trang_Vietnam_35389466.png,"Two brick towers with tiered, pointed roofs stand in a garden setting. The structures are constructed from reddish-brown bricks and are surrounded by potted bonsai trees, large rocks, and green vegetation."
"/Users/jenfnguyen/Documents/Dev/KIS-AAI-DM-Master/data/caption_project/vietnam_architecture/AAVH_AP0801_Sogny_Marien_–_Hué,_1923_–_La_gare_de_Hué,_point_de_départ_des_Huéens_vers_les_champs_de_bataille_européens._107721585.png",Colonial building with a central clock on the pediment and a long covered walkway supported by metal brackets. People in white uniforms and vintage cars are positioned in front of the structure.
"/Users/jenfnguyen/Documents/Dev/KIS-AAI-DM-Master/data/caption_project/vietnam_architecture/AP0011-Sallet_Annam,_Quang_Nam,_Dong_Duong,_1930_–_Dvarapala_de_la_deuxième_enceinte_144639410.png","Stone statue of a warrior figure standing over a smaller crouching figure, captured in a black and white photograph. The sculpture is positioned outdoors amidst blurred foliage and trees."
"/Users/jenfnguyen/Documents/Dev/KIS-AAI-DM-Master/data/caption_project/vietnam_architecture/AP0015-Sallet_Annam,_Tourcham,_1930_–_Tour_cham_de_Po_Klaung_Garai_–_Vue_générale_(1)_144644889.png","Brick temple complex with tiered, pointed roofs situated on a hill covered in trees and vegetation. The structures feature arched doorways and vertical architectural elements, captured in a sepia-toned photograph."
"/Users/jenfnguyen/Documents/Dev/KIS-AAI-DM-Master/data/caption_project/vietnam_architecture/AP0035-Sallet_Hué,_1928_–_Palais_An_Dinh_–_Le_théâtre_(1)_144667481.png","Interior of a large hall featuring a central staircase leading to arched doorways. The walls and pillars are decorated with intricate carvings, and multiple chandeliers hang from the high ceiling."
"/Users/jenfnguyen/Documents/Dev/KIS-AAI-DM-Master/data/caption_project/vietnam_architecture/AP1514-Sogny-Marien_Annam,_Dong_Duong,_1933_–_Visite_de_S.M._Bao_Dai_au_sanctuaire_cham_(1)_143956690.png",A group of people in colonial-era attire walk past the weathered brick ruins of a structure with a stone doorway. The scene includes individuals holding umbrellas in an outdoor setting.
"/Users/jenfnguyen/Documents/Dev/KIS-AAI-DM-Master/data/caption_project/vietnam_architecture/AP1533-Sogny-Marien_Annam,_Dong_Duong,_1933_–_Visite_de_S.M._Bao_Dai_(2)_143942628.png","A group of people in traditional Vietnamese clothing and colonial-style hats gather around a stone stele placed on a concrete base in a field, with trees visible in the background."
"/Users/jenfnguyen/Documents/Dev/KIS-AAI-DM-Master/data/caption_project/vietnam_architecture/AP1636-Sogny-Marien_Annam,_Dong_Duong,_1933_–_Visite_de_S.M._Bao_Dai_(3)_143900266.png","A tall stone stele stands outdoors, surrounded by a group of people in colonial-era attire and traditional Vietnamese clothing. Two large ceremonial umbrellas are held over the stone monument in an open landscape."
"/Users/jenfnguyen/Documents/Dev/KIS-AAI-DM-Master/data/caption_project/vietnam_architecture/AP1637-Sogny-Marien_Annam,_Dong_Duong,_1933_–_Visite_de_S.M._Bao_Dai_(4)_143896526.png","A stone stele stands outdoors, sheltered by a ceremonial umbrella, while a group of people in traditional and Western clothing gather around it in an open, grassy area."
/Users/jenfnguyen/Documents/Dev/KIS-AAI-DM-Master/data/caption_project/vietnam_architecture/ASI_of_India_helps_Vietnam_to_restore_the_Mỹ_Sơn_Sanctuary_159818861.png,"A rectangular brown information sign stands in a grassy area, detailing the conservation and restoration project of temple groups at My Son. A person in uniform walks past the sign outdoors."
/Users/jenfnguyen/Documents/Dev/KIS-AAI-DM-Master/data/caption_project/vietnam_architecture/A_Monument_to_the_Brotherhood_of_Men_-_43_Nations_Aid_South_Vietnam_(p20)_138664945.png,"Tall rectangular monument pillar featuring a relief of a lotus flower at the top and a list of countries engraved on the surface, standing on a bronze tortoise base in a park setting."
/Users/jenfnguyen/Documents/Dev/KIS-AAI-DM-Master/data/caption_project/vietnam_architecture/A_Monument_to_the_Brotherhood_of_Men_-_43_Nations_Aid_South_Vietnam_(p21)_138664946.png,"Printed page featuring a black and white photograph of a tall, modern concrete monument with a flared top structure, surrounded by trees, alongside columns of text discussing international aid."
/Users/jenfnguyen/Documents/Dev/KIS-AAI-DM-Master/data/caption_project/vietnam_architecture/A_Single_Pillar_(2802508059)_140434266.png,"Small wooden pagoda structure with a curved tile roof supported by a single stone pillar in the center of a lotus pond, surrounded by low concrete walls and green trees."
/Users/jenfnguyen/Documents/Dev/KIS-AAI-DM-Master/data/caption_project/vietnam_architecture/A_building_in_Hoi_An_3132330.png,"Two-story yellow shophouse featuring arched openings, square columns with carved details, and hanging plants. Round paper lanterns are suspended in the arches, and a sign above the entrance reads Trăng Moon."
/Users/jenfnguyen/Documents/Dev/KIS-AAI-DM-Master/data/caption_project/vietnam_architecture/A_cup_of_batbao_tea_at_Vân_Anh_Iced_Tea_13-09-2025_E2_179794673.png,"Street scene featuring a white table with a glass of dark iced tea and a cigarette pack, set on a paved sidewalk with several small blue plastic tables and white stools."
/Users/jenfnguyen/Documents/Dev/KIS-AAI-DM-Master/data/caption_project/vietnam_architecture/A_cup_of_batbao_tea_at_Vân_Anh_Iced_Tea_13-09-2025_E6_179794680.png,"A glass of dark liquid and a yellow leaf sit on a white table, with small plastic stools and parked motorcycles visible on the paved ground in the background at night."
/Users/jenfnguyen/Documents/Dev/KIS-AAI-DM-Master/data/caption_project/vietnam_architecture/A_far_view_of_the_ruins_at_My_Son_(30992152933)_66630834.png,"Ruined brick temple structures with tiered roofs stand in a grassy field. The weathered red brick walls are covered in moss and vegetation, set against a backdrop of green mountains and trees."
/Users/jenfnguyen/Documents/Dev/KIS-AAI-DM-Master/data/caption_project/vietnam_architecture/A_gate_of_a_temple_23189230.png,"Ceremonial gate with a curved, multi-tiered tiled roof features golden dragon ornaments and red accents. Stone pillars are decorated with vertical Chinese characters, and white lion statues stand at the entrance."
"/Users/jenfnguyen/Documents/Dev/KIS-AAI-DM-Master/data/caption_project/vietnam_architecture/A_guard_demon,_Hue_Citadel_gates_36628340.png","Ceramic mosaic dragon relief ornamenting an arched doorway. The dragon features blue and green scales, large eyes, and long whiskers, set against a background of colorful floral and geometric tile patterns."
"/Users/jenfnguyen/Documents/Dev/KIS-AAI-DM-Master/data/caption_project/vietnam_architecture/A_rotating_ball_at_at_Truc_Lam_Monastery,_Da_Lat,_Vietnam_30416465.png","A large spherical stone fountain sits in a circular basin, with water cascading over its surface. An inscription is engraved on the square granite base supporting the sphere, surrounded by paved ground."
/Users/jenfnguyen/Documents/Dev/KIS-AAI-DM-Master/data/caption_project/vietnam_architecture/A_temple_near_dinh_Da_Lat_17316622.png,"Single-story house with a tiled hip roof and a small clerestory window section. The structure features light-colored walls, wooden pillars, and dark wooden doors, surrounded by trees and a dirt path."
/Users/jenfnguyen/Documents/Dev/KIS-AAI-DM-Master/data/caption_project/vietnam_architecture/A_tree_in_Phu_Quoc_Island_174078644.png,"Multi-story commercial buildings with European-style facades, painted in pink, yellow, and white, line a waterfront area. A large palm tree stands in the foreground near a stone statue of a winged lion."
/Users/jenfnguyen/Documents/Dev/KIS-AAI-DM-Master/data/caption_project/vietnam_architecture/Across_Trung_Kính_Hạ_Patron_Temple_11-03-2026_E01_185922489.png,"A light purple pagoda gate features curved tiled roofs, intricate carvings, and a red banner with text. A metal gate with gold floral patterns stands open, leading to a paved courtyard."
/Users/jenfnguyen/Documents/Dev/KIS-AAI-DM-Master/data/caption_project/vietnam_architecture/Across_Trung_Kính_Hạ_Patron_Temple_11-03-2026_E02_185922490.png,"Pagoda entrance gate featuring light purple walls, two tiered towers with curved orange tiled roofs, and ornate golden metal doors. The structure is enclosed by a low concrete fence and surrounded by trees."
/Users/jenfnguyen/Documents/Dev/KIS-AAI-DM-Master/data/caption_project/vietnam_architecture/Across_Trung_Kính_Hạ_Patron_Temple_11-03-2026_E03_185922500.png,"Arched doorway of a temple featuring intricate gold-colored metal doors with lotus motifs, set into a light blue wall adorned with a relief of a dragon. Red tiled steps lead to the entrance."
/Users/jenfnguyen/Documents/Dev/KIS-AAI-DM-Master/data/caption_project/vietnam_architecture/Across_Trung_Kính_Hạ_Patron_Temple_11-03-2026_E08_185922505.png,"Light purple temple gate structure featuring curved roof corners, intricate carvings, and metal gates. The entrance is partially obscured by a metal fence and potted plants in a garden setting."
/Users/jenfnguyen/Documents/Dev/KIS-AAI-DM-Master/data/caption_project/vietnam_architecture/Across_Trung_Kính_Hạ_Patron_Temple_11-03-2026_E09_185922508.png,"Light blue wall of a temple featuring intricate relief carvings and Chinese characters, with a golden metal door and terracotta tiled steps leading to the entrance, surrounded by various potted bonsai plants."
/Users/jenfnguyen/Documents/Dev/KIS-AAI-DM-Master/data/caption_project/vietnam_architecture/Across_Trung_Kính_Hạ_Patron_Temple_11-03-2026_E10_185922510.png,Concrete gate with a gray wall features a decorative fretwork top and vertical pillars inscribed with Chinese characters. Multi-story residential buildings are visible in the background behind the structure.
/Users/jenfnguyen/Documents/Dev/KIS-AAI-DM-Master/data/caption_project/vietnam_architecture/Across_Tú_Mỡ_Street_11-03-2026._Autumn_shadow_in_the_spring_E1_185922513.png,A white colonial style building with multiple stories stands behind a metal fence with decorative finials. Large trees with sparse leaves are visible in the foreground and near the building.
/Users/jenfnguyen/Documents/Dev/KIS-AAI-DM-Master/data/caption_project/vietnam_architecture/Afternoon_at_Trung_Kính_Hạ_Playground_02-03-2026_185542460.png,"Street scene featuring a metal gate and a low wall with stone cladding, surrounded by large trees. Red flags with yellow stars are strung between the trees above the entrance."
/Users/jenfnguyen/Documents/Dev/KIS-AAI-DM-Master/data/caption_project/vietnam_architecture/Afternoon_in_Alley_123_of_Trung_Kính_Street_02-03-2026_185542464.png,Green metal gate with vertical slats stands next to a weathered light-colored wall. A small potted plant sits on the ground in front of the wall and the gate on a concrete surface.
/Users/jenfnguyen/Documents/Dev/KIS-AAI-DM-Master/data/caption_project/vietnam_architecture/Afternoon_in_Hanoi_163236007.png,Interior living space featuring large floor-to-ceiling glass doors covered by translucent white curtains. A tall wooden grandfather clock stands in the corner near a stationary exercise bike and a glass coffee table.
/Users/jenfnguyen/Documents/Dev/KIS-AAI-DM-Master/data/caption_project/vietnam_architecture/Afternoon_on_Tú_Mỡ_Street_06-03-2026._Two_backpackers_185599262.png,"A small, square, white guard booth with a peaked roof sits on a paved sidewalk near a street. In the background, multi-story white residential buildings with balconies and dark window frames are visible."
/Users/jenfnguyen/Documents/Dev/KIS-AAI-DM-Master/data/caption_project/vietnam_architecture/Agents_de_la_gare_de_haiphong_1923_50928868.png,"Printed document listing railway company personnel and their roles in Haiphong, including positions related to station management, train control, and building maintenance, presented in black text on a white background."
"/Users/jenfnguyen/Documents/Dev/KIS-AAI-DM-Master/data/caption_project/vietnam_architecture/Al-Noor_Mosque,_Hanoi,_early_20th_century_(2)_(37609113695)_64218742.png","Tall white stone pagoda with multiple tiers rises above surrounding trees and power lines. A red banner with a yellow hammer and sickle symbol hangs in the foreground, partially obscuring the lower structure."
"/Users/jenfnguyen/Documents/Dev/KIS-AAI-DM-Master/data/caption_project/vietnam_architecture/Al-Noor_Mosque,_Hanoi,_early_20th_century_(5)_(37609076415)_64218741.png","Tall white stone pagoda with multiple square tiers rises into the sky, partially obscured by green tree branches on the left and a dark roof overhang on the right side."
"/Users/jenfnguyen/Documents/Dev/KIS-AAI-DM-Master/data/caption_project/vietnam_architecture/Album_photographique_amateur_de_l'Exposition_Universelle_de_1900_Pagode_de_Cholon,_Paris_Musées_20230901200420_136774835.png",Traditional temple building with a tiled roof and wooden facade featuring intricate carvings and dark panels. People in colonial-era clothing stand on the stone steps in front of the entrance.
/Users/jenfnguyen/Documents/Dev/KIS-AAI-DM-Master/data/caption_project/vietnam_architecture/All_the_colors_(22480634069)_131675937.png,"Small pagoda structure with a multi-tiered roof sits on a small island in the middle of a lake at night. The building is illuminated by spotlights, casting reflections on the water surface."
/Users/jenfnguyen/Documents/Dev/KIS-AAI-DM-Master/data/caption_project/vietnam_architecture/Amitbabha_and_female_devotee_detail_6419149.png,"A colorful relief sculpture depicts a central Buddha figure seated on a lotus throne, surrounded by monks and other figures against a background of stylized blue clouds."
/Users/jenfnguyen/Documents/Dev/KIS-AAI-DM-Master/data/caption_project/vietnam_architecture/AnDinhResidence1_4070191.png,"Colonial building with a yellow facade and orange tiled roof stands behind an ornate gate featuring intricate ceramic mosaics and a red wooden door, situated near a stone-walled pond with steps."
/Users/jenfnguyen/Documents/Dev/KIS-AAI-DM-Master/data/caption_project/vietnam_architecture/AnDinhResidence2_4070200.png,Colonial building with yellow walls and a red tiled roof stands behind a stone wall and an ornate gate. A calm canal with stone steps runs along the front of the property.
/Users/jenfnguyen/Documents/Dev/KIS-AAI-DM-Master/data/caption_project/vietnam_architecture/AnDinhResidence3_4070219.png,Colonial building with a yellow facade and orange tiled roof stands behind a walled courtyard and an ornate gate. A stone staircase leads down to a canal reflecting the structure.
/Users/jenfnguyen/Documents/Dev/KIS-AAI-DM-Master/data/caption_project/vietnam_architecture/AnDinhResidence4_4070245.png,Colonial building with yellow walls and a tiled roof stands behind a weathered perimeter wall and metal fence. A person rides a bicycle on the street in front of an ornate stone gate.
/Users/jenfnguyen/Documents/Dev/KIS-AAI-DM-Master/data/caption_project/vietnam_architecture/AnDinhResidence5_4070260.png,Yellow colonial building with a tiled roof stands behind an ornate gate featuring blue and white ceramic tiles. A stone staircase leads from a canal to the entrance of the property.
/Users/jenfnguyen/Documents/Dev/KIS-AAI-DM-Master/data/caption_project/vietnam_architecture/AnDinhResidence_4070168.png,"Ornate gate featuring a central archway with red wooden doors, decorated with blue and white ceramic tiles, yellow plasterwork, and intricate roof carvings. The structure is flanked by a yellow wall and palm trees."
/Users/jenfnguyen/Documents/Dev/KIS-AAI-DM-Master/data/caption_project/vietnam_architecture/An_Afternoon_In_A_Park_(148434487)_73793199.png,"A park landscape features a multi-tiered topiary tree planted in a large red ceramic pot. The garden includes various shaped shrubs, palm trees, and a small pool in the background."
"/Users/jenfnguyen/Documents/Dev/KIS-AAI-DM-Master/data/caption_project/vietnam_architecture/An_Dihn_Palace,_Hue_(48836433988)_113257219.png",Colonial style building featuring yellow fluted columns with ornate capitals and a stone balustrade. The structure overlooks a garden with palm trees and a smaller pavilion with a tiled roof.
"/Users/jenfnguyen/Documents/Dev/KIS-AAI-DM-Master/data/caption_project/vietnam_architecture/An_Dihn_Palace,_Hue_(48836442803)_113257252.png","A light-colored relief sculpture of a vase filled with flowers and flanked by two small figures is mounted on a flat, yellow-painted wall. The base of the structure features a rectangular plaque."
"/Users/jenfnguyen/Documents/Dev/KIS-AAI-DM-Master/data/caption_project/vietnam_architecture/An_Dihn_Palace,_Hue_(48836451158)_113257251.png","Colonial building with yellow walls and brown wooden louvered shutters features an L-shaped layout. The structure includes stone staircases, decorative white moldings above arched windows, and a balustrade along the upper level."
"/Users/jenfnguyen/Documents/Dev/KIS-AAI-DM-Master/data/caption_project/vietnam_architecture/An_Dihn_Palace,_Hue_(48836784926)_113257220.png","Colonial building exterior featuring yellow walls, arched doorways with dark wooden louvered shutters, and a stone staircase with balustrades. Decorative plaster moldings are visible above the doors, and the structure shows signs of weathering."
"/Users/jenfnguyen/Documents/Dev/KIS-AAI-DM-Master/data/caption_project/vietnam_architecture/An_Dihn_Palace,_Hue_(48836965432)_113257223.png","A yellow gate with a central arched entrance and a red wooden door. The structure features intricate ceramic mosaic decorations, multiple small towers, and a gravel courtyard with a potted shrub."
"/Users/jenfnguyen/Documents/Dev/KIS-AAI-DM-Master/data/caption_project/vietnam_architecture/An_Dinh_Palace,_Hue_(48836409218)_113257226.png",Colonial building with yellow walls and white decorative relief carvings features a prominent portico supported by columns. The structure includes arched windows with dark shutters and a multi-level facade design.
/Users/jenfnguyen/Documents/Dev/KIS-AAI-DM-Master/data/caption_project/vietnam_architecture/An_Dinh_Palace_-_Cung_An_Định_(2024)_-_entrance_gate_-_img_01_151201252.png,"Ornate gate featuring intricate ceramic mosaic decorations, multiple tiered roof structures, and a central arched wooden door. The structure is connected to a weathered yellow wall with black metal fencing along a paved road."
/Users/jenfnguyen/Documents/Dev/KIS-AAI-DM-Master/data/caption_project/vietnam_architecture/An_Dinh_Palace_-_Cung_An_Định_(2024)_-_entrance_gate_-_img_02_151201251.png,Ornate gate with yellow walls and intricate blue and white ceramic mosaic decorations stands beside a paved road. A person rides a red scooter past the structure under a cloudy sky.
/Users/jenfnguyen/Documents/Dev/KIS-AAI-DM-Master/data/caption_project/vietnam_architecture/An_Dinh_Palace_-_Cung_An_Định_(2024)_-_entrance_gate_-_img_03_151201253.png,"Ornate entrance gate featuring a yellow arched doorway and red wooden doors, decorated with intricate ceramic mosaic patterns and roof sculptures. The structure is surrounded by manicured potted trees and palm trees."
/Users/jenfnguyen/Documents/Dev/KIS-AAI-DM-Master/data/caption_project/vietnam_architecture/An_Dinh_Palace_-_Cung_An_Định_(2024)_-_entrance_gate_-_img_04_151201255.png,"Gate structure featuring a yellow arched entrance, ornate ceramic mosaic decorations, and a central upper tower. The roofline is adorned with intricate dragon sculptures and small decorative towers against a cloudy sky."
/Users/jenfnguyen/Documents/Dev/KIS-AAI-DM-Master/data/caption_project/vietnam_architecture/An_Dinh_Palace_-_Cung_An_Định_(2024)_-_front_facade_-_img_01_151201453.png,"Colonial building with yellow walls and white decorative moldings features arched doorways, wooden shutters, and a stone staircase. A man stands on the gravel ground in front of the structure."
/Users/jenfnguyen/Documents/Dev/KIS-AAI-DM-Master/data/caption_project/vietnam_architecture/An_Dinh_Palace_-_Cung_An_Định_(2024)_-_front_facade_-_img_02_151201452.png,"Colonial building exterior featuring yellow walls with white decorative plaster moldings, fluted columns, and arched doorways with dark wooden shutters. A stone balustrade lines the balcony under a cloudy sky."
/Users/jenfnguyen/Documents/Dev/KIS-AAI-DM-Master/data/caption_project/vietnam_architecture/An_Dinh_Palace_-_Cung_An_Định_(2024)_-_front_facade_-_img_03_151201455.png,"Colonial building facade featuring yellow plastered walls with white decorative moldings, Corinthian columns, and brown wooden louvered shutters. A stone balustrade runs along the foreground balcony under a cloudy sky."
/Users/jenfnguyen/Documents/Dev/KIS-AAI-DM-Master/data/caption_project/vietnam_architecture/An_Dinh_Palace_-_Cung_An_Định_(2024)_-_front_facade_-_img_05_151201459.png,"Colonial building facade featuring a yellow exterior with white ornate plaster carvings, Corinthian columns, and a balustrade balcony. The central pediment displays decorative motifs and Chinese characters above the entrance."
/Users/jenfnguyen/Documents/Dev/KIS-AAI-DM-Master/data/caption_project/vietnam_architecture/An_Dinh_Palace_-_Cung_An_Định_(2024)_-_pavilion_-_img_01_151201295.png,"Hexagonal pavilion with a tiled roof featuring dragon ornaments and yellow pillars stands in front of a yellow colonial building. A bronze statue is positioned inside the open pavilion, surrounded by palm trees."
/Users/jenfnguyen/Documents/Dev/KIS-AAI-DM-Master/data/caption_project/vietnam_architecture/An_Dinh_Palace_-_Cung_An_Định_(2024)_-_pavilion_-_img_02_151201294.png,A yellow colonial building with arched windows and ornate details stands behind a hexagonal pavilion. The pavilion features a tiled roof with dragon decorations and houses a bronze statue in the center.
/Users/jenfnguyen/Documents/Dev/KIS-AAI-DM-Master/data/caption_project/vietnam_architecture/An_Dinh_Palace_-_Cung_An_Định_(2024)_-_pavilion_-_img_03_151201293.png,"Hexagonal pavilion with a multi-tiered tiled roof and yellow pillars stands in a garden. A bronze statue is placed inside the structure, which is surrounded by trees, a stone wall, and a canal."
/Users/jenfnguyen/Documents/Dev/KIS-AAI-DM-Master/data/caption_project/vietnam_architecture/An_Dinh_Palace_-_Cung_An_Định_(2024)_-_pavilion_-_img_04_151201297.png,"Octagonal pavilion with a multi-tiered tiled roof and yellow pillars stands in a garden. A dark statue is visible inside the structure, which is surrounded by a low stone wall and greenery."
/Users/jenfnguyen/Documents/Dev/KIS-AAI-DM-Master/data/caption_project/vietnam_architecture/An_Duong_Vuong_Temple_Gate_Co_Loa_67511668.png,"Brick gate structure with a central arched entrance and two smaller side arches, featuring a tiered roof, stone steps, and red wooden doors. Vertical stone pillars with inscriptions stand on both sides."
/Users/jenfnguyen/Documents/Dev/KIS-AAI-DM-Master/data/caption_project/vietnam_architecture/An_Villa_59645362.png,"Two-story house with light orange walls and a thatched roof overhang above the ground floor terrace, situated next to a curved swimming pool and a wooden deck in a garden setting."
/Users/jenfnguyen/Documents/Dev/KIS-AAI-DM-Master/data/caption_project/vietnam_architecture/An_ancient_bell_in_the_grounds_of_the_Thien_Mu_Pagoda_(30992219743)_66630769.png,"Large bronze bell suspended inside a stone bell tower with an arched entrance. The exterior walls are weathered with patches of green moss and discoloration, and a small sign is attached to the wall."
/Users/jenfnguyen/Documents/Dev/KIS-AAI-DM-Master/data/caption_project/vietnam_architecture/An_lap_1_4331940.png,"Gothic-style church with two tall towers, yellow and grey facade, and arched doorways. A stone monument with a statue stands in the foreground on a paved plaza under an overcast sky."
"/Users/jenfnguyen/Documents/Dev/KIS-AAI-DM-Master/data/caption_project/vietnam_architecture/Ancient_Tomb_Complex_in_Phuoc_Vinh_Dong_Commune,_Can_Giuoc_(1)_198204634.png","Stone tombs and grave markers, made of light-colored stone, are partially covered by dense green foliage. Several structures feature tiered tops, with one small tomb having a red roof, surrounded by palm trees."
"/Users/jenfnguyen/Documents/Dev/KIS-AAI-DM-Master/data/caption_project/vietnam_architecture/Ancient_Tomb_Complex_in_Phước_Vĩnh_Đông_Commune,_Cần_Giuộc,_Việt_Nam_(10)_198204651.png",Stone tomb detail featuring a miniature tiled roof structure with carved decorative motifs on the ridge. The grey weathered stone is set against a background of green palm leaves and foliage.
"/Users/jenfnguyen/Documents/Dev/KIS-AAI-DM-Master/data/caption_project/vietnam_architecture/Ancient_Tomb_Complex_in_Phước_Vĩnh_Đông_Commune,_Cần_Giuộc,_Việt_Nam_(11)_198204656.png","Stone pillar top featuring a carved lotus bud shape, situated outdoors amidst green vegetation. The weathered gray stone structure sits atop a square base, showing signs of age and exposure to elements."
"/Users/jenfnguyen/Documents/Dev/KIS-AAI-DM-Master/data/caption_project/vietnam_architecture/Ancient_Tomb_Complex_in_Phước_Vĩnh_Đông_Commune,_Cần_Giuộc,_Việt_Nam_(12)_198204655.png",Stone finial shaped like a lotus bud sits atop a pillar or wall section. The weathered gray stone structure is surrounded by green leafy plants in an outdoor setting.
"/Users/jenfnguyen/Documents/Dev/KIS-AAI-DM-Master/data/caption_project/vietnam_architecture/Ancient_Tomb_Complex_in_Phước_Vĩnh_Đông_Commune,_Cần_Giuộc,_Việt_Nam_(13)_198204659.png","Stone tomb marker with an engraved rectangular top and a decorative motif at the center, surrounded by overgrown vegetation and dry branches in a grassy outdoor area."
"/Users/jenfnguyen/Documents/Dev/KIS-AAI-DM-Master/data/caption_project/vietnam_architecture/Ancient_Tomb_Complex_in_Phước_Vĩnh_Đông_Commune,_Cần_Giuộc,_Việt_Nam_(14)_198204662.png","A stone post with a square, tiered cap stands in an outdoor setting. The dark, weathered stone surface features faint, illegible carvings, surrounded by green plants and dry foliage."
"/Users/jenfnguyen/Documents/Dev/KIS-AAI-DM-Master/data/caption_project/vietnam_architecture/Ancient_Tomb_Complex_in_Phước_Vĩnh_Đông_Commune,_Cần_Giuộc,_Việt_Nam_(15)_198204661.png",Stone carving detail featuring a stylized floral or cloud motif on a weathered grey tomb marker. The structure is partially obscured by bright green leafy plants and tall grasses in an outdoor setting.
"/Users/jenfnguyen/Documents/Dev/KIS-AAI-DM-Master/data/caption_project/vietnam_architecture/Ancient_Tomb_Complex_in_Phước_Vĩnh_Đông_Commune,_Cần_Giuộc,_Việt_Nam_(16)_198204664.png",Stone carving detail on a tomb featuring a central floral motif flanked by two birds. The weathered grey stone surface is partially covered by green vines and vegetation in an outdoor setting.
"/Users/jenfnguyen/Documents/Dev/KIS-AAI-DM-Master/data/caption_project/vietnam_architecture/Ancient_Tomb_Complex_in_Phước_Vĩnh_Đông_Commune,_Cần_Giuộc,_Việt_Nam_(17)_198204667.png",Stone tomb structures featuring square pillars with lotus-shaped finials and rectangular enclosures are surrounded by dense green vegetation and palm trees in an outdoor setting.
"/Users/jenfnguyen/Documents/Dev/KIS-AAI-DM-Master/data/caption_project/vietnam_architecture/Ancient_Tomb_Complex_in_Phước_Vĩnh_Đông_Commune,_Cần_Giuộc,_Việt_Nam_(18)_198204666.png",A weathered stone tombstone features a rectangular shape with a carved decorative border at the top. The grey stone surface is partially obscured by dry brown vegetation and green plants in an outdoor setting.
"/Users/jenfnguyen/Documents/Dev/KIS-AAI-DM-Master/data/caption_project/vietnam_architecture/Ancient_Tomb_Complex_in_Phước_Vĩnh_Đông_Commune,_Cần_Giuộc,_Việt_Nam_(19)_198204676.png","Stone tombstone featuring weathered gray surfaces and carved decorative patterns at the top, surrounded by dry vegetation and other stone structures in an outdoor setting."
"/Users/jenfnguyen/Documents/Dev/KIS-AAI-DM-Master/data/caption_project/vietnam_architecture/Ancient_Tomb_Complex_in_Phước_Vĩnh_Đông_Commune,_Cần_Giuộc,_Việt_Nam_(2)_198204640.png",Stone tombs with tiered roof structures and carved details are situated in an overgrown area. The gray stone markers are surrounded by dense green vegetation and tall palm leaves.
"/Users/jenfnguyen/Documents/Dev/KIS-AAI-DM-Master/data/caption_project/vietnam_architecture/Ancient_Tomb_Complex_in_Phước_Vĩnh_Đông_Commune,_Cần_Giuộc,_Việt_Nam_(20)_198204672.png","Stone tomb marker featuring a rectangular slab with carved decorative patterns at the top, surrounded by other similar stone grave markers and overgrown green vegetation in an outdoor burial ground."
"/Users/jenfnguyen/Documents/Dev/KIS-AAI-DM-Master/data/caption_project/vietnam_architecture/Ancient_Tomb_Complex_in_Phước_Vĩnh_Đông_Commune,_Cần_Giuộc,_Việt_Nam_(22)_198204671.png","Weathered stone stele featuring carved decorative patterns and Chinese characters at the top, partially obscured by green plants and dry brown leaves growing at the base of the structure."
"/Users/jenfnguyen/Documents/Dev/KIS-AAI-DM-Master/data/caption_project/vietnam_architecture/Ancient_Tomb_Complex_in_Phước_Vĩnh_Đông_Commune,_Cần_Giuộc,_Việt_Nam_(23)_198204679.png",Stone post of a tomb structure featuring a square cap and a rectangular base with carved Chinese characters. The weathered gray stone is surrounded by green vegetation and dry plant debris.
"/Users/jenfnguyen/Documents/Dev/KIS-AAI-DM-Master/data/caption_project/vietnam_architecture/Ancient_Tomb_Complex_in_Phước_Vĩnh_Đông_Commune,_Cần_Giuộc,_Việt_Nam_(24)_198204677.png","Stone pillar of a tomb enclosure featuring a square, pyramid-shaped cap and weathered grey surfaces. The structure is surrounded by wild green vegetation and dry stalks in an outdoor setting."
"/Users/jenfnguyen/Documents/Dev/KIS-AAI-DM-Master/data/caption_project/vietnam_architecture/Ancient_Tomb_Complex_in_Phước_Vĩnh_Đông_Commune,_Cần_Giuộc,_Việt_Nam_(26)_198204683.png","Stone tomb detail featuring a carved floral motif and a lotus-shaped finial on a square pillar, surrounded by overgrown green vegetation in an outdoor setting."
"/Users/jenfnguyen/Documents/Dev/KIS-AAI-DM-Master/data/caption_project/vietnam_architecture/Ancient_Tomb_Complex_in_Phước_Vĩnh_Đông_Commune,_Cần_Giuộc,_Việt_Nam_(27)_198204684.png","Stone carving detail featuring a stylized bird motif and faint Chinese characters on a weathered, grey, textured surface. The relief work is integrated into a larger stone structure with visible signs of aging."
"/Users/jenfnguyen/Documents/Dev/KIS-AAI-DM-Master/data/caption_project/vietnam_architecture/Ancient_Tomb_Complex_in_Phước_Vĩnh_Đông_Commune,_Cần_Giuộc,_Việt_Nam_(28)_198204687.png","Stone tomb post featuring a square, tiered capstone with a weathered gray texture. The structure is surrounded by green vegetation and other stone grave elements in an outdoor cemetery setting."
"/Users/jenfnguyen/Documents/Dev/KIS-AAI-DM-Master/data/caption_project/vietnam_architecture/Ancient_Tomb_Complex_in_Phước_Vĩnh_Đông_Commune,_Cần_Giuộc,_Việt_Nam_(29)_198204689.png",Stone stele with carved decorative patterns at the top stands upright among overgrown green and dried vegetation. The rectangular grey stone surface shows signs of weathering and texture.
"/Users/jenfnguyen/Documents/Dev/KIS-AAI-DM-Master/data/caption_project/vietnam_architecture/Ancient_Tomb_Complex_in_Phước_Vĩnh_Đông_Commune,_Cần_Giuộc,_Việt_Nam_(3)_198204641.png",Weathered stone tomb featuring a central arched gate and decorative pillars topped with lotus-shaped finials. The structure is surrounded by dense green vegetation and palm trees in an open field.
"/Users/jenfnguyen/Documents/Dev/KIS-AAI-DM-Master/data/caption_project/vietnam_architecture/Ancient_Tomb_Complex_in_Phước_Vĩnh_Đông_Commune,_Cần_Giuộc,_Việt_Nam_(30)_198204691.png","A stone tomb structure features a central arched opening, a tiered roof, and decorative lotus-shaped finials on the corners. It is situated in a grassy area surrounded by dense green vegetation."
"/Users/jenfnguyen/Documents/Dev/KIS-AAI-DM-Master/data/caption_project/vietnam_architecture/Ancient_Tomb_Complex_in_Phước_Vĩnh_Đông_Commune,_Cần_Giuộc,_Việt_Nam_(31)_198204698.png","Stone finial atop a pillar or wall, featuring a rounded, weathered top element on a square base. The gray, textured surface shows signs of age, set against a blurred background with green plants."
"/Users/jenfnguyen/Documents/Dev/KIS-AAI-DM-Master/data/caption_project/vietnam_architecture/Ancient_Tomb_Complex_in_Phước_Vĩnh_Đông_Commune,_Cần_Giuộc,_Việt_Nam_(32)_198204701.png","Stone post cap with a square, tiered design sits atop a weathered concrete pillar. The structure is part of a low wall, surrounded by green grass and small orange and purple flowers."
"/Users/jenfnguyen/Documents/Dev/KIS-AAI-DM-Master/data/caption_project/vietnam_architecture/Ancient_Tomb_Complex_in_Phước_Vĩnh_Đông_Commune,_Cần_Giuộc,_Việt_Nam_(33)_198204703.png","Stone lotus bud finials sit atop square pillars of a weathered concrete tomb structure. The gray, textured masonry is surrounded by dense green vegetation in an outdoor setting."
"/Users/jenfnguyen/Documents/Dev/KIS-AAI-DM-Master/data/caption_project/vietnam_architecture/Ancient_Tomb_Complex_in_Phước_Vĩnh_Đông_Commune,_Cần_Giuộc,_Việt_Nam_(34)_198204708.png",Stone gate of a tomb featuring a curved archway and a miniature tiled roof structure on top. The weathered gray masonry is surrounded by green foliage and palm leaves in the background.
"/Users/jenfnguyen/Documents/Dev/KIS-AAI-DM-Master/data/caption_project/vietnam_architecture/Ancient_Tomb_Complex_in_Phước_Vĩnh_Đông_Commune,_Cần_Giuộc,_Việt_Nam_(35)_198204710.png","Tomb structure featuring a white plastered enclosure with a central arched entrance and small decorative pillars topped with lotus-shaped finials, situated in a field of tall green grass and palm trees."
"/Users/jenfnguyen/Documents/Dev/KIS-AAI-DM-Master/data/caption_project/vietnam_architecture/Ancient_Tomb_Complex_in_Phước_Vĩnh_Đông_Commune,_Cần_Giuộc,_Việt_Nam_(36)_198204713.png","Stone tomb structure featuring a small roof with crenelated details, surrounded by green vegetation and palm leaves. Several smaller stone pillars with lotus-shaped finials are positioned in the foreground and background."
"/Users/jenfnguyen/Documents/Dev/KIS-AAI-DM-Master/data/caption_project/vietnam_architecture/Ancient_Tomb_Complex_in_Phước_Vĩnh_Đông_Commune,_Cần_Giuộc,_Việt_Nam_(37)_198204715.png","Stone roof structure of a tomb featuring weathered gray surfaces, curved roof tiles, and a central arched element. The structure is set against a blurred background of green foliage."
"/Users/jenfnguyen/Documents/Dev/KIS-AAI-DM-Master/data/caption_project/vietnam_architecture/Ancient_Tomb_Complex_in_Phước_Vĩnh_Đông_Commune,_Cần_Giuộc,_Việt_Nam_(38)_198204718.png","Stone tomb structure featuring a tiered, tiled roof design with weathered grey surfaces. The base is white and rectangular, set against a background of green foliage and palm leaves."
"/Users/jenfnguyen/Documents/Dev/KIS-AAI-DM-Master/data/caption_project/vietnam_architecture/Ancient_Tomb_Complex_in_Phước_Vĩnh_Đông_Commune,_Cần_Giuộc,_Việt_Nam_(39)_198204726.png","Stone lotus bud finial sits atop a weathered concrete pillar of a tomb enclosure. The structure features gray, moss-covered surfaces and stepped walls, surrounded by green vegetation in an outdoor setting."
"/Users/jenfnguyen/Documents/Dev/KIS-AAI-DM-Master/data/caption_project/vietnam_architecture/Ancient_Tomb_Complex_in_Phước_Vĩnh_Đông_Commune,_Cần_Giuộc,_Việt_Nam_(40)_198204722.png","Stone tomb markers with tiered, square-based finials arranged in a row amidst tall green grass. The weathered gray stone structures feature pointed, carved tops and are situated in an outdoor cemetery setting."
"/Users/jenfnguyen/Documents/Dev/KIS-AAI-DM-Master/data/caption_project/vietnam_architecture/Ancient_Tomb_Complex_in_Phước_Vĩnh_Đông_Commune,_Cần_Giuộc,_Việt_Nam_(41)_198204727.png",Stone tomb structures with rectangular bases and small roof-like tops are surrounded by dense green vegetation. The grey concrete markers feature carved lotus bud finials and relief decorations in a garden setting.
"/Users/jenfnguyen/Documents/Dev/KIS-AAI-DM-Master/data/caption_project/vietnam_architecture/Ancient_Tomb_Complex_in_Phước_Vĩnh_Đông_Commune,_Cần_Giuộc,_Việt_Nam_(42)_198204728.png","A rectangular stone block partially buried in the ground is surrounded by dry, withered vegetation and some green leaves. The surface of the stone shows weathered textures and faint carved markings."
"/Users/jenfnguyen/Documents/Dev/KIS-AAI-DM-Master/data/caption_project/vietnam_architecture/Ancient_Tomb_Complex_in_Phước_Vĩnh_Đông_Commune,_Cần_Giuộc,_Việt_Nam_(43)_198204733.png","Stone tomb structure featuring a tiered roof with cylindrical tile details and a white, weathered wall. The grey masonry is surrounded by green foliage in an outdoor setting."
"/Users/jenfnguyen/Documents/Dev/KIS-AAI-DM-Master/data/caption_project/vietnam_architecture/Ancient_Tomb_Complex_in_Phước_Vĩnh_Đông_Commune,_Cần_Giuộc,_Việt_Nam_(44)_198204734.png",Weathered stone stele featuring carved cloud motifs at the top and Chinese characters engraved on the surface. The grey stone monument is partially surrounded by green leafy vegetation in an outdoor setting.
"/Users/jenfnguyen/Documents/Dev/KIS-AAI-DM-Master/data/caption_project/vietnam_architecture/Ancient_Tomb_Complex_in_Phước_Vĩnh_Đông_Commune,_Cần_Giuộc,_Việt_Nam_(45)_198204735.png",Stone tombs with rectangular bases and tiered roof structures are partially obscured by dense green foliage and palm leaves in an overgrown outdoor area.
"/Users/jenfnguyen/Documents/Dev/KIS-AAI-DM-Master/data/caption_project/vietnam_architecture/Ancient_Tomb_Complex_in_Phước_Vĩnh_Đông_Commune,_Cần_Giuộc,_Việt_Nam_(46)_198204740.png",Narrow concrete path winds through dense green vegetation and palm trees in a rural setting. The path is constructed from weathered stone slabs and is bordered by thick foliage and trees.
"/Users/jenfnguyen/Documents/Dev/KIS-AAI-DM-Master/data/caption_project/vietnam_architecture/Ancient_Tomb_Complex_in_Phước_Vĩnh_Đông_Commune,_Cần_Giuộc,_Việt_Nam_(47)_198204741.png",Multiple stone tombs with tiered roof structures are situated in a field overgrown with green vegetation and palm trees. The grey stone monuments feature carved details and are partially obscured by wild plants.
"/Users/jenfnguyen/Documents/Dev/KIS-AAI-DM-Master/data/caption_project/vietnam_architecture/Ancient_Tomb_Complex_in_Phước_Vĩnh_Đông_Commune,_Cần_Giuộc,_Việt_Nam_(48)_198204742.png",Stone tomb structure featuring a tiered roof with carved decorative ridges and floral motifs on the base. The grey stone surface is weathered and surrounded by dense green vegetation in an outdoor setting.
"/Users/jenfnguyen/Documents/Dev/KIS-AAI-DM-Master/data/caption_project/vietnam_architecture/Ancient_Tomb_Complex_in_Phước_Vĩnh_Đông_Commune,_Cần_Giuộc,_Việt_Nam_(49)_198204754.png","Stone tomb structure featuring intricate relief carvings of floral patterns and mythical creatures, partially obscured by dense green vegetation and vines growing over the grey weathered stone surfaces."
"/Users/jenfnguyen/Documents/Dev/KIS-AAI-DM-Master/data/caption_project/vietnam_architecture/Ancient_Tomb_Complex_in_Phước_Vĩnh_Đông_Commune,_Cần_Giuộc,_Việt_Nam_(5)_198204642.png",Multiple stone tombs with rectangular enclosures and decorative pillars stand in a grassy area. The gray stone structures feature carved details and are surrounded by dense palm trees and green vegetation.
"/Users/jenfnguyen/Documents/Dev/KIS-AAI-DM-Master/data/caption_project/vietnam_architecture/Ancient_Tomb_Complex_in_Phước_Vĩnh_Đông_Commune,_Cần_Giuộc,_Việt_Nam_(6)_198204643.png",Stone stele featuring a carved relief of clouds at the top and vertical columns of Chinese characters engraved in the center. The weathered grey surface is surrounded by bright green foliage.
"/Users/jenfnguyen/Documents/Dev/KIS-AAI-DM-Master/data/caption_project/vietnam_architecture/Ancient_Tomb_Complex_in_Phước_Vĩnh_Đông_Commune,_Cần_Giuộc,_Việt_Nam_(7)_198204645.png",Stone tomb featuring a small roof structure with carved details and lotus-shaped finials on the corner posts. The grey stone structure is surrounded by tall green vegetation and palm leaves.
"/Users/jenfnguyen/Documents/Dev/KIS-AAI-DM-Master/data/caption_project/vietnam_architecture/Ancient_Tomb_Complex_in_Phước_Vĩnh_Đông_Commune,_Cần_Giuộc,_Việt_Nam_(8)_198204648.png","Multiple stone tombs with rectangular bases and tiered roofs are situated in a field covered with dense green vegetation and palm trees. The structures are weathered and gray, surrounded by tall grasses."
"/Users/jenfnguyen/Documents/Dev/KIS-AAI-DM-Master/data/caption_project/vietnam_architecture/Ancient_Tomb_Complex_in_Phước_Vĩnh_Đông_Commune,_Cần_Giuộc,_Việt_Nam_(9)_198204647.png",Weathered stone tomb markers with rounded and pointed tops are partially obscured by dense green vegetation. These grey stone structures feature carved decorative patterns and are situated in an overgrown outdoor area.
"/Users/jenfnguyen/Documents/Dev/KIS-AAI-DM-Master/data/caption_project/vietnam_architecture/Angular_Decorative_Object,_Duong_Long,_13th_century,_Binh_Dinh_-_Museum_of_Cham_Sculpture_-_Danang,_Vietnam_-_DSC01479_34471979.png","Stone relief of a figure with hands pressed together in a prayer gesture, framed by an ornate leaf-like border, mounted in the corner of a plain white interior wall."
/Users/jenfnguyen/Documents/Dev/KIS-AAI-DM-Master/data/caption_project/vietnam_architecture/Anh-dep-nghia-trang-thien-duc-01290416_48440195.png,"Large light-colored stone slab featuring dark lettering stands beside a paved road lined with palm trees. The surrounding landscape includes green grass, various shrubs, and trees under a clear sky."
/Users/jenfnguyen/Documents/Dev/KIS-AAI-DM-Master/data/caption_project/vietnam_architecture/Anh_chup_thap_Rua_122918646.png,"Small multi-story pagoda illuminated at night, situated on a small island in the middle of a dark lake. The structure features arched openings and is reflected in the water below."
/Users/jenfnguyen/Documents/Dev/KIS-AAI-DM-Master/data/caption_project/vietnam_architecture/Anh_mo_98954032.png,"A large white reclining Buddha statue rests on a raised pedestal in the background of a landscaped garden featuring green lawns, trimmed hedges, and colorful flower beds with red and yellow blossoms."
/Users/jenfnguyen/Documents/Dev/KIS-AAI-DM-Master/data/caption_project/vietnam_architecture/Anh_nang_o_nghia_trang_158683655.png,"Concrete courtyard featuring circular planters with coniferous trees and red flags, leading to a gated entrance with a tiled roof. Multi-story residential buildings are visible in the background under a bright sky."
/Users/jenfnguyen/Documents/Dev/KIS-AAI-DM-Master/data/caption_project/vietnam_architecture/Anlapgiua_39618661.png,"Grey church exterior featuring two tall towers, arched doorways, and multiple niches containing statues. The facade is decorated with religious inscriptions, a star emblem, and banners, set above a wide stone staircase."
"/Users/jenfnguyen/Documents/Dev/KIS-AAI-DM-Master/data/caption_project/vietnam_architecture/Annam._Binh-dinh._Panorama_des_tours_cham,_en_deux_phototype_-_(photogr.)_A._S(alles)_-_btv1b53013102t_(1_of_2)_161195546.png","A stone tower stands alone on a grassy, sloped hillside. A river flows through the flat landscape in the distance under a pale, overcast sky in this black and white photograph."
"/Users/jenfnguyen/Documents/Dev/KIS-AAI-DM-Master/data/caption_project/vietnam_architecture/Annam._Binh-dinh._Panorama_des_tours_cham,_en_deux_phototype_-_(photogr.)_A._S(alles)_-_btv1b53013102t_(2_of_2)_161195552.png","A small, tall stone structure stands on a sloped, rocky hillside. The image is a negative, showing the building against a dark sky with a flat landscape visible in the distance."
"/Users/jenfnguyen/Documents/Dev/KIS-AAI-DM-Master/data/caption_project/vietnam_architecture/Annam._Binh-dinh._Panorama_des_tours_cham,_en_deux_phototype_-_(photogr.)_A._S(alles)_-_btv1b53013111s_(1_of_2)_154461633.png","Weathered brick tower structure with a vaulted roof and arched openings, standing on a hillside. The masonry shows significant erosion and loss of material, with vegetation growing on the upper sections."
"/Users/jenfnguyen/Documents/Dev/KIS-AAI-DM-Master/data/caption_project/vietnam_architecture/Annam._Binh-dinh._Panorama_des_tours_cham,_en_deux_phototype_-_(photogr.)_A._S(alles)_-_btv1b53013111s_(2_of_2)_154461640.png","Negative photographic image of a stone tomb structure with a curved roof and tiered base. The masonry shows signs of weathering and erosion, situated in an open, sparsely vegetated outdoor environment."
"/Users/jenfnguyen/Documents/Dev/KIS-AAI-DM-Master/data/caption_project/vietnam_architecture/Annam._Binh-dinh._Panorama_des_tours_cham,_en_deux_phototype_-_(photogr.)_A._S(alles)_-_btv1b53013128b_(1_of_2)_161225142.png","Two stone towers with tiered, pointed roofs stand on a grassy, rocky hill. The structures feature arched doorways and weathered masonry, positioned against a clear sky in a sparse landscape."
/Users/jenfnguyen/Documents/Dev/KIS-AAI-DM-Master/data/caption_project/vietnam_architecture/Annam._Phan-Rang._Tours_chams_et_terres_de_la_concession_du_baron_Pérignon_-_(photogr.)_A._S(alles)_-_btv1b53013244r_(1__160286603.png,"Stone towers with tiered, pointed roofs stand atop a grassy hill. The surrounding landscape consists of low-lying vegetation and flat plains stretching toward distant mountains under a cloudy sky."
/Users/jenfnguyen/Documents/Dev/KIS-AAI-DM-Master/data/caption_project/vietnam_architecture/Annam._Phan-Rang._Tours_chams_et_terres_de_la_concession_du_baron_Pérignon_-_(photogr.)_A._S(alles)_-_btv1b53013244r_(2__160286609.png,"Negative image showing a temple structure with a tiered roof perched on top of a hill, surrounded by vegetation and distant mountains under a dark, cloudy sky."
/Users/jenfnguyen/Documents/Dev/KIS-AAI-DM-Master/data/caption_project/vietnam_architecture/Annam._Qui-Nhon._Les_tours_chams_vues_de_la_route_-_(photogr.)_A._S(alles)_-_btv1b53013133h_(1_of_2)_162556008.png,"Brick tower structure with a square base and tiered roof, showing signs of decay and vegetation growth on its upper sections. It stands in an open, sandy area surrounded by low trees and shrubs."
/Users/jenfnguyen/Documents/Dev/KIS-AAI-DM-Master/data/caption_project/vietnam_architecture/Annam._Qui-Nhon._Les_tours_chams_vues_de_la_route_-_(photogr.)_A._S(alles)_-_btv1b53013133h_(2_of_2)_162556017.png,Negative image of a brick temple tower featuring a tiered roof structure and arched doorways. The building is surrounded by dense vegetation and stands near a body of water.
"/Users/jenfnguyen/Documents/Dev/KIS-AAI-DM-Master/data/caption_project/vietnam_architecture/Annam._Qui-Nhon._Tour_cham,_soubassement_angle_du_n(ord)-e(st)_de_la_tour_du_nord_-_(photogr.)_A._S(alles)_-_btv1b530131_160618216.png",Stone architectural fragments with carved floral and geometric patterns lie on the ground amidst vegetation. These weathered blocks feature detailed relief work and are stacked in a pile outdoors.
"/Users/jenfnguyen/Documents/Dev/KIS-AAI-DM-Master/data/caption_project/vietnam_architecture/Annam._Qui-Nhon._Tour_cham,_soubassement_angle_du_n(ord)-e(st)_de_la_tour_du_nord_-_(photogr.)_A._S(alles)_-_btv1b530131_160618227.png",Stone architectural detail featuring tiered horizontal bands with carved floral and geometric motifs. The weathered surface shows signs of erosion and is partially obscured by foliage in this monochrome photograph.
/Users/jenfnguyen/Documents/Dev/KIS-AAI-DM-Master/data/caption_project/vietnam_architecture/Annam._Qui-Nhon._Tours_chams_vues_de_l'o(uest)-s(ud)-o(uest)_-_(photogr.)_A._S(alles)_-_btv1b530132310_(1_of_2)_160982145.png,"Two weathered brick towers stand in a field, featuring pointed arch doorways and remnants of decorative carvings. Vegetation grows from the top and sides of the damaged structures under a clear sky."
/Users/jenfnguyen/Documents/Dev/KIS-AAI-DM-Master/data/caption_project/vietnam_architecture/Annam._Qui-Nhon._Tours_chams_vues_de_l'o(uest)-s(ud)-o(uest)_-_(photogr.)_A._S(alles)_-_btv1b530132310_(2_of_2)_160982152.png,Two brick towers with pointed arched entrances and tiered roof structures stand amidst vegetation. This negative image shows the weathered masonry walls and architectural details of these structures in an outdoor setting.
/Users/jenfnguyen/Documents/Dev/KIS-AAI-DM-Master/data/caption_project/vietnam_architecture/Annam._Qui-Nhon._Tours_chams_vues_du_N(ord)_-_(photogr.)_A._S(alles)_-_btv1b53013228q_(1_of_2)_161085318.png,"Brick tower structure featuring a tiered roof with repeating decorative motifs. The exterior walls show signs of weathering and vegetation growth, set against a background of hills and open ground."
/Users/jenfnguyen/Documents/Dev/KIS-AAI-DM-Master/data/caption_project/vietnam_architecture/Annam._Qui-Nhon._Tours_chams_vues_du_N(ord)_-_(photogr.)_A._S(alles)_-_btv1b53013228q_(2_of_2)_161085325.png,Negative image of a tall brick tower temple featuring a tiered roof with decorative niches. The structure is surrounded by vegetation and set against a backdrop of hills in an open field.
/Users/jenfnguyen/Documents/Dev/KIS-AAI-DM-Master/data/caption_project/vietnam_architecture/Annam._Qui-Nhon._Tours_chams_vues_du_n(ord)-e(st)_-_(photogr.)_A._S(alles)_-_btv1b53013201r_(1_of_2)_161448469.png,Brick Cham tower featuring a tiered roof and arched niches on the exterior walls. The structure stands in a field with low vegetation and is backed by a large mountain range.
/Users/jenfnguyen/Documents/Dev/KIS-AAI-DM-Master/data/caption_project/vietnam_architecture/Annam._Qui-Nhon._Tours_chams_vues_du_n(ord)-e(st)_-_(photogr.)_A._S(alles)_-_btv1b53013201r_(2_of_2)_161448477.png,Negative image of a brick temple tower featuring a tiered roof and arched doorways. The structure is surrounded by vegetation and set against a backdrop of rolling hills in a landscape.
/Users/jenfnguyen/Documents/Dev/KIS-AAI-DM-Master/data/caption_project/vietnam_architecture/Annam._Qui-Nhon._Tours_chams_vues_du_n(ord)-o(uest)_(entrée)_-_(photogr.)_A._S(alles)_-_btv1b53013221k_(1_of_2)_161085357.png,"Brick temple ruins featuring vertical pilasters and stone door frames, partially covered by climbing vines. The structure is situated in a hilly landscape with dense vegetation in the foreground."
/Users/jenfnguyen/Documents/Dev/KIS-AAI-DM-Master/data/caption_project/vietnam_architecture/Annam._Qui-Nhon._Tours_chams_vues_du_n(ord)-o(uest)_(entrée)_-_(photogr.)_A._S(alles)_-_btv1b53013221k_(2_of_2)_161085363.png,"Negative photographic image of a stone structure with arched doorways and vertical pillars, partially obscured by overgrown vegetation. The building features masonry walls and is surrounded by low-lying plants."
/Users/jenfnguyen/Documents/Dev/KIS-AAI-DM-Master/data/caption_project/vietnam_architecture/Annam._Sur_la_route_Mandarine._Tours_cham_au_n(ord)_de_Phan-rang_-_(photogr.)_A._S(alles)_-_btv1b531722880_(1_of_3)_161969131.png,"Brick Cham tower with a tiered, pyramidal roof structure standing on a grassy hill. The exterior walls feature vertical pilasters and arched niches, surrounded by sparse vegetation and distant mountains under a clear sky."
/Users/jenfnguyen/Documents/Dev/KIS-AAI-DM-Master/data/caption_project/vietnam_architecture/Annam._Sur_la_route_Mandarine._Tours_cham_au_n(ord)_de_Phan-rang_-_(photogr.)_A._S(alles)_-_btv1b531722880_(2_of_3)_161969143.png,"Negative photographic image of a brick tower structure with a tiered roof, featuring vertical pilasters and arched niches on its exterior walls, surrounded by vegetation and trees in an open landscape."
/Users/jenfnguyen/Documents/Dev/KIS-AAI-DM-Master/data/caption_project/vietnam_architecture/Annam._Sur_la_route_Mandarine._Tours_cham_au_n(ord)_de_Phan-rang_-_(photogr.)_A._S(alles)_-_btv1b531722880_(3_of_3)_161969152.png,"Handwritten text on a light brown paper background provides information about a Cham tower located north of Phan-rang, dated April 29, 1898, with the name Molteni written at the bottom."
"/Users/jenfnguyen/Documents/Dev/KIS-AAI-DM-Master/data/caption_project/vietnam_architecture/Annam._Sur_la_route_mandarine._Tour_Cham,_au_n(ord)_de_Phan-rang_-_(photogr.)_A._S(alles)_-_btv1b531724750_(1_of_3)_160603623.png","Brick tower structure with a tiered roof and intricate carvings on the exterior walls. The building is weathered and surrounded by sparse vegetation, with trees growing from the top of the structure."
"/Users/jenfnguyen/Documents/Dev/KIS-AAI-DM-Master/data/caption_project/vietnam_architecture/Annam._Sur_la_route_mandarine._Tour_Cham,_au_n(ord)_de_Phan-rang_-_(photogr.)_A._S(alles)_-_btv1b531724750_(2_of_3)_160603640.png",Negative photographic image of a brick temple tower featuring a tiered roof structure and vertical pilasters. Vegetation grows from the weathered upper sections of the masonry walls in an outdoor setting.
"/Users/jenfnguyen/Documents/Dev/KIS-AAI-DM-Master/data/caption_project/vietnam_architecture/Annam._Sur_la_route_mandarine._Tour_Cham,_au_n(ord)_de_Phan-rang_-_(photogr.)_A._S(alles)_-_btv1b531724750_(3_of_3)_160603643.png","Handwritten text on a light brown paper envelope, featuring French script describing a Cham tower located north of Phan-rang, dated April 29, 1898, with a signature and a note about the photographic process."
/Users/jenfnguyen/Documents/Dev/KIS-AAI-DM-Master/data/caption_project/vietnam_architecture/Annam._Sur_la_route_mandarine._Tours_chams_au_n(ord)_de_Phan-rang_-_(photogr.)_A._S(alles)_-_btv1b53172352f_(1_of_3)_160764846.png,"Three brick temple towers stand in a field with a person leading a horse in the foreground. The structures are weathered and partially ruined, set against a backdrop of hills and sparse vegetation."
/Users/jenfnguyen/Documents/Dev/KIS-AAI-DM-Master/data/caption_project/vietnam_architecture/Annam._Sur_la_route_mandarine._Tours_chams_au_n(ord)_de_Phan-rang_-_(photogr.)_A._S(alles)_-_btv1b53172352f_(2_of_3)_162502019.png,"Negative photographic image showing several brick towers with tiered roofs situated in a field. A person stands next to a horse in the foreground, with trees and hills visible in the background."
/Users/jenfnguyen/Documents/Dev/KIS-AAI-DM-Master/data/caption_project/vietnam_architecture/Annam._Sur_la_route_mandarine._Tours_chams_au_n(ord)_de_Phan-rang_-_(photogr.)_A._S(alles)_-_btv1b53172352f_(3_of_3)_162502029.png,"Handwritten text in French on a piece of paper, providing details about a location and date. The document includes the date 29 Avril 1898 and mentions Cham towers."
/Users/jenfnguyen/Documents/Dev/KIS-AAI-DM-Master/data/caption_project/vietnam_architecture/Annam_-_Hué_-_La_Gare_136906003.png,A metal truss bridge crosses a small canal leading toward a colonial-style railway station building with a light-colored facade. A tall metal lamp post stands on the left side of the bridge.
/Users/jenfnguyen/Documents/Dev/KIS-AAI-DM-Master/data/caption_project/vietnam_architecture/Annam_-_Hué_-_Pagode_de_Gia-Long_dans_le_Palais_137001733.png,A two-story pagoda with a multi-tiered tiled roof stands in a courtyard. Several large bronze incense burners and a small statue under a canopy are placed on the paved ground in front.
"/Users/jenfnguyen/Documents/Dev/KIS-AAI-DM-Master/data/caption_project/vietnam_architecture/Antefix_with_ascetic_figure,_Thap_Mam,_Binh_Dinh,_12th-13th_century_AD,_sandstone_-_Museum_of_Vietnamese_History_-_Ho_Ch_40764320.png","Stone relief sculpture depicting a seated figure with hands in a prayer position, wearing a tall pointed hat, framed by an arched border, displayed against a plain light-colored wall."
/Users/jenfnguyen/Documents/Dev/KIS-AAI-DM-Master/data/caption_project/vietnam_architecture/Ao_Dai_6512492.png,"A woman in a white dress stands within a series of arched brick doorways. The structure features weathered masonry walls with visible graffiti, leading to an outdoor walkway with trees in the background."
/Users/jenfnguyen/Documents/Dev/KIS-AAI-DM-Master/data/caption_project/vietnam_architecture/Ap_Bac_Memorial_Gate_14632911.png,"Concrete gate structure spanning a road, featuring a central archway with a sign, topped with a red flag and multiple colorful flags. The structure is painted in beige and dark red tones."
/Users/jenfnguyen/Documents/Dev/KIS-AAI-DM-Master/data/caption_project/vietnam_architecture/Apollo_Cafe_Sunset_Town_Phu_Quoc_daytime_exterior_188753473.png,A teal-colored cafe structure with glass walls and a clock tower sits next to a large cylindrical building decorated with a red bow. Multi-story buildings with balconies are visible in the background.
/Users/jenfnguyen/Documents/Dev/KIS-AAI-DM-Master/data/caption_project/vietnam_architecture/Apollo_Cafe_daytime_street_view_Sunset_Town_Phu_Quoc_Vietnam_188753883.png,A modern cafe building features a cylindrical structure decorated with a large red bow and a prominent glass-walled tower. The facade incorporates metallic gear-like details and a sun-shaped logo above the entrance.
/Users/jenfnguyen/Documents/Dev/KIS-AAI-DM-Master/data/caption_project/vietnam_architecture/Approaching_Phu_Quoc_International_Airport_33840193.png,"Airport runway viewed from above, featuring a long paved strip with white markings, surrounded by flat, grassy terrain and distant hills under a cloudy sky. A terminal building is visible in the background."
/Users/jenfnguyen/Documents/Dev/KIS-AAI-DM-Master/data/caption_project/vietnam_architecture/Arrival_in_Hue_(12060068303)_31660172.png,Train station platform with a metal roof overhang covering a walkway next to a blue and red passenger train. People with backpacks stand on the concrete platform near the train carriages.
/Users/jenfnguyen/Documents/Dev/KIS-AAI-DM-Master/data/caption_project/vietnam_architecture/At_Hue_Citadel3_18644396.png,"Open-air pavilion with a green tiled roof and a long horizontal frieze featuring dragon motifs. The structure is supported by dark pillars, with a large bronze cauldron placed on the grassy lawn."
/Users/jenfnguyen/Documents/Dev/KIS-AAI-DM-Master/data/caption_project/vietnam_architecture/At_Hue_Citadel5_18647024.png,"Roof ridge detail of a structure featuring a central dragon head sculpture with an open mouth, flanked by ornate ceramic phoenix and floral motifs on curved roof ends with brown tiles."
/Users/jenfnguyen/Documents/Dev/KIS-AAI-DM-Master/data/caption_project/vietnam_architecture/At_the_National_Archives_Centre_I_03-02-2026._The_fence_184840771.png,"Modern multi-story institutional building featuring a curved facade, light-colored walls, and blue-tinted windows. A decorative metal gate stands in the foreground, with two Vietnamese flags flying near the entrance."
/Users/jenfnguyen/Documents/Dev/KIS-AAI-DM-Master/data/caption_project/vietnam_architecture/At_the_Saigon_Central_Post_Office_34418275.png,"Interior of a large public building featuring a high vaulted ceiling with arched supports, a portrait hanging on the back wall, and long wooden benches where people are sitting."
/Users/jenfnguyen/Documents/Dev/KIS-AAI-DM-Master/data/caption_project/vietnam_architecture/August_2003_Hoan_Kiem_2_108244758.png,"Small stone pagoda with three levels and pointed arched openings stands in the middle of a lake. The structure features a tiled roof with decorative dragon ornaments on the ridge, surrounded by trees."
/Users/jenfnguyen/Documents/Dev/KIS-AAI-DM-Master/data/caption_project/vietnam_architecture/Australian-funded_Learn_to_Swim_Program_will_save_lives._Vietnam_2009._Photo-_AusAID_(10676177076)_32167953.png,"A portable blue above-ground swimming pool with a metal frame is set up outdoors. The side of the pool features white banners with text and logos, while children wearing swim caps stand inside."
/Users/jenfnguyen/Documents/Dev/KIS-AAI-DM-Master/data/caption_project/vietnam_architecture/Aute_plants_at_RG30_Playground_of_Mạc_Thái_Tông_Street_11-03-2026_E1_185923049.png,"Green leafy plants grow behind a low red brick wall topped with a dark green metal railing. In the background, a modern gas station structure with blue pillars and a white ceiling is visible."
/Users/jenfnguyen/Documents/Dev/KIS-AAI-DM-Master/data/caption_project/vietnam_architecture/Aute_plants_at_RG30_Playground_of_Mạc_Thái_Tông_Street_11-03-2026_E2_185923048.png,"Low red brick wall topped with a dark green metal fence, featuring white spray-painted graffiti on the side and small green plants growing from the cracks along the base."
/Users/jenfnguyen/Documents/Dev/KIS-AAI-DM-Master/data/caption_project/vietnam_architecture/Autumn_shadow_at_Trung_Kính_Hạ_Playground_03-03-2026_185404962.png,"Metal gate with vertical bars stands between two beige concrete pillars at the entrance of a public space. Red triangular flags are strung between trees above the gate, and fallen leaves cover the ground."
/Users/jenfnguyen/Documents/Dev/KIS-AAI-DM-Master/data/caption_project/vietnam_architecture/Autumn_shadow_at_Trung_Kính_Hạ_Playground_06-03-2026_E08_185600284.png,A multi-story concrete building with a yellow sign featuring text sits behind a large tree with exposed roots. A metal fence and a low wall enclose the front area along a paved sidewalk.
/Users/jenfnguyen/Documents/Dev/KIS-AAI-DM-Master/data/caption_project/vietnam_architecture/Autumn_shadow_at_Trung_Kính_Hạ_Playground_06-03-2026_E09_185600287.png,A metal gate stands open at the entrance of a paved courtyard area featuring several trees with brown and green leaves. A multi-story building with white walls is visible in the background.
/Users/jenfnguyen/Documents/Dev/KIS-AAI-DM-Master/data/caption_project/vietnam_architecture/BFC_Hanoi_139133415.png,"Colonial building with a white facade located on a street corner, featuring a decorative pediment on the roof, rectangular windows, and ground-level metal grilles. Street signs and traffic lights are visible nearby."
/Users/jenfnguyen/Documents/Dev/KIS-AAI-DM-Master/data/caption_project/vietnam_architecture/BUDDIST_TEMPLE_TRAIMAT_VIETNAM_JAN_2012_(6818228324)_26364644.png,"A pagoda complex features multi-tiered roofs decorated with mosaic patterns and dragon sculptures. The structures are built with ceramic fragments and tiles, showcasing intricate architectural details against a clear blue sky."
/Users/jenfnguyen/Documents/Dev/KIS-AAI-DM-Master/data/caption_project/vietnam_architecture/BUDDIST_TEMPLE_TRAIMAT_VIETNAM_JAN_2012_(6818230776)_26364643.png,"Pagoda exterior featuring multi-tiered curved roofs decorated with intricate mosaic patterns. The structure is adorned with dragon sculptures on pillars and walls, set against a clear blue sky."
/Users/jenfnguyen/Documents/Dev/KIS-AAI-DM-Master/data/caption_project/vietnam_architecture/BUDDIST_TEMPLE_TRAIMAT_VIETNAM_JAN_2012_(6818233472)_26364640.png,"Interior of a pagoda featuring two rows of tall, ornate pillars wrapped in colorful dragon sculptures. The ceiling is painted with a blue sky and clouds, while the walls display detailed murals."
/Users/jenfnguyen/Documents/Dev/KIS-AAI-DM-Master/data/caption_project/vietnam_architecture/BUDDIST_TEMPLE_TRAIMAT_VIETNAM_JAN_2012_(7031903879)_26363801.png,"Multi-tiered pagoda featuring intricate mosaic decorations made of ceramic shards and glass. The structure is adorned with dragon sculptures and curved roof eaves, set against a blue sky with scattered clouds."
/Users/jenfnguyen/Documents/Dev/KIS-AAI-DM-Master/data/caption_project/vietnam_architecture/BVIS_indoor_swimming_pool_112732885.png,"Indoor swimming pool featuring multiple lanes marked by orange floating ropes, light-colored tiled walls, a white drop ceiling with recessed lights, and colorful triangular pennants hanging across the width of the room."
/Users/jenfnguyen/Documents/Dev/KIS-AAI-DM-Master/data/caption_project/vietnam_architecture/Ba_Den_Mountain_summit_temple_illuminated_night_fog_Tay_Ninh_Vietnam_186085132.png,"A large standing statue of a deity sits atop a multi-tiered circular stone platform on a mountain peak, surrounded by illuminated courtyards, paved walkways, and low clouds at dusk."
/Users/jenfnguyen/Documents/Dev/KIS-AAI-DM-Master/data/caption_project/vietnam_architecture/Ba_Dinh_Hall_1462359227_71b04ee08a_10459217.png,"Large rectangular government building with a flat roof, white walls, and dark red recessed sections featuring vertical pillars and grid patterns. A red flag flies above the structure, which is fronted by a lawn."
/Users/jenfnguyen/Documents/Dev/KIS-AAI-DM-Master/data/caption_project/vietnam_architecture/Ba_Dinh_Platz-_Hồ_Chí_Minh_Mausoleum_113073194.png,Large stone mausoleum with a flat roof and square columns stands behind a vast square featuring rectangular patches of green grass separated by paved stone walkways. Multiple red flags are displayed.
/Users/jenfnguyen/Documents/Dev/KIS-AAI-DM-Master/data/caption_project/vietnam_architecture/Ba_Dinh_Square_2007_3135202.png,Large rectangular stone mausoleum with a flat roof stands behind a wide green lawn being watered by sprinklers. A flagpole rises in front of the structure under a setting sun.
/Users/jenfnguyen/Documents/Dev/KIS-AAI-DM-Master/data/caption_project/vietnam_architecture/Ba_Dinh_Square_3004479.png,"Mausoleum with a tiered grey stone facade and rectangular columns stands in a large square. A tall flagpole is centered in front, with a line of uniformed guards standing on the paved ground."
/Users/jenfnguyen/Documents/Dev/KIS-AAI-DM-Master/data/caption_project/vietnam_architecture/Bac_Ha_Dinh_vua_meo_93307806.png,"Colonial building featuring a two-story facade with arched openings, fluted columns, and decorative balustrades. The structure is painted in yellow and red, with a central pediment displaying the year 1924."
"/Users/jenfnguyen/Documents/Dev/KIS-AAI-DM-Master/data/caption_project/vietnam_architecture/Bach_Dinh,_duong_Tran_phu,_Ba_ria_Vungtau,_Vietnam_-_panoramio_57538120.png","Colonial building with white plastered walls and arched windows featuring brick detailing. The structure has multiple levels with light blue wooden shutters, partially obscured by the branches of flowering trees in the foreground."
"/Users/jenfnguyen/Documents/Dev/KIS-AAI-DM-Master/data/caption_project/vietnam_architecture/Bach_Dinh,_duong_Tran_phu,_Tp_Vungtau,_Vietnam_-_panoramio_57573187.png",Colonial building with a symmetrical facade featuring arched doorways and windows with wooden shutters. The white exterior includes decorative brickwork around the arches and a horizontal frieze below the flat roofline.
"/Users/jenfnguyen/Documents/Dev/KIS-AAI-DM-Master/data/caption_project/vietnam_architecture/Bach_Ngoc,_Tran_Le_Xuan_Villa_01_17317511.png","Colonial building with a red tiled roof and light-colored walls stands behind a modern white structure with a flat roof and large glass windows, situated next to a rectangular swimming pool."
"/Users/jenfnguyen/Documents/Dev/KIS-AAI-DM-Master/data/caption_project/vietnam_architecture/Bach_Ngoc,_Tran_Le_Xuan_Villa_02_17317512.png",A swimming pool with light blue water sits in front of a colonial-style building with a red tiled roof and a stone foundation. A modern white structure with a slanted roof stands nearby.
"/Users/jenfnguyen/Documents/Dev/KIS-AAI-DM-Master/data/caption_project/vietnam_architecture/Bach_Ngoc,_Tran_Le_Xuan_Villa_03_17317510.png",Colonial building with a red tiled roof and cream walls sits on a stone retaining wall above a swimming pool. A modern white structure with a balcony and lattice screen stands in the foreground.
"/Users/jenfnguyen/Documents/Dev/KIS-AAI-DM-Master/data/caption_project/vietnam_architecture/Bach_dinh,_duong_Tran_phu,_tp_Vung_tau,_Vietnam_-_panoramio_57560666.png","Colonial building with a white facade featuring arched windows and gray shutters. A flat-roofed porch supported by pillars extends from the front, surrounded by potted plants and overhanging tree branches."
/Users/jenfnguyen/Documents/Dev/KIS-AAI-DM-Master/data/caption_project/vietnam_architecture/BahnarRong_1624917.png,"Communal house with a tall, steeply curved thatched roof and woven bamboo walls, elevated on wooden stilts. The structure is situated in an open area with trees in the background."
"/Users/jenfnguyen/Documents/Dev/KIS-AAI-DM-Master/data/caption_project/vietnam_architecture/Bahnar_Communal_House,_Museum_of_Ethnology,_Hanoi_(1)_(38463517682)_64218393.png","Communal house with a high, steeply pitched thatched roof and wooden stilt structure. A notched log serves as a staircase leading to the elevated entrance, surrounded by trees and a modern building."
"/Users/jenfnguyen/Documents/Dev/KIS-AAI-DM-Master/data/caption_project/vietnam_architecture/Bahnar_Communal_House,_Museum_of_Ethnology,_Hanoi_(2)_(37608808975)_64218390.png","Communal house with a tall, steeply pitched thatched roof made of brown straw. The structure is elevated on wooden stilts and features woven bamboo walls, situated in an outdoor area with trees."
"/Users/jenfnguyen/Documents/Dev/KIS-AAI-DM-Master/data/caption_project/vietnam_architecture/Bahnar_Communal_House,_Museum_of_Ethnology,_Hanoi_(3)_(38463492042)_64218409.png","Communal house with a tall, steeply pitched thatched roof supported by wooden stilts. The structure features woven bamboo walls and a decorative metal ridge ornament, set within a green, tree-filled outdoor area."
"/Users/jenfnguyen/Documents/Dev/KIS-AAI-DM-Master/data/caption_project/vietnam_architecture/Bahnar_Communal_House,_Museum_of_Ethnology,_Hanoi_(4)_(24623305738)_64218404.png","Communal house on stilts featuring a tall, steeply pitched thatched roof and wooden walls. The structure is elevated on thick wooden pillars, with a wooden staircase leading to the entrance."
"/Users/jenfnguyen/Documents/Dev/KIS-AAI-DM-Master/data/caption_project/vietnam_architecture/Bahnar_Communal_House,_Museum_of_Ethnology,_Hanoi_(5)_(37608752525)_64218377.png","Communal house with a tall, steep thatched roof and wooden stilts. People are walking on notched log ladders leading to the entrance, surrounded by trees and a modern high-rise building in the background."
/Users/jenfnguyen/Documents/Dev/KIS-AAI-DM-Master/data/caption_project/vietnam_architecture/Bahnar_Communal_House_at_the_Vietnam_Museum_of_Ethnology_88424481.png,"Communal house with a tall, steeply pitched thatched roof and woven bamboo walls stands on wooden stilts. A wooden staircase leads to the elevated platform, surrounded by green trees and grass."
/Users/jenfnguyen/Documents/Dev/KIS-AAI-DM-Master/data/caption_project/vietnam_architecture/BaiDing_Cong_TamQuan_8298937.png,"Pagoda exterior featuring a multi-tiered dark tiled roof with curved eaves, brick walls, and wooden doors. Two stone lion statues flank the wide stone staircase leading to the entrance in a courtyard."
"/Users/jenfnguyen/Documents/Dev/KIS-AAI-DM-Master/data/caption_project/vietnam_architecture/Balcony_fence_in_Hanoi,_Vietnam_27630866.png","A window or partition screen features a dark-colored metal grid frame with rectangular patterns. The grid is set against a translucent, frosted glass surface that allows light to pass through."
/Users/jenfnguyen/Documents/Dev/KIS-AAI-DM-Master/data/caption_project/vietnam_architecture/Balloons_over_Hoan_Kiem_lake_3096583.png,Small stone pagoda tower stands on a tiny island in the middle of a lake. Several colorful spherical balloons with long red ribbons float in the sky above the water and surrounding trees.
/Users/jenfnguyen/Documents/Dev/KIS-AAI-DM-Master/data/caption_project/vietnam_architecture/Bamboo_pipe_at_Vân_Anh_Iced_Tea_08-10-2025_178565585.png,"A sidewalk scene at night features a small plastic table and blue stools arranged on a paved surface. A long bamboo pipe rests against the table, with motorbikes and a bicycle parked nearby."
/Users/jenfnguyen/Documents/Dev/KIS-AAI-DM-Master/data/caption_project/vietnam_architecture/Bamboo_pipe_at_Vân_Anh_Iced_Tea_18-10-2025_178565581.png,Outdoor seating area on a paved sidewalk featuring blue plastic tables and small stools arranged under a tree. A bamboo water pipe stands upright on the ground near the tables.
/Users/jenfnguyen/Documents/Dev/KIS-AAI-DM-Master/data/caption_project/vietnam_architecture/Band_stand_near_the_statue_of_Ly_Thai_To_in_2014_63506588.png,"Octagonal open-air pavilion with a tiled hip roof and yellow decorative eaves stands in a paved plaza. The structure features dark wooden pillars and a low stone base, surrounded by trees and colonial-style buildings."
/Users/jenfnguyen/Documents/Dev/KIS-AAI-DM-Master/data/caption_project/vietnam_architecture/Band_stand_on_top_of_a_mountain_in_2014_63511012.png,"Open-sided wooden pavilion with a tiled hip roof stands on a rocky hillside path. The structure features wooden pillars and a simple railing, surrounded by thick fog and dark jagged rocks."
/Users/jenfnguyen/Documents/Dev/KIS-AAI-DM-Master/data/caption_project/vietnam_architecture/Bangantower_23324703.png,"Brick tower structure with a tall, pointed roof and arched doorways, showing signs of weathering and vegetation growth on the exterior. It stands in an open grassy field under a cloudy sky."
/Users/jenfnguyen/Documents/Dev/KIS-AAI-DM-Master/data/caption_project/vietnam_architecture/Banh_It2_15672292.png,"Red brick Cham tower featuring a tiered pyramidal roof and a smaller adjacent structure with a curved roof. The masonry is weathered with vegetation growing in the crevices, surrounded by green trees."
/Users/jenfnguyen/Documents/Dev/KIS-AAI-DM-Master/data/caption_project/vietnam_architecture/Banh_It_15672291.png,"Two red brick towers with tiered, pyramidal roofs stand on a hillside covered in green vegetation. These structures feature pointed arch entrances and intricate brickwork details, partially overgrown with small plants."
"/Users/jenfnguyen/Documents/Dev/KIS-AAI-DM-Master/data/caption_project/vietnam_architecture/Bank,_Hanoi_(23183320539)_181298253.png","Colonial-style building with a light pink stone facade, a central rotunda, and a flat roof topped with a flag. The exterior features vertical columns, decorative circular motifs, and long inscriptions along the roofline."
/Users/jenfnguyen/Documents/Dev/KIS-AAI-DM-Master/data/caption_project/vietnam_architecture/Bao_Dai's_Palace_1_129155624.png,"Colonial building with yellow walls, green shutters, and a terracotta tiled roof stands in a garden. The structure features arched windows on the ground floor and is surrounded by flower beds and trees."
/Users/jenfnguyen/Documents/Dev/KIS-AAI-DM-Master/data/caption_project/vietnam_architecture/Bao_Dai's_Summer_Palace_-_Bedroom_of_Princess_12030027.png,"Bedroom interior featuring two wooden beds with light blue bedding and yellow fabric drapes. Light blue curtains cover the wall behind the beds, and a doorway leads to another room."
/Users/jenfnguyen/Documents/Dev/KIS-AAI-DM-Master/data/caption_project/vietnam_architecture/Bao_Dai's_Summer_Palace_-_Garden_12030220.png,"Formal garden featuring symmetrical geometric hedges and manicured lawns, surrounded by trees and stone pathways. The landscape design includes rectangular and curved planting beds with small flowering plants and patches of soil."
/Users/jenfnguyen/Documents/Dev/KIS-AAI-DM-Master/data/caption_project/vietnam_architecture/Bao_Dai's_Summer_Palace_-_Garden_2_12031502.png,"Formal garden featuring geometric hedges and flower beds arranged in a symmetrical pattern. A stone pathway borders the green lawn, with trees and shrubs surrounding the landscaped area in a park setting."
/Users/jenfnguyen/Documents/Dev/KIS-AAI-DM-Master/data/caption_project/vietnam_architecture/Bao_Dai's_Summer_Palace_-_Long_Hallway_with_Arched_Doorway_17900030.png,"Interior hallway of a building featuring yellow walls, a red carpet runner, and a series of arched doorways. Two ceiling lights illuminate the long, narrow corridor leading to a bright room at the end."
/Users/jenfnguyen/Documents/Dev/KIS-AAI-DM-Master/data/caption_project/vietnam_architecture/Bao_Dai's_Summer_Palace_-_The_Queen's_Bedroom_1_12030025.png,"Interior bedroom featuring a low wooden bed frame with a curved headboard, beige curtains, and two matching armchairs placed around a small round table with a glass top and a flower arrangement."
/Users/jenfnguyen/Documents/Dev/KIS-AAI-DM-Master/data/caption_project/vietnam_architecture/Bao_Dai's_Summer_Palace_08_14530112.png,"Colonial building with a curved facade and a flat roof, featuring yellow tiled walls and a prominent circular porch supported by columns. Two Vietnamese flags fly above the structure, surrounded by gardens."
/Users/jenfnguyen/Documents/Dev/KIS-AAI-DM-Master/data/caption_project/vietnam_architecture/Bao_Quang_Pagoda_00_14837479.png,"Pagoda gate featuring a tiered green tiled roof with golden dragon ornaments. The structure is painted in yellow and red, with Chinese and Vietnamese characters inscribed on panels and red metal gates."
/Users/jenfnguyen/Documents/Dev/KIS-AAI-DM-Master/data/caption_project/vietnam_architecture/Bao_tang_Dak_Lak_10_11560938.png,"Colonial building with a brown tiled roof and cream-colored walls, featuring a raised terrace accessed by stone stairs. The structure is surrounded by tall trees and a low stone wall with hedges."
/Users/jenfnguyen/Documents/Dev/KIS-AAI-DM-Master/data/caption_project/vietnam_architecture/Bao_tang_Dak_Lak_11_11560926.png,"Two-story house featuring a brown tiled gabled roof, wooden upper walls, and a concrete lower level. The structure includes an external staircase, a small thatched hut nearby, and several benches on the lawn."
/Users/jenfnguyen/Documents/Dev/KIS-AAI-DM-Master/data/caption_project/vietnam_architecture/Bao_tang_Dak_Lak_12_11560930.png,"Colonial building with a brown tiled roof and cream-colored walls sits behind a stone retaining wall. A wide stone staircase leads up to the structure, surrounded by trees and a dirt courtyard."
/Users/jenfnguyen/Documents/Dev/KIS-AAI-DM-Master/data/caption_project/vietnam_architecture/Bao_tang_Dak_Lak_1_11560809.png,"Interior of a museum room featuring various woven bamboo baskets and agricultural tools displayed on red platforms. The space includes white walls, a dark wooden floor, and a glass display case."
/Users/jenfnguyen/Documents/Dev/KIS-AAI-DM-Master/data/caption_project/vietnam_architecture/Bao_tang_Dak_Lak_2_11560814.png,"Interior of a room with white walls and a herringbone patterned floor. The space contains a wooden display case with various tools, a black covered sedan chair on a red platform, and a tall spear."
/Users/jenfnguyen/Documents/Dev/KIS-AAI-DM-Master/data/caption_project/vietnam_architecture/Bao_tang_Dak_Lak_3_11560815.png,"Interior of a museum gallery featuring white walls, a dark wooden floor, and several glass display cases containing traditional clothing. Ceiling fans and fluorescent lights are mounted on the plain white ceiling."
/Users/jenfnguyen/Documents/Dev/KIS-AAI-DM-Master/data/caption_project/vietnam_architecture/Bao_tang_Dak_Lak_4_11560827.png,"Interior of a museum gallery displaying a wooden model of a stilt house on a platform, surrounded by large ceramic jars, a long wooden bench, and woven baskets hanging on white walls."
/Users/jenfnguyen/Documents/Dev/KIS-AAI-DM-Master/data/caption_project/vietnam_architecture/Bao_tang_Dak_Lak_5_11560875.png,"Colonial style building with a brown tiled roof and light-colored walls, featuring a veranda with wooden railings. The structure is surrounded by tall trees, large tropical plants, and a stone retaining wall."
/Users/jenfnguyen/Documents/Dev/KIS-AAI-DM-Master/data/caption_project/vietnam_architecture/Bao_tang_Dak_Lak_6_11560873.png,"A concrete walkway leads through a garden towards a small open-air pavilion with a gabled roof. The path is lined with white planters and trees, with a flagpole standing in the center."
/Users/jenfnguyen/Documents/Dev/KIS-AAI-DM-Master/data/caption_project/vietnam_architecture/Bao_tang_Dak_Lak_7_11560884.png,Colonial building with a brown tiled roof and dormer windows features a central staircase leading to a raised veranda. The structure is surrounded by trees and potted plants in a paved courtyard.
/Users/jenfnguyen/Documents/Dev/KIS-AAI-DM-Master/data/caption_project/vietnam_architecture/Bao_tang_Dak_Lak_8_11560876.png,"Colonial building with a brown tiled roof and dormer windows, featuring a central staircase leading to an entrance. The structure is set within a garden with paved paths and white planters."
/Users/jenfnguyen/Documents/Dev/KIS-AAI-DM-Master/data/caption_project/vietnam_architecture/Bao_tang_Dak_Lak_9_11560934.png,Colonial building with a brown tiled roof and yellow walls featuring white grid patterns on the gables. The structure has a long veranda with wooden railings and is surrounded by large trees.
/Users/jenfnguyen/Documents/Dev/KIS-AAI-DM-Master/data/caption_project/vietnam_architecture/Barbed_wire_encloses_the_security_compound_discipline_barracks_148772483.png,Barbed wire coils and wooden posts form a perimeter fence line. The structure includes vertical timber supports and a small wooden guard shelter visible on the right side of the frame.
/Users/jenfnguyen/Documents/Dev/KIS-AAI-DM-Master/data/caption_project/vietnam_architecture/Bareliefo_de_Long_Mã_en_pagodo_Linh_Phước_(Dalato)_98821849.png,"Ceramic mosaic relief of a mythical creature set within a rectangular window frame. The frame features intricate geometric patterns and colorful tile borders, with the creature depicted in shades of brown and green."
"/Users/jenfnguyen/Documents/Dev/KIS-AAI-DM-Master/data/caption_project/vietnam_architecture/Barracks_Phu_Quoc_PW_Camp,_January_1973_90454940.png","Small makeshift structure with a dark pitched roof and walls covered in burlap fabric. A group of men in uniform stands near the entrance, while small birds roam on the dirt ground."
/Users/jenfnguyen/Documents/Dev/KIS-AAI-DM-Master/data/caption_project/vietnam_architecture/Barracks_in_the_POW_compound_area_148772962.png,"Small house with corrugated metal walls painted with murals of landscapes and structures. The building features a simple gabled roof, an open porch with wooden pillars, and a low wooden fence in front."
"/Users/jenfnguyen/Documents/Dev/KIS-AAI-DM-Master/data/caption_project/vietnam_architecture/Basílica_de_Nuestra_Señora,_Ciudad_Ho_Chi_Minh,_Vietnam,_2013-08-14,_DD_09_30082755.png","Red brick church with two tall spires, a central rose window, and arched doorways. The facade features stone detailing, a clock, and crosses at the peaks, with vehicles parked in front."
/Users/jenfnguyen/Documents/Dev/KIS-AAI-DM-Master/data/caption_project/vietnam_architecture/Battle_of_Generals_6386070.png,"Ceramic relief sculpture depicting multiple figures on horseback and standing individuals in traditional attire. The detailed ornamentation is integrated into a building facade, featuring muted blue, green, and brown tones."
/Users/jenfnguyen/Documents/Dev/KIS-AAI-DM-Master/data/caption_project/vietnam_architecture/Battle_of_Tam_Quan_Vietnam_War_1968_aftermath_photo_by_PFC_Louie_de_Deaux_19th_Combat_Engineer_Battalion_129511569.png,Flooded rice paddies reflect the light of a sunset in a rural landscape. Silhouettes of palm trees and distant vegetation are visible against the bright sky on the horizon.
/Users/jenfnguyen/Documents/Dev/KIS-AAI-DM-Master/data/caption_project/vietnam_architecture/Beach-3058741_108933495.png,Pagoda complex featuring a multi-tiered wooden tower with curved roof corners and a long building with a red tiled roof. A large white statue stands in the background on a paved courtyard.
/Users/jenfnguyen/Documents/Dev/KIS-AAI-DM-Master/data/caption_project/vietnam_architecture/Beach-3058750_108933498.png,"Pagoda complex featuring a wide staircase with gold dragon carvings leading down to a courtyard with red-tiled roofs, overlooking the sea under a cloudy sunset sky."
/Users/jenfnguyen/Documents/Dev/KIS-AAI-DM-Master/data/caption_project/vietnam_architecture/Beads_from_Burial_Jacket_(9966963845)_102411683.png,"A wooden information plaque displays text in both Chinese and English, describing a string beads knitting jacket. The sign is mounted on a light-colored wood surface with a visible grain pattern."
/Users/jenfnguyen/Documents/Dev/KIS-AAI-DM-Master/data/caption_project/vietnam_architecture/Beads_from_Burial_Jacket_(9967038056)_102411682.png,"Small metallic objects including cowrie shells and spherical beads are arranged in a circular pattern on a dark rectangular display board, protected by a clear circular glass cover."
/Users/jenfnguyen/Documents/Dev/KIS-AAI-DM-Master/data/caption_project/vietnam_architecture/Beads_from_Burial_Jacket_(9967100723)_102411685.png,"Small decorative elements including metallic spheres and cowrie shells are arranged in a symmetrical pattern on a dark rectangular background, likely representing a detail from a larger architectural or craft display."
/Users/jenfnguyen/Documents/Dev/KIS-AAI-DM-Master/data/caption_project/vietnam_architecture/Beads_from_Burial_Jacket_(9967102673)_102411684.png,"A long string of small, circular, light-colored stone or shell beads lies on a plain, beige-colored display surface inside a museum setting. A thin red thread is tied at one end."
/Users/jenfnguyen/Documents/Dev/KIS-AAI-DM-Master/data/caption_project/vietnam_architecture/Beboidienxieccaheo_89259557.png,"Indoor pool facility featuring a large curved metal truss roof structure. The walls are decorated with a mural of a coastal landscape, and a small metal pedestrian bridge spans the edge of the pool."
"/Users/jenfnguyen/Documents/Dev/KIS-AAI-DM-Master/data/caption_project/vietnam_architecture/Belltower_at_the_Linh_Phuoc_Pagoda,_Dalat_17350378.png","Multi-tiered pagoda featuring curved tiled roofs, intricate wooden brackets, and decorative railings. A white stone statue of a seated figure on a mythical creature is positioned in the foreground against a clear blue sky."
/Users/jenfnguyen/Documents/Dev/KIS-AAI-DM-Master/data/caption_project/vietnam_architecture/Ben_phai_158683660.png,"Rows of dark red tiled tombs are arranged in a cemetery, featuring a central tall monument with a yellow star and Vietnamese text. Residential buildings are visible in the background under a cloudy sky."
/Users/jenfnguyen/Documents/Dev/KIS-AAI-DM-Master/data/caption_project/vietnam_architecture/Ben_trai_158683667.png,"A cemetery featuring rows of uniform, dark red tiled graves and a central monument with a tall, rectangular pillar. The site is paved with concrete and surrounded by residential buildings and trees."
/Users/jenfnguyen/Documents/Dev/KIS-AAI-DM-Master/data/caption_project/vietnam_architecture/Benh_vien_Loc_Ninh_89262259.png,Yellow colonial building with a flat roof featuring arched concrete supports. A sign above the entrance displays the text BENH VIEN LOC NINH with a red star in the center.
/Users/jenfnguyen/Documents/Dev/KIS-AAI-DM-Master/data/caption_project/vietnam_architecture/Benhairiver2_2178086.png,"Yellow concrete arched gate stands by a river, featuring a central emblem and text on the pediment. The base is constructed with stone masonry, and a road leads through the structure."
/Users/jenfnguyen/Documents/Dev/KIS-AAI-DM-Master/data/caption_project/vietnam_architecture/Bi_đình_Lăng_Khải_Định_58273483.png,A stone tomb structure features a tiered roof with dark grey tiles and ornate carvings. Two tall metal lamp posts stand on a stone terrace overlooking a landscape of trees and hills.
"/Users/jenfnguyen/Documents/Dev/KIS-AAI-DM-Master/data/caption_project/vietnam_architecture/Bi_đình_tưởng_niệm_Chiến_sĩ_trận_vong_tại_Hà_Nội,_thời_Pháp_thuộc_001_94564552.png","Open-sided pavilion with a tiled hip roof featuring curved corners and decorative ridge ornaments, supported by four cylindrical pillars on a stone platform, housing a central stone stele with an inscription."
"/Users/jenfnguyen/Documents/Dev/KIS-AAI-DM-Master/data/caption_project/vietnam_architecture/Bi_đình_tưởng_niệm_Chiến_sĩ_trận_vong_tại_Hà_Nội,_thời_Pháp_thuộc_002_94564737.png",Open-sided stone pavilion featuring a double-tiered tiled roof with curved corners and a central flame-shaped finial. A tall stone stele stands on a raised platform beneath the wooden roof structure.
"/Users/jenfnguyen/Documents/Dev/KIS-AAI-DM-Master/data/caption_project/vietnam_architecture/Bi_đình_tưởng_niệm_Chiến_sĩ_trận_vong_tại_Hà_Nội,_thời_Pháp_thuộc_94564378.png","Open-sided stone pavilion with a traditional curved tiled roof supported by four pillars, sheltering a central stone stele. The structure sits on a tiered stone base in a park with trees."
/Users/jenfnguyen/Documents/Dev/KIS-AAI-DM-Master/data/caption_project/vietnam_architecture/Bi_đình_tưởng_niệm_Chiến_sĩ_trận_vong_tại_Hà_Nội_94563348.png,"Open-sided pavilion with a two-tiered tiled roof and red wooden pillars sits in a park. The structure features curved roof corners and is surrounded by trees, benches, and paved walkways."
/Users/jenfnguyen/Documents/Dev/KIS-AAI-DM-Master/data/caption_project/vietnam_architecture/Bia_Phan_Văn_Trị_101209730.png,A weathered stone stele with a rounded top stands against a rough stone wall. The surface of the gray stone is covered in patches of green moss and shows signs of erosion.
/Users/jenfnguyen/Documents/Dev/KIS-AAI-DM-Master/data/caption_project/vietnam_architecture/Bia_Thien_Y_A_Na_92998850.png,Stone stele featuring a rectangular shape with carved dragon motifs along the vertical borders and a decorative top. The surface is inscribed with red Vietnamese text detailing historical information.
/Users/jenfnguyen/Documents/Dev/KIS-AAI-DM-Master/data/caption_project/vietnam_architecture/Bia_phai_158683670.png,"Memorial monument featuring a dark red tiled structure with an arched top and a central black stone plaque inscribed with names. A gold star sits above the list, and a small incense burner rests below."
/Users/jenfnguyen/Documents/Dev/KIS-AAI-DM-Master/data/caption_project/vietnam_architecture/Bia_trai_158683668.png,"Open-air pavilion with a tiled hip roof supported by four concrete pillars, sheltering a central red monument featuring a gold star and a plaque with numerous names, situated within a cemetery."
/Users/jenfnguyen/Documents/Dev/KIS-AAI-DM-Master/data/caption_project/vietnam_architecture/Bich_Cau_Reconstruction_-_Timbers_24572385.png,"Large cylindrical wooden logs are stacked on the ground in an outdoor workshop area. A striped plastic tarp provides shade over the timber, with residential buildings visible in the background."
/Users/jenfnguyen/Documents/Dev/KIS-AAI-DM-Master/data/caption_project/vietnam_architecture/Bich_Tong_temple_(8605989892)_66466326.png,Small open-sided pavilion with a tiled hip roof and stone pillars sits inside a limestone cave. A dark Buddha statue is positioned on a raised platform beneath the structure.
/Users/jenfnguyen/Documents/Dev/KIS-AAI-DM-Master/data/caption_project/vietnam_architecture/BigMountVungtau_1887141.png,Multiple small wooden fishing boats with colorful hulls float on the water in front of a large coastal mountain. Scattered houses are visible along the base of the mountain near the shoreline.
/Users/jenfnguyen/Documents/Dev/KIS-AAI-DM-Master/data/caption_project/vietnam_architecture/Big_bell_in_Chùa_Linh_Phước_-_panoramio_56269460.png,"Large bronze bell suspended in an interior space, featuring relief carvings and numerous yellow paper slips attached to its lower surface. The bell is supported by a dark wooden frame structure."
/Users/jenfnguyen/Documents/Dev/KIS-AAI-DM-Master/data/caption_project/vietnam_architecture/Binh_Son_tower_2_14638168.png,Tall square brick pagoda featuring multiple tiers with intricate carvings on each level. The structure stands in an open area with trees in the background under a clear blue sky.
/Users/jenfnguyen/Documents/Dev/KIS-AAI-DM-Master/data/caption_project/vietnam_architecture/Binh_Tay_market_10_134444584.png,"Interior of a multi-level market featuring a central split staircase with wooden railings. The space is filled with numerous small stalls displaying various goods, white walls, and a high ceiling structure."
/Users/jenfnguyen/Documents/Dev/KIS-AAI-DM-Master/data/caption_project/vietnam_architecture/Binh_Tay_market_12_134444616.png,Long arched roof covered in red corrugated metal sheets features a row of silver metal wind turbines. Adjacent buildings with flat roofs and urban structures are visible in the background under a cloudy sky.
/Users/jenfnguyen/Documents/Dev/KIS-AAI-DM-Master/data/caption_project/vietnam_architecture/Binh_Tay_market_134444398.png,"Interior of a market building featuring a central staircase leading to an upper level. The structure has high ceilings with exposed beams and geometric lattice patterns, with numerous stalls selling footwear on both sides."
/Users/jenfnguyen/Documents/Dev/KIS-AAI-DM-Master/data/caption_project/vietnam_architecture/Binh_Tay_market_13_134444626.png,"Corrugated metal roof of a large building features multiple silver turbine ventilators. In the background, a tall modern apartment tower and several multi-story residential buildings rise above the urban landscape under a blue sky."
/Users/jenfnguyen/Documents/Dev/KIS-AAI-DM-Master/data/caption_project/vietnam_architecture/Binh_Tay_market_15_134444655.png,Interior of a multi-level market building featuring a central staircase with red and yellow steps and wooden handrails. The space is filled with various stalls selling goods on both the ground and upper levels.
/Users/jenfnguyen/Documents/Dev/KIS-AAI-DM-Master/data/caption_project/vietnam_architecture/Binh_Tay_market_20_134444755.png,"Market building with a central yellow clock tower, tiled roofs, and a triangular pediment featuring blue and white decorative patterns. The entrance displays a large sign and banners above the doorway."
/Users/jenfnguyen/Documents/Dev/KIS-AAI-DM-Master/data/caption_project/vietnam_architecture/Binh_Tay_market_7_134444520.png,"Interior of a multi-level market building featuring a central concrete staircase with metal railings. The space is filled with numerous small stalls selling various goods, with yellow walls and geometric window patterns visible above."
/Users/jenfnguyen/Documents/Dev/KIS-AAI-DM-Master/data/caption_project/vietnam_architecture/Binh_Tay_market_8_134444560.png,"Interior of a multi-level market building featuring a central concrete staircase connecting the floors. The structure includes open walkways, metal railings, and numerous small stalls with signs displaying business names and contact information."
/Users/jenfnguyen/Documents/Dev/KIS-AAI-DM-Master/data/caption_project/vietnam_architecture/Biệt_Điện_Bảo_Đại_39675614.png,"Colonial building with yellow walls and a brown tiled roof featuring multiple dormer windows. A wide staircase leads to the entrance, flanked by two large, snake-shaped topiary hedges in the front yard."
/Users/jenfnguyen/Documents/Dev/KIS-AAI-DM-Master/data/caption_project/vietnam_architecture/Bones_(10076407026)_102445392.png,"Small, weathered, grey-brown ceramic fragments are arranged in a pattern on a plain, light-colored fabric surface. These pieces appear to be remnants of pottery or roof tiles displayed in a museum setting."
/Users/jenfnguyen/Documents/Dev/KIS-AAI-DM-Master/data/caption_project/vietnam_architecture/Brickwork_in_Cham_tower_Bánh_Ít_62391118.png,"Intricate floral carvings in a vertical panel on a weathered brick wall of a structure. The orange-brown brickwork shows signs of erosion and decay, with detailed interlaced patterns carved into the surface."
"/Users/jenfnguyen/Documents/Dev/KIS-AAI-DM-Master/data/caption_project/vietnam_architecture/Bridge,_Nam_Dinh_province,_Le_Trung_Hung_dynasty,_late_18th_century,_stone_-_National_Museum_of_Vietnamese_History_-_Han_40593798.png",Stone bridge with a curved arch spans a narrow water channel in a garden setting. The structure features carved stone animal statues at its base and is surrounded by white metal outdoor furniture.
"/Users/jenfnguyen/Documents/Dev/KIS-AAI-DM-Master/data/caption_project/vietnam_architecture/Bridge_Destroyed,_Camp_Evans,_1967_109872239.png","Destroyed concrete bridge structure with exposed metal rebar lying in a river, with two soldiers in military uniforms walking across the debris in a rural landscape under a clear sky."
/Users/jenfnguyen/Documents/Dev/KIS-AAI-DM-Master/data/caption_project/vietnam_architecture/Bridge_in_Central_Vietnam_-_panoramio_56950882.png,"Narrow wooden bridge spans a wide river, featuring a plank deck supported by simple wooden posts and thin wire railings. A person rides a motorcycle across the bridge toward the distant riverbank."
"/Users/jenfnguyen/Documents/Dev/KIS-AAI-DM-Master/data/caption_project/vietnam_architecture/Bridge_on_Route_1,_Quang_Tri,_Vietnam,_26_March_1967_109871480.png","Damaged metal truss bridge spanning a river with sections collapsed into the water. The dark steel structure is partially submerged, showing signs of severe structural failure against a clear sky background."
"/Users/jenfnguyen/Documents/Dev/KIS-AAI-DM-Master/data/caption_project/vietnam_architecture/Bridge_over_Rach_Lang_River,_district_of_Saigon,_1885_-_Brücke_über_den_Fluss_Rach_Lang,_Bezirk_Saigon,_1885_(French_Pho_148552709.png","Metal truss bridge spans a narrow river, supported by concrete piers. The structure is surrounded by palm trees and vegetation, with a person standing on the bridge deck in this black and white photograph."
/Users/jenfnguyen/Documents/Dev/KIS-AAI-DM-Master/data/caption_project/vietnam_architecture/Bright_(16168297349)_131873373.png,"Small pagoda structure with a multi-tiered roof sits on a tiny island in the middle of a lake at night. The building is illuminated by warm lights, reflecting clearly on the water surface."
/Users/jenfnguyen/Documents/Dev/KIS-AAI-DM-Master/data/caption_project/vietnam_architecture/Bright_night_(22505388068)_105289069.png,"Small multi-story stone pagoda structure illuminated at night, situated on a small island in the middle of a lake. Bright spotlights shine upward from the structure, reflecting onto the water surface."
/Users/jenfnguyen/Documents/Dev/KIS-AAI-DM-Master/data/caption_project/vietnam_architecture/Bronze_Ginger_Shredder_101335557.png,Two weathered bronze artifacts with perforated bowls and handle loops rest on a tan surface. These metal objects exhibit a greenish patina and appear to be displayed inside a museum setting.
/Users/jenfnguyen/Documents/Dev/KIS-AAI-DM-Master/data/caption_project/vietnam_architecture/Bronze_and_gold_tiger_16095211.png,"A flat, tiger-shaped object made of dark material with gold-colored leaf-like patterns and engraved characters on its body. The artifact is displayed behind a clear protective barrier in an indoor setting."
/Users/jenfnguyen/Documents/Dev/KIS-AAI-DM-Master/data/caption_project/vietnam_architecture/Bronze_and_silver_mirror_from_the_tomb_of_the_King_of_Nanyue_16090706.png,Circular bronze mirror with a central knob and intricate relief carvings featuring stylized floral or cloud patterns. The metallic surface shows signs of oxidation with shades of green and grey.
"/Users/jenfnguyen/Documents/Dev/KIS-AAI-DM-Master/data/caption_project/vietnam_architecture/Bronze_coins,_Ho_Dynasty,_15th_century_14705515.png",A display board features various circular metal coins with square center holes arranged in rows. Three rectangular labels with printed text are positioned among the coins on the light-colored surface.
/Users/jenfnguyen/Documents/Dev/KIS-AAI-DM-Master/data/caption_project/vietnam_architecture/Bronze_mortar_and_pestle_16090707.png,"A weathered metal mortar and a long, cylindrical metal pestle are displayed on a plain, light-colored surface. These objects appear to be artifacts from an exhibition, showing signs of oxidation and age."
/Users/jenfnguyen/Documents/Dev/KIS-AAI-DM-Master/data/caption_project/vietnam_architecture/Buddhist_Temple_(15406394356)_93844848.png,"Pagoda with a tiled roof featuring intricate dragon sculptures on the ridge. The structure has red wooden pillars, hanging red lanterns, and black panels with Chinese characters flanking the entrance."
/Users/jenfnguyen/Documents/Dev/KIS-AAI-DM-Master/data/caption_project/vietnam_architecture/Buddhist_flags_at_the_One_Piller_Pagoda_in_2016_(1)_50247242.png,"Buddhist flags hang in rows between trees in a courtyard, with a glimpse of a stone structure featuring a curved roof and ornate railings visible in the background under a blue sky."
/Users/jenfnguyen/Documents/Dev/KIS-AAI-DM-Master/data/caption_project/vietnam_architecture/Buddhist_flags_at_the_One_Piller_Pagoda_in_2016_(2)_50247244.png,"Outdoor market stalls with brown fabric awnings are arranged under trees, decorated with numerous colorful Buddhist flags hanging on lines above the walkway. People are walking and sitting near the stalls."
/Users/jenfnguyen/Documents/Dev/KIS-AAI-DM-Master/data/caption_project/vietnam_architecture/Buddhist_flags_at_the_One_Piller_Pagoda_in_2016_(3)_50247245.png,"Small wooden pagoda with a curved tiled roof stands on a single stone pillar in the middle of a pond. A stone staircase leads up to the structure, surrounded by trees and colorful prayer flags."
"/Users/jenfnguyen/Documents/Dev/KIS-AAI-DM-Master/data/caption_project/vietnam_architecture/Buddhist_temple,_Hanoi_(32423639148)_105755540.png","A small wooden pagoda structure with a curved tiled roof stands on a stone platform, accessed by a set of stone stairs. The surrounding area features potted plants, trees, and Buddhist flags."
"/Users/jenfnguyen/Documents/Dev/KIS-AAI-DM-Master/data/caption_project/vietnam_architecture/Buddhist_temple,_Hanoi_(44478572010)_105755567.png","Interior of a temple featuring two people in dark robes kneeling on a patterned red rug. The altar is decorated with gold carvings, hanging fabric banners, fruit offerings, and a central bronze incense burner."
/Users/jenfnguyen/Documents/Dev/KIS-AAI-DM-Master/data/caption_project/vietnam_architecture/Budhisma_statuo_en_nefinita_parto_de_pagodo_Linh_Phước_(Dalato)_98821871.png,"Large statue of a seated deity covered in small textured grains or seeds, featuring a circular halo behind the head and a small figure placed on the forehead, set against a blue backdrop."
/Users/jenfnguyen/Documents/Dev/KIS-AAI-DM-Master/data/caption_project/vietnam_architecture/Budhismaj_statuoj_en_nefinita_parto_de_pagodo_Linh_Phước_(Dalato)_01_98821868.png,Multiple golden statues of standing figures with elaborate halos are arranged in a row on square pedestals. They are situated in a covered area with pillars and a donation box nearby.
/Users/jenfnguyen/Documents/Dev/KIS-AAI-DM-Master/data/caption_project/vietnam_architecture/Budhismaj_statuoj_en_nefinita_parto_de_pagodo_Linh_Phước_(Dalato)_02_98821880.png,"A row of golden standing statues is positioned under a roof structure decorated with colorful ceramic mosaics and dragon motifs. The supporting pillars are also covered in intricate, multi-colored tile patterns."
/Users/jenfnguyen/Documents/Dev/KIS-AAI-DM-Master/data/caption_project/vietnam_architecture/Budhismaj_statuoj_en_nefinita_parto_de_pagodo_Linh_Phước_(Dalato)_98821867.png,"A large statue of a standing deity covered in brown textured material stands next to a smaller, smooth golden statue. Both are positioned indoors under a high metal-framed roof with vertical banners featuring Chinese characters."
/Users/jenfnguyen/Documents/Dev/KIS-AAI-DM-Master/data/caption_project/vietnam_architecture/Budhismaj_statuoj_en_pagodo_Linh_Phước_(Dalato)_01_98821859.png,"A large dragon-shaped structure made of dark ceramic tiles surrounds a central altar featuring a seated Buddha statue. Several colorful guardian statues stand on either side, set against a simple metal-roofed building."
"/Users/jenfnguyen/Documents/Dev/KIS-AAI-DM-Master/data/caption_project/vietnam_architecture/Bui_Thi_Xuan_High_School,_Da_Lat_01_14100047.png","School gate structure featuring two stone pillars and a blue metal archway with white text. Colorful flags are attached to the top, and a yellow banner is visible on the left side."
"/Users/jenfnguyen/Documents/Dev/KIS-AAI-DM-Master/data/caption_project/vietnam_architecture/Building_near_Palace_I,_02_17391173.png","Church exterior featuring two tall towers with textured tan walls and stone corner accents. A central pointed arch doorway leads inside, topped by a small cross, set against a grassy landscape."
/Users/jenfnguyen/Documents/Dev/KIS-AAI-DM-Master/data/caption_project/vietnam_architecture/Building_with_tiger_cages_3927424.png,"Yellow residential buildings feature projecting balconies enclosed by metal security cages. The structures have weathered plaster walls, various window styles, and external air conditioning units mounted on the exterior facades."
/Users/jenfnguyen/Documents/Dev/KIS-AAI-DM-Master/data/caption_project/vietnam_architecture/Buon_Ma_Thuot_3004527.png,"A roundabout features a tall concrete monument topped with a bronze sculpture and a tank positioned beneath a curved arch, surrounded by a fountain and a large multi-story building in the background."
/Users/jenfnguyen/Documents/Dev/KIS-AAI-DM-Master/data/caption_project/vietnam_architecture/Burger_King_in_Hanoi_88544868.png,"Colonial building featuring a second-story balcony with white columns and a balustrade, currently housing a fast food restaurant with prominent signage and red banners on the ground floor facade."
/Users/jenfnguyen/Documents/Dev/KIS-AAI-DM-Master/data/caption_project/vietnam_architecture/Burial_Artifacts_(10076285345)_102411528.png,"A technical drawing on a light background displays the distribution of burial artefacts on a coffin cover, featuring numbered icons, circular symbols, and descriptive text in both Chinese and English."
/Users/jenfnguyen/Documents/Dev/KIS-AAI-DM-Master/data/caption_project/vietnam_architecture/Burial_Artifacts_(10076315576)_102411531.png,"Technical drawing on a light-colored board illustrating the distribution of relics inside a coffin. The diagram features numerous numbered circular and linear shapes, accompanied by a detailed list of items at the bottom."
/Users/jenfnguyen/Documents/Dev/KIS-AAI-DM-Master/data/caption_project/vietnam_architecture/But_Thap_Temple_-_21_133862552.png,"Stone pagoda structure featuring two pillars carved with dragon motifs flanking a central niche containing a small seated statue. The base displays relief carvings of animals, and the roof has curved eaves."
/Users/jenfnguyen/Documents/Dev/KIS-AAI-DM-Master/data/caption_project/vietnam_architecture/Butiko_en_Hanojo_98642344.png,"Shophouse storefront featuring a narrow entrance filled with stacked bamboo mats and woven products. Two women sit on stools outside the shop, which is flanked by metal accordion security gates."
/Users/jenfnguyen/Documents/Dev/KIS-AAI-DM-Master/data/caption_project/vietnam_architecture/Buôn_Ma_Thuột_-_buildings_at_Exile_House_former_prison_Apr_2024_02_148107068.png,"Colonial-style buildings with yellow walls and dark tiled roofs feature arched blue doors. A paved walkway leads towards the structures, flanked by rows of neatly trimmed cone-shaped evergreen bushes."
/Users/jenfnguyen/Documents/Dev/KIS-AAI-DM-Master/data/caption_project/vietnam_architecture/Buôn_Ma_Thuột_-_buildings_at_Exile_House_former_prison_Apr_2024_03_148107067.png,Small yellow rectangular building with a red corrugated metal gable roof stands in a grassy garden. It features weathered wooden shutters on the windows and is surrounded by manicured shrubs and trees.
/Users/jenfnguyen/Documents/Dev/KIS-AAI-DM-Master/data/caption_project/vietnam_architecture/Buôn_Ma_Thuột_-_buildings_at_Exile_House_former_prison_Apr_2024_04_148107071.png,Yellow colonial-style buildings with green wooden shutters and brown tiled roofs line a central paved walkway. Rows of cone-shaped trimmed shrubs border the path leading to a gated entrance structure.
/Users/jenfnguyen/Documents/Dev/KIS-AAI-DM-Master/data/caption_project/vietnam_architecture/Buôn_Ma_Thuột_-_buildings_at_Exile_House_former_prison_Apr_2024_05_148107070.png,"Yellow colonial building exterior with a long wall featuring multiple green metal doors and small barred windows. The structure has a flat roofline and a red base, situated next to a paved courtyard."
/Users/jenfnguyen/Documents/Dev/KIS-AAI-DM-Master/data/caption_project/vietnam_architecture/Buôn_Ma_Thuột_-_buildings_at_Exile_House_former_prison_Apr_2024_06_148107073.png,"Small yellow temple with a gabled roof and green trim, featuring a metal incense burner in front. The facade displays decorative blue banners and a central wheel emblem above open doorways."
/Users/jenfnguyen/Documents/Dev/KIS-AAI-DM-Master/data/caption_project/vietnam_architecture/Bàn_ghế_nhựa_ở_Quảng_trường_tỉnh_Tiền_Giang_157880239.png,"Plastic chairs and tables are arranged on a tiled pavement overlooking a grassy field at dusk. In the distance, a multi-story building features a bright red illuminated sign against the dark blue sky."
/Users/jenfnguyen/Documents/Dev/KIS-AAI-DM-Master/data/caption_project/vietnam_architecture/Bàn_thờ_Quan_Công_(2)_28963881.png,"Interior altar featuring a central painting of a bearded man in yellow robes, framed by intricate red and gold carved wooden panels. A blue and white vase with flowers sits on the table."
/Users/jenfnguyen/Documents/Dev/KIS-AAI-DM-Master/data/caption_project/vietnam_architecture/Bàn_thờ_Quan_Công_28961952.png,"Interior of a temple featuring an elaborate wooden altar with intricate gold-painted carvings. A central portrait of a figure is framed by red and gold panels, with incense sticks placed in front."
/Users/jenfnguyen/Documents/Dev/KIS-AAI-DM-Master/data/caption_project/vietnam_architecture/Bên_trong_nhà_thờ_Năng_Gù_-_panoramio_52795160.png,"Interior of a church featuring a high vaulted ceiling with yellow ribs and white walls. Rows of wooden pews face the altar, which is decorated with religious statues and a central cross."
/Users/jenfnguyen/Documents/Dev/KIS-AAI-DM-Master/data/caption_project/vietnam_architecture/Bên_trong_nhà_thờ_gỗ_ở_Kon_Tum_50697068.png,"Interior of a church featuring dark wooden pillars, vaulted ceilings, and a central altar. A statue of the Virgin Mary stands above an inscription, with colorful decorative garlands hanging throughout the space."
"/Users/jenfnguyen/Documents/Dev/KIS-AAI-DM-Master/data/caption_project/vietnam_architecture/Bình_Lợi_Bridge,_built_by_the_Société_Constructions_Levallois-Perret_02_148552965.png","Metal truss bridge spans a wide river with a steam locomotive traveling across the tracks. The structure features riveted steel beams and girders, with vegetation visible along the distant riverbanks."
"/Users/jenfnguyen/Documents/Dev/KIS-AAI-DM-Master/data/caption_project/vietnam_architecture/Bình_đài_ở_tháp_Ponagar,_Nha_Trang_9988207.png","Brick tower temple complex featuring a central structure with a tiered roof, surrounded by multiple cylindrical pillars on a raised platform. The weathered orange brick construction is set against a clear blue sky."
/Users/jenfnguyen/Documents/Dev/KIS-AAI-DM-Master/data/caption_project/vietnam_architecture/Bưu_điện_Hà_Nội_đối_diện_với_tháp_Hòa_Phong_121403573.png,A white colonial-style building with tall columns stands beside a street with motorbikes and trees. A small stone structure with a tiered roof is visible on the left near a lake.
/Users/jenfnguyen/Documents/Dev/KIS-AAI-DM-Master/data/caption_project/vietnam_architecture/Bạch_Dinh-Súng_thần_công_24868171.png,"A dark metal cannon rests on a wheeled carriage atop a concrete platform. The setting features a stone balustrade overlooking the sea, with trees providing shade over the structure."
/Users/jenfnguyen/Documents/Dev/KIS-AAI-DM-Master/data/caption_project/vietnam_architecture/Bạch_dinh-Quạt_trần_24868174.png,"Vintage beige electrical fan speed controller with a circular dial numbered one to five mounted on a textured white interior wall, featuring a small metal label near the top."
/Users/jenfnguyen/Documents/Dev/KIS-AAI-DM-Master/data/caption_project/vietnam_architecture/Bạch_dinh-_hiện_vật_24868173.png,"Small metal tools and fasteners are displayed on a flat surface. The collection includes several elongated, dark metallic strips with loops at one end, arranged in rows alongside a cluster of thin, pointed objects."
/Users/jenfnguyen/Documents/Dev/KIS-AAI-DM-Master/data/caption_project/vietnam_architecture/Bạch_dinh-_đường_hầm_24868175.png,"Stone and brick wall featuring a recessed arched niche, partially obscured by green foliage and pink flowers. The structure is built from uneven, weathered stones and red bricks in an outdoor setting."
/Users/jenfnguyen/Documents/Dev/KIS-AAI-DM-Master/data/caption_project/vietnam_architecture/Bạch_dinh-ngà_voi_châu_Phi_24868169.png,"Interior room featuring pink walls, dark wooden furniture, and a central display with large tusks. A patterned rug covers the floor, and red curtains frame the open doorway leading to an outdoor area."
/Users/jenfnguyen/Documents/Dev/KIS-AAI-DM-Master/data/caption_project/vietnam_architecture/Bạch_dinh-phù_điêu_24868177.png,"Colonial building facade featuring an arched window with light blue louvered shutters. To the right, a circular medallion contains a small bust sculpture mounted on a decorative bracket against the white wall."
/Users/jenfnguyen/Documents/Dev/KIS-AAI-DM-Master/data/caption_project/vietnam_architecture/Bạch_dinh_-_Cầu_Thang_24868170.png,"Interior staircase with black metal railings featuring decorative scrollwork patterns. The walls are painted in a light cream color, and a recessed arched niche is visible on the upper wall section."
/Users/jenfnguyen/Documents/Dev/KIS-AAI-DM-Master/data/caption_project/vietnam_architecture/Bản_vẽ_thành_Quãng_Trị_năm_1913._Thành_Quảng_Trị_được_xây_vào_năm_Gia_Long_thứ_1_117958197.png,"Black and white drawing of a square fortress plan with bastions and a surrounding moat. The layout shows internal divisions, pathways, and a legend, presented as a technical architectural map on paper."
"/Users/jenfnguyen/Documents/Dev/KIS-AAI-DM-Master/data/caption_project/vietnam_architecture/Bảo_tháp_của_Chùa_Thiên_Mụ,_tháng_3_năm_2021_(1)_106177729.png",Octagonal pagoda constructed from reddish-brown bricks features multiple tiers with arched openings and decorative roof eaves. The structure stands among tall pine trees under a clear sky.
"/Users/jenfnguyen/Documents/Dev/KIS-AAI-DM-Master/data/caption_project/vietnam_architecture/Bảo_tháp_của_Chùa_Thiên_Mụ,_tháng_3_năm_2021_(2)_106177727.png","Octagonal brick pagoda tower with multiple stories and arched openings, featuring decorative panels with Chinese characters. The structure is surrounded by pine trees and deciduous trees under a clear sky."
"/Users/jenfnguyen/Documents/Dev/KIS-AAI-DM-Master/data/caption_project/vietnam_architecture/Bảo_tháp_của_Chùa_Thiên_Mụ,_tháng_3_năm_2021_(3)_106177736.png",Octagonal pagoda tower constructed from reddish-brown bricks features multiple levels with arched openings and decorative white panels. The structure is surrounded by pine trees and bare-branched trees against a clear sky.
"/Users/jenfnguyen/Documents/Dev/KIS-AAI-DM-Master/data/caption_project/vietnam_architecture/Bảo_tháp_của_Chùa_Thiên_Mụ,_tháng_3_năm_2021_(4)_106177731.png",Octagonal brick pagoda tower featuring multiple levels with curved tiled roofs and circular windows decorated with geometric patterns. The exterior walls are constructed from weathered brown bricks with visible signs of aging.
"/Users/jenfnguyen/Documents/Dev/KIS-AAI-DM-Master/data/caption_project/vietnam_architecture/Bảo_tháp_của_Chùa_Thiên_Mụ,_tháng_3_năm_2021_(5)_106177796.png",Octagonal seven-story pagoda constructed from weathered brown bricks with red-painted accents. The structure features arched openings on each level and stands on a stone base surrounded by trees and a grassy lawn.
"/Users/jenfnguyen/Documents/Dev/KIS-AAI-DM-Master/data/caption_project/vietnam_architecture/Bảo_tháp_của_Chùa_Thiên_Mụ,_tháng_3_năm_2021_(6)_106177794.png","Octagonal pagoda tower constructed from reddish-brown brick with seven levels. Each level features arched openings, tiled roof edges, and vertical stone panels inscribed with Chinese characters, surrounded by trees on a stone base."
"/Users/jenfnguyen/Documents/Dev/KIS-AAI-DM-Master/data/caption_project/vietnam_architecture/Bảo_tháp_của_Chùa_Thiên_Mụ,_tháng_3_năm_2021_(7)_106177795.png","Octagonal brick pagoda with seven tiers featuring arched openings, a weathered orange and brown facade, and stone-carved inscriptions on the lower level. The structure stands on a raised stone base surrounded by trees."
"/Users/jenfnguyen/Documents/Dev/KIS-AAI-DM-Master/data/caption_project/vietnam_architecture/Bảo_tháp_của_Chùa_Thiên_Mụ,_tháng_3_năm_2021_(8)_106177688.png",Octagonal brick pagoda with seven tiers rises behind a wide set of weathered brick stairs. The structure features arched openings on each level and is surrounded by green pine trees.
"/Users/jenfnguyen/Documents/Dev/KIS-AAI-DM-Master/data/caption_project/vietnam_architecture/Bảo_tháp_của_Chùa_Thiên_Mụ_(con_đường),_tháng_3_năm_2021_(11)_106177853.png","Octagonal brick pagoda with multiple levels stands in a garden setting. The structure features circular windows and tiled roofs, surrounded by paved walkways, green grass, and several tall pine trees."
"/Users/jenfnguyen/Documents/Dev/KIS-AAI-DM-Master/data/caption_project/vietnam_architecture/Bảo_tháp_của_Chùa_Thiên_Mụ_(con_đường),_tháng_3_năm_2021_(12)_106177854.png","Octagonal brick pagoda featuring multiple tiers with tiled roofs and circular windows, situated in a paved courtyard with pine trees and a stone stele nearby, overlooking a body of water."
"/Users/jenfnguyen/Documents/Dev/KIS-AAI-DM-Master/data/caption_project/vietnam_architecture/Bảo_tháp_của_Chùa_Thiên_Mụ_(con_đường),_tháng_3_năm_2021_(13)_106177842.png","Octagonal brick pagoda featuring multiple levels with small circular windows and tiled roofs, situated in a garden with paved walkways, pine trees, and a stone stele on a pedestal nearby."
"/Users/jenfnguyen/Documents/Dev/KIS-AAI-DM-Master/data/caption_project/vietnam_architecture/Bảo_tàng_Lịch_sử_Núi_Bà_Đen_Tây_Ninh,_KDL_Núi_Bà_Đen_18218355.png",Two-story building with a red tiled roof and light orange walls features an exterior staircase leading to the upper level. The structure is decorated with colorful triangular flags and several promotional banners.
/Users/jenfnguyen/Documents/Dev/KIS-AAI-DM-Master/data/caption_project/vietnam_architecture/Bảo_tàng_Lịch_sử_TP_(Chạm_nổi_Trần_Quốc_Toản_bóp_cam)_(3)_117259479.png,Bronze-colored metal relief sculpture depicting a standing figure in traditional Vietnamese attire with a sword at the waist. The background features swirling patterns representing water or clouds in a textured metallic finish.
"/Users/jenfnguyen/Documents/Dev/KIS-AAI-DM-Master/data/caption_project/vietnam_architecture/Bảo_tàng_Mỹ_thuật_Tp_(Kiến_trúc_tòa_nhà_vàng,_cận_cảnh,_hồ_nước_nhỏ)_(1)_124506715.png","Colonial building exterior featuring a yellow facade, a small fountain with green plants, and a balcony with blue ceramic balusters. The entrance has an arched doorway with decorative ironwork above."
"/Users/jenfnguyen/Documents/Dev/KIS-AAI-DM-Master/data/caption_project/vietnam_architecture/Bảo_tàng_Mỹ_thuật_Tp_(Kiến_trúc_tòa_nhà_vàng,_cận_cảnh,_hồ_nước_nhỏ)_(2)_124506716.png",Wall fountain featuring a circular stone ornament with a vertical white element set against a yellow wall with arched recesses. A small pond with water jets and green plants sits in front.
"/Users/jenfnguyen/Documents/Dev/KIS-AAI-DM-Master/data/caption_project/vietnam_architecture/Bảo_tàng_Mỹ_thuật_Tp_(Kiến_trúc_tòa_nhà_vàng,_cận_cảnh,_hồ_nước_nhỏ)_(3)_124506722.png","A yellow concrete wall with a circular decorative relief sits behind a small fountain. The fountain features multiple water jets, green shrubs, and a stone sculpture on a pedestal."
/Users/jenfnguyen/Documents/Dev/KIS-AAI-DM-Master/data/caption_project/vietnam_architecture/Bảo_tàng_Nghệ_thuật_điêu_khắc_Chàm_Đà_Nẵng_3187070.png,"A rectangular stone plaque with dark engraved text is mounted on a weathered stone base. The surface of the plaque is light gray, and green moss grows on the surrounding stone structure."
/Users/jenfnguyen/Documents/Dev/KIS-AAI-DM-Master/data/caption_project/vietnam_architecture/Bảo_tàng_hoa_24486185.png,Wooden house with a gable roof and intricate carved wooden panels on the facade. The building features an open entrance and is situated on a paved courtyard with outdoor seating arrangements.
/Users/jenfnguyen/Documents/Dev/KIS-AAI-DM-Master/data/caption_project/vietnam_architecture/Bến_Hội_An_10722958.png,"Row of yellow and brown shophouses with dark tiled roofs lines the riverbank, while several wooden boats float in the water. The buildings feature multiple stories and are illuminated by warm lights."
/Users/jenfnguyen/Documents/Dev/KIS-AAI-DM-Master/data/caption_project/vietnam_architecture/Bể_bơi_Hòn_Dấu_39630165.png,People swim and play in a large artificial wave pool at a water park. The pool features blue water and palm trees along the distant shore under a bright sky.
/Users/jenfnguyen/Documents/Dev/KIS-AAI-DM-Master/data/caption_project/vietnam_architecture/Bộ_bàn_ghế_khảm_xà_cừ_16703523.png,"Interior of a room displaying dark wooden furniture inlaid with mother-of-pearl, including two long benches, a central table, and a tall screen. The floor is tiled and white walls feature framed pictures."
/Users/jenfnguyen/Documents/Dev/KIS-AAI-DM-Master/data/caption_project/vietnam_architecture/Bộ_sưu_tập_hỏa_lò_93543833.png,"Metal stoves from the Nguyen era are displayed on a bright yellow wall inside a glass case. These small, cylindrical cooking implements show signs of age and oxidation."
/Users/jenfnguyen/Documents/Dev/KIS-AAI-DM-Master/data/caption_project/vietnam_architecture/Bộ_tư_lệnh_Hải_quân_94043343.png,"Colonial building entrance featuring a yellow facade with a series of arched openings and a central gate. A red sign with yellow text is mounted above the main archway, surrounded by large trees."
/Users/jenfnguyen/Documents/Dev/KIS-AAI-DM-Master/data/caption_project/vietnam_architecture/Bờ_biển_Vũng_Tàu_24868422.png,"Coastal city landscape featuring a curved road along the shoreline, a large green hill, and numerous buildings scattered at the base. Many small boats are floating in the blue water of the bay."
/Users/jenfnguyen/Documents/Dev/KIS-AAI-DM-Master/data/caption_project/vietnam_architecture/Bức_tranh_Sơn_Hà_Cẩm_Tú_của_Ngô_Viết_Thụ._24775513.png,A large rectangular painting depicting a landscape hangs on a white wall above a wooden cabinet with carved geometric patterns. Two blue and white ceramic vases are placed on either side of the cabinet.
/Users/jenfnguyen/Documents/Dev/KIS-AAI-DM-Master/data/caption_project/vietnam_architecture/Bức_tường_nghĩa_địa_BHHA_ng26th3n2022_127455753.png,A weathered concrete wall covered in blue and black graffiti stands beside a sidewalk. A street food vendor with a yellow cart and a red plastic chair operates nearby under a green umbrella.
"/Users/jenfnguyen/Documents/Dev/KIS-AAI-DM-Master/data/caption_project/vietnam_architecture/Bức_tường_nghĩa_địa_dài_như_dải_Gaza_ở_BHHA_xa_diệu_vợi,_ng18th12n2022_(1)_127455750.png",A long concrete wall covered in colorful graffiti runs along a narrow paved street in Vietnam. A person on a motorbike is parked near a utility pole covered with paper advertisements.
"/Users/jenfnguyen/Documents/Dev/KIS-AAI-DM-Master/data/caption_project/vietnam_architecture/Bức_tường_nghĩa_địa_dài_như_dải_Gaza_ở_BHHA_xa_diệu_vợi,_ng18th12n2022_(10)_127455760.png",A long concrete wall covered in colorful graffiti tags and illustrations runs alongside a paved road. Green trees are visible behind the wall under a bright blue sky with scattered clouds.
"/Users/jenfnguyen/Documents/Dev/KIS-AAI-DM-Master/data/caption_project/vietnam_architecture/Bức_tường_nghĩa_địa_dài_như_dải_Gaza_ở_BHHA_xa_diệu_vợi,_ng18th12n2022_(11)_127455764.png","Concrete wall featuring large, stylized black and white graffiti lettering. The wall is positioned along a paved road, with dense green foliage visible behind the structure under a bright blue sky."
"/Users/jenfnguyen/Documents/Dev/KIS-AAI-DM-Master/data/caption_project/vietnam_architecture/Bức_tường_nghĩa_địa_dài_như_dải_Gaza_ở_BHHA_xa_diệu_vợi,_ng18th12n2022_(2)_127455749.png","Concrete wall covered in blue and grey graffiti runs along a narrow paved street. The wall features stylized lettering and a character figure, with trees visible over the top edge."
"/Users/jenfnguyen/Documents/Dev/KIS-AAI-DM-Master/data/caption_project/vietnam_architecture/Bức_tường_nghĩa_địa_dài_như_dải_Gaza_ở_BHHA_xa_diệu_vợi,_ng18th12n2022_(3)_127455752.png",Concrete wall covered in blue and grey graffiti art runs alongside a narrow paved road. The wall is topped with metal fencing and bordered by green trees under a blue sky.
"/Users/jenfnguyen/Documents/Dev/KIS-AAI-DM-Master/data/caption_project/vietnam_architecture/Bức_tường_nghĩa_địa_dài_như_dải_Gaza_ở_BHHA_xa_diệu_vợi,_ng18th12n2022_(4)_127455754.png","Concrete wall covered in blue and grey graffiti art runs alongside a narrow paved street. Green trees overhang the top of the wall, and shadows are cast across the ground."
"/Users/jenfnguyen/Documents/Dev/KIS-AAI-DM-Master/data/caption_project/vietnam_architecture/Bức_tường_nghĩa_địa_dài_như_dải_Gaza_ở_BHHA_xa_diệu_vợi,_ng18th12n2022_(5)_127455755.png","Concrete wall covered in colorful graffiti tags runs along a narrow paved street with visible train tracks. A person on a motorcycle drives past the wall, which is shaded by nearby trees."
"/Users/jenfnguyen/Documents/Dev/KIS-AAI-DM-Master/data/caption_project/vietnam_architecture/Bức_tường_nghĩa_địa_dài_như_dải_Gaza_ở_BHHA_xa_diệu_vợi,_ng18th12n2022_(6)_127455756.png","Concrete wall covered in colorful graffiti art stands beside a paved road. The wall features blue and white spray-painted designs, with tree shadows cast across the surface and green foliage visible above."
"/Users/jenfnguyen/Documents/Dev/KIS-AAI-DM-Master/data/caption_project/vietnam_architecture/Bức_tường_nghĩa_địa_dài_như_dải_Gaza_ở_BHHA_xa_diệu_vợi,_ng18th12n2022_(7)_127455757.png","Concrete wall covered in black and white graffiti tags and stylized lettering, situated along a paved road with a partial view of a green scooter parked on the right side."
"/Users/jenfnguyen/Documents/Dev/KIS-AAI-DM-Master/data/caption_project/vietnam_architecture/Bức_tường_nghĩa_địa_dài_như_dải_Gaza_ở_BHHA_xa_diệu_vợi,_ng18th12n2022_(8)_127455759.png","Concrete wall covered in colorful graffiti runs along a narrow paved alleyway. Red plastic coolers are visible in the foreground, while a multi-story building stands in the background under a blue sky."
/Users/jenfnguyen/Documents/Dev/KIS-AAI-DM-Master/data/caption_project/vietnam_architecture/CQT_01_60024318.png,Concrete benches are arranged in a courtyard in front of a multi-story school building with a red tiled roof. Trees and shrubs are planted throughout the paved outdoor space.
"/Users/jenfnguyen/Documents/Dev/KIS-AAI-DM-Master/data/caption_project/vietnam_architecture/CV_Bách_Tùng_Diệp,_ng26th8n2022_(Bồn_chậu_hình_trống_đồng)_(1)_147340428.png","A large dark metal planter shaped like a Dong Son drum sits on a tiled outdoor patio. The planter features embossed patterns of birds and geometric motifs, containing a green leafy plant."
"/Users/jenfnguyen/Documents/Dev/KIS-AAI-DM-Master/data/caption_project/vietnam_architecture/CV_Bách_Tùng_Diệp,_ng26th8n2022_(Bồn_chậu_hình_trống_đồng)_(2)_147340429.png","Two large, dark metal planters shaped like traditional bronze drums sit on a tiled outdoor plaza. The planters feature embossed geometric patterns and stylized animal motifs, each containing a green leafy shrub."
"/Users/jenfnguyen/Documents/Dev/KIS-AAI-DM-Master/data/caption_project/vietnam_architecture/CV_Bách_Tùng_Diệp,_ng26th8n2022_(Bồn_chậu_đá)_(1)_147340424.png","A terracotta lotus-shaped pedestal stands on a square stone base on a sidewalk. The pedestal features intricate relief carvings of a pagoda, birds, and a boat, situated near trees and street vendors."
"/Users/jenfnguyen/Documents/Dev/KIS-AAI-DM-Master/data/caption_project/vietnam_architecture/CV_Bách_Tùng_Diệp,_ng26th8n2022_(Bồn_chậu_đá)_(2)_147340423.png","Terracotta pedestal featuring relief carvings of traditional buildings and figures, topped with a lotus-shaped bowl. The object sits on a stone base in a park with a building and trees in the background."
"/Users/jenfnguyen/Documents/Dev/KIS-AAI-DM-Master/data/caption_project/vietnam_architecture/CV_Bách_Tùng_Diệp,_ng26th8n2022_(Bồn_chậu_đá)_(3)_147340425.png","Terracotta lotus-shaped pedestal featuring intricate relief carvings of figures and animals, standing on a rectangular stone base in a public park area with paved walkways and surrounding greenery."
"/Users/jenfnguyen/Documents/Dev/KIS-AAI-DM-Master/data/caption_project/vietnam_architecture/CV_Bách_Tùng_Diệp,_ng26th8n2022_(Bồn_chậu_đá)_(4)_147340427.png","A large, terracotta-colored ceramic planter with intricate relief carvings of figures and animals sits on a rectangular stone pedestal. The background shows a yellow colonial-style building and a paved street."
"/Users/jenfnguyen/Documents/Dev/KIS-AAI-DM-Master/data/caption_project/vietnam_architecture/Cafe_Phố_Xưa_ở_Đông_Hà_(cổng_vào),_Tết_năm_2018_(2)_114595721.png","Brick gate with a curved red tile roof features an arched entrance and a hanging red lantern. A sign with the text Phố Xưa is mounted above the archway, surrounded by trees."
"/Users/jenfnguyen/Documents/Dev/KIS-AAI-DM-Master/data/caption_project/vietnam_architecture/Cafe_Phố_Xưa_ở_Đông_Hà_(kiến_trúc_cửa),_Tết_năm_2018_(26)_114595725.png","Red wooden louvered double doors are set into an exposed red brick wall. A fabric lantern hangs above the door frame, which features a horizontal ventilation grille and a concrete lintel."
"/Users/jenfnguyen/Documents/Dev/KIS-AAI-DM-Master/data/caption_project/vietnam_architecture/Cafe_Phố_Xưa_ở_Đông_Hà_(kiến_trúc_cửa),_Tết_năm_2018_(29)_114595730.png",Dark brown wooden window with six panels set into an exposed red brick wall. The window frame is painted light blue and features a decorative ventilation grill above it with potted plants.
/Users/jenfnguyen/Documents/Dev/KIS-AAI-DM-Master/data/caption_project/vietnam_architecture/Cafe_house_(16374167999)_136084667.png,"Colonial building with yellow walls and a brown tiled roof features a wrap-around balcony with white railings. The ground level includes green awnings, outdoor seating, and a busy street with motorbikes."
/Users/jenfnguyen/Documents/Dev/KIS-AAI-DM-Master/data/caption_project/vietnam_architecture/Caidonghomoneo_52831867.png,A wall clock shaped like a ship's steering wheel and anchor is mounted on a wall covered with green bamboo-patterned wallpaper. The clock has a dark brown frame and a white face.
"/Users/jenfnguyen/Documents/Dev/KIS-AAI-DM-Master/data/caption_project/vietnam_architecture/Campus,_University_of_Da_Lat_01_14098244.png","Entrance gate to a student dormitory featuring stone-patterned pillars and a large white sign with red text. The gate is surrounded by trees and a metal fence, with colorful flags hanging above."
/Users/jenfnguyen/Documents/Dev/KIS-AAI-DM-Master/data/caption_project/vietnam_architecture/Canh_11_1655909.png,"Interior of a building featuring white arched walls, concrete pillars, and wooden furniture. Ornate vertical wooden panels with carved Chinese characters are mounted on the pillars, alongside rectangular plaques with text."
/Users/jenfnguyen/Documents/Dev/KIS-AAI-DM-Master/data/caption_project/vietnam_architecture/Canh_13_1655912.png,"Yellow temple facade featuring arched doorways and white pillars decorated with small colorful tiles. Stone lion sculptures sit at the base of each pillar, and strings of triangular flags hang overhead."
/Users/jenfnguyen/Documents/Dev/KIS-AAI-DM-Master/data/caption_project/vietnam_architecture/Canh_1_1655846.png,"A man stands next to a large, grey, textured rock formation in a garden setting. In the background, a curved stone bridge with railings spans a path, surrounded by trees and palms."
/Users/jenfnguyen/Documents/Dev/KIS-AAI-DM-Master/data/caption_project/vietnam_architecture/Canh_2_1655873.png,"A stone arched bridge with decorative carvings spans a small pond in front of a temple complex. The scene includes a large bare tree, palm trees, and traditional multi-tiered roof structures."
/Users/jenfnguyen/Documents/Dev/KIS-AAI-DM-Master/data/caption_project/vietnam_architecture/Canh_61_1655918.png,"Yellow temple building with three arched entrances, a tiled roof with curved corners, and red-painted pillars. A large leafless tree stands behind the structure, while a person stands in the central doorway."
/Users/jenfnguyen/Documents/Dev/KIS-AAI-DM-Master/data/caption_project/vietnam_architecture/Canh_7_1655881.png,"Stone gate with a vaulted archway stands in front of a yellow building with a tiled roof. A man stands beside the gate, which features vertical inscriptions on its pillars and surrounding trees."
/Users/jenfnguyen/Documents/Dev/KIS-AAI-DM-Master/data/caption_project/vietnam_architecture/Canh_8_1655885.png,"A yellow-painted gate structure features a dark plaque with white text, topped by a small tiled roof and elaborate dragon-shaped masonry decorations. The structure stands against a weathered wall."
/Users/jenfnguyen/Documents/Dev/KIS-AAI-DM-Master/data/caption_project/vietnam_architecture/Cantonese_Assembly_Hall_3_87357861.png,"A large rectangular painting on a white wall depicts three figures in traditional attire standing behind a table, with a red lantern hanging from the ceiling above the artwork in an interior space."
/Users/jenfnguyen/Documents/Dev/KIS-AAI-DM-Master/data/caption_project/vietnam_architecture/Cantonese_Assembly_Hall_of_Hoi_An_(2024)_-_img_15_159932463.png,"A large, white, low-relief wall mural depicts figures on horseback and in traditional clothing within a snowy landscape. A man stands beside the wall, touching the relief of a horse."
"/Users/jenfnguyen/Documents/Dev/KIS-AAI-DM-Master/data/caption_project/vietnam_architecture/Cao_Dai_Holy_See,_main_entrance_6215455.png","Large gate structure featuring a yellow facade, a blue sign with text, and two colorful dragon sculptures on the roof. A blue metal gate stands in the center, leading to a distant tower."
/Users/jenfnguyen/Documents/Dev/KIS-AAI-DM-Master/data/caption_project/vietnam_architecture/Cao_Dai_Temple_Vietnam(2)_617197.png,"Interior wall decoration featuring multiple colorful relief sculptures of figures in traditional attire, set against a blue background with a lattice pattern of stylized clouds and a painted celestial ceiling."
"/Users/jenfnguyen/Documents/Dev/KIS-AAI-DM-Master/data/caption_project/vietnam_architecture/Cap_Saint-Jacques_-_Villa_du_Gouverneur_Général,_Promenade_de_la_Corniche_167607597.png","Colonial building with a hipped roof and a multi-story tower situated on a hillside overlooking the sea. A stone balustrade runs along the coastal promenade, connecting to the structure and surrounding landscape."
/Users/jenfnguyen/Documents/Dev/KIS-AAI-DM-Master/data/caption_project/vietnam_architecture/Capella_Hanoi_-_2022-09-02_01_122585559.png,"Colonial-style building featuring a white facade with dark accents, a prominent corner entrance with steps, and a statue on the roof. The structure is surrounded by dense trees on a street corner."
/Users/jenfnguyen/Documents/Dev/KIS-AAI-DM-Master/data/caption_project/vietnam_architecture/Capella_Hanoi_-_2022-09-02_02_122585555.png,"Multi-story colonial-style building with a white facade and dark accents, featuring a prominent corner entrance, balconies, and a statue on the roof. The structure is surrounded by mature trees on a street corner."
/Users/jenfnguyen/Documents/Dev/KIS-AAI-DM-Master/data/caption_project/vietnam_architecture/Capella_Hanoi_-_2022-09-02_03_122585556.png,"Colonial building facade featuring white walls, multiple floors with balconies, and dark metal accents. The structure is partially obscured by large green trees, with a curved entrance canopy visible at the bottom right."
/Users/jenfnguyen/Documents/Dev/KIS-AAI-DM-Master/data/caption_project/vietnam_architecture/Capella_Hanoi_Vietnam_190301827.png,Colonial building featuring white Art Deco facade with vertical geometric lines and a golden statue of a winged figure on the roof. The structure includes balconies and is partially obscured by trees.
"/Users/jenfnguyen/Documents/Dev/KIS-AAI-DM-Master/data/caption_project/vietnam_architecture/Carp_Pond_in_the_presidential_palace_gardens,_Hanoi_-_Vietnam_(15241365283)_93787299.png","A curved yellow balustrade borders a pond in a park setting. In the background, a dark wooden stilt house with a tiled roof stands among trees, alongside a light-colored building."
"/Users/jenfnguyen/Documents/Dev/KIS-AAI-DM-Master/data/caption_project/vietnam_architecture/Cathedrale_Bui_Chu,_Nam_Dinh_28847019.png","Yellow church facade with two tall square towers, arched doorways, and weathered plaster walls. The central pediment features a small statue, while potted plants are placed in front of the building."
"/Users/jenfnguyen/Documents/Dev/KIS-AAI-DM-Master/data/caption_project/vietnam_architecture/Cau_Dien_Bien_phu,_thap_nuoc,Phường_15,_Bình_Thạnh,_TPHCM,_Việt_Nam_-_panoramio_60297660.png","Tall, cylindrical concrete chimney tower stands prominently against a cloudy sky, featuring the vertical letters S, I, G, O, N. Nearby buildings are covered with large advertising billboards displaying sunflowers and a woman."
/Users/jenfnguyen/Documents/Dev/KIS-AAI-DM-Master/data/caption_project/vietnam_architecture/Cementerio_Y-Pha-Nho_198073678.png,White stone ossuary structure featuring a cross at the top with Latin inscriptions in black paint. The pediment displays decorative scrollwork and text above a rectangular entrance against a blue sky.
/Users/jenfnguyen/Documents/Dev/KIS-AAI-DM-Master/data/caption_project/vietnam_architecture/Cementerio_Y_Pha_Nho_198073676.png,"White stone tomb structure featuring a cross at the top with the inscription SPES UNICA. Below the cross, black painted text adorns the curved pediment, set against a clear blue sky."
/Users/jenfnguyen/Documents/Dev/KIS-AAI-DM-Master/data/caption_project/vietnam_architecture/Cemetery_in_Huế_(39766619094)_110974816.png,"A single-story temple with a red tile roof and yellow walls sits behind a red wooden fence. The roof ridge features colorful dragon sculptures and Chinese characters, while a blue sign stands on the sidewalk."
"/Users/jenfnguyen/Documents/Dev/KIS-AAI-DM-Master/data/caption_project/vietnam_architecture/Cemetery_in_Tứ_Liên,_Hanoi,_10_March_2019_77558487.png","Rows of uniform, hexagonal-shaped tombs constructed from dark red and black polished stone tiles fill a cemetery. Each tomb is marked with a white painted number, set against a backdrop of urban buildings."
"/Users/jenfnguyen/Documents/Dev/KIS-AAI-DM-Master/data/caption_project/vietnam_architecture/Centinelas_de_la_Guardia_de_honor_en_la_entrada_principal_del_Mausoleo_de_Ho_Chi_Minh,_Hanoi,_Vietnam_(41758845064)_109485565.png",Two guards in white uniforms stand on either side of a large wooden double door set into a grey stone wall. Two circular floral wreaths are placed on the steps flanking the entrance.
/Users/jenfnguyen/Documents/Dev/KIS-AAI-DM-Master/data/caption_project/vietnam_architecture/Central_Park_(246140937)_71327325.png,"Close-up detail of a spiral staircase featuring dark, smooth, radiating metal or wooden steps that converge at a single point on the left side of the frame."
/Users/jenfnguyen/Documents/Dev/KIS-AAI-DM-Master/data/caption_project/vietnam_architecture/Central_Park_(246140943)_71327326.png,"Modern bollard lights illuminate a paved walkway at night. These slender, vertical fixtures are arranged in a row along the path, casting light onto the rectangular stone tiles in a dark setting."
/Users/jenfnguyen/Documents/Dev/KIS-AAI-DM-Master/data/caption_project/vietnam_architecture/ChamMuiNe_304749.png,"Champa brick tower with a tiered, pyramidal roof and intricate carvings stands on a raised platform. A smaller, partially ruined brick structure is located nearby on a grassy, open site."
/Users/jenfnguyen/Documents/Dev/KIS-AAI-DM-Master/data/caption_project/vietnam_architecture/Cham_dancers_at_Po_Nagar_16038229.png,"Brick tower with a tiered, square-based structure and arched entrance stands behind a group of people performing a traditional dance on a red carpet in an outdoor paved area."
/Users/jenfnguyen/Documents/Dev/KIS-AAI-DM-Master/data/caption_project/vietnam_architecture/Cham_temple_in_Nha_Trang_10940486.png,"Brick tower temple featuring a stepped pyramid roof and a central arched entrance, accessed by a wide stone staircase. A large tree with bright red flowers partially obscures the structure."
/Users/jenfnguyen/Documents/Dev/KIS-AAI-DM-Master/data/caption_project/vietnam_architecture/Chammuseum3_20185321.png,"Interior space featuring a wooden palanquin with gold-painted dragon carvings and red accents, positioned on a red carpet. A small wooden table stands in front of the ornate structure."
/Users/jenfnguyen/Documents/Dev/KIS-AAI-DM-Master/data/caption_project/vietnam_architecture/Chammuseum_20185155.png,"A concrete walkway leads toward a yellow colonial building in the distance, flanked by manicured green hedges and palm trees. The path features stone steps and is surrounded by a garden."
/Users/jenfnguyen/Documents/Dev/KIS-AAI-DM-Master/data/caption_project/vietnam_architecture/Champa_Po_Nagar_Nha_Trang_3397220.png,Cham temple complex constructed from weathered red bricks featuring tiered pyramidal towers with pointed roofs. The structures stand on a paved courtyard surrounded by green trees under a cloudy sky.
/Users/jenfnguyen/Documents/Dev/KIS-AAI-DM-Master/data/caption_project/vietnam_architecture/Chandra_over_Trung_Kính_Hạ_Temple_05-10-2025_179687524.png,"Vertical utility pole with thick black cables stands prominently against a dark night sky. The moon shines brightly behind thin clouds, surrounded by silhouettes of tree branches in the foreground."
/Users/jenfnguyen/Documents/Dev/KIS-AAI-DM-Master/data/caption_project/vietnam_architecture/Chapel_Y_Pha_Nho_cemetery_63443356.png,"Small white tomb structure with a cross on the roof gable, featuring Latin inscriptions and decorative urns. The site includes several stone grave markers in a grassy area near a modern yellow building."
/Users/jenfnguyen/Documents/Dev/KIS-AAI-DM-Master/data/caption_project/vietnam_architecture/Characters_of_Journey_to_the_West_in_Chùa_Linh_Phước_-_panoramio_56269430.png,"White statues depicting figures from a journey are arranged in a line atop a grey, textured stone wall. In the background, a building with a red roof is partially visible."
/Users/jenfnguyen/Documents/Dev/KIS-AAI-DM-Master/data/caption_project/vietnam_architecture/Charles_Carpeaux_at_Mỹ_Sơn_47226050.png,A man in a pith helmet and a woman holding an umbrella sit on the stone steps of a ruined brick temple featuring intricate carvings and a weathered stone statue.
/Users/jenfnguyen/Documents/Dev/KIS-AAI-DM-Master/data/caption_project/vietnam_architecture/Charles_Carpeaux_before_a_gopura_de_Court_I_at_Đồng_Dương_53846083.png,Ruined brick temple structure featuring intricate carvings and a stone statue. A man in a light suit sits on the steps while a person holds an umbrella nearby amidst the debris.
/Users/jenfnguyen/Documents/Dev/KIS-AAI-DM-Master/data/caption_project/vietnam_architecture/Charpente_sculptée_-_Khung_sườn_nhà_được_chạm_khắc_37437213.png,Drawing showing architectural details of a wooden bracket system and a column base. The illustration features intricate carvings on the structural beams and a separate slender pillar with a decorative base.
/Users/jenfnguyen/Documents/Dev/KIS-AAI-DM-Master/data/caption_project/vietnam_architecture/Chengpan_gaozu_bei_718774.png,"A metal basin with a central jade candle holder stand, displayed inside a glass case. The artifact features a dark circular base and a light green stone cylinder supported by curved metal arms."
/Users/jenfnguyen/Documents/Dev/KIS-AAI-DM-Master/data/caption_project/vietnam_architecture/Chess_match_in_Hanoi_12-09-2025_178579633.png,People sit on small plastic stools at low tables on a sidewalk next to a large tree trunk at night. The urban street scene features motorbikes and traffic in the background.
"/Users/jenfnguyen/Documents/Dev/KIS-AAI-DM-Master/data/caption_project/vietnam_architecture/Chi_cuc_phat_trien_nong_thon,_6_Yen_The_street,_Da_Lat_17316869.png","Colonial-style villa featuring a brown tiled roof, yellow walls with dark timber framing, and a stone base. The structure is enclosed by a stone and metal fence, surrounded by trees."
/Users/jenfnguyen/Documents/Dev/KIS-AAI-DM-Master/data/caption_project/vietnam_architecture/Chinese_Charas_DN_Pagoda_13108483.png,"Two Chinese characters are embedded into a gray concrete wall, constructed from fragments of blue and white ceramic pottery pieces arranged to form the shapes of the characters."
/Users/jenfnguyen/Documents/Dev/KIS-AAI-DM-Master/data/caption_project/vietnam_architecture/Chiếc_bình_hồ_lô_vàng_trong_Nghĩa_trang_Trung_Minh_ng25th9n2022_(1)_123411177.png,Gourd-shaped ceramic ornament in a glossy orange finish sits atop a square pillar. The pillar is constructed with dark red panels framed by light-colored stone or concrete borders against a blue sky.
/Users/jenfnguyen/Documents/Dev/KIS-AAI-DM-Master/data/caption_project/vietnam_architecture/Chiếc_bình_hồ_lô_vàng_trong_Nghĩa_trang_Trung_Minh_ng25th9n2022_(2)_123411179.png,A yellow ceramic gourd-shaped ornament sits atop a square pillar structure. The base is constructed with dark red panels framed by light-colored stone or concrete borders against a cloudy blue sky.
/Users/jenfnguyen/Documents/Dev/KIS-AAI-DM-Master/data/caption_project/vietnam_architecture/Chiếc_bình_hồ_lô_vàng_trong_Nghĩa_trang_Trung_Minh_ng25th9n2022_(3)_123411178.png,"Gourd-shaped ceramic ornament in a bright orange glaze sits atop a square pillar structure. The pillar features white stone edges framing a dark red panel, set against a pale sky."
/Users/jenfnguyen/Documents/Dev/KIS-AAI-DM-Master/data/caption_project/vietnam_architecture/Chiếc_bình_hồ_lô_vàng_trong_Nghĩa_trrang_Trung_Minh_ng24th9n2022_(1)_123411183.png,Gourd-shaped ceramic ornament in a bright yellow color sits atop a square pillar structure. The pillar is constructed with light-colored stone frames surrounding dark red panels against a bright sky.
/Users/jenfnguyen/Documents/Dev/KIS-AAI-DM-Master/data/caption_project/vietnam_architecture/Chiếc_bình_hồ_lô_vàng_trong_Nghĩa_trrang_Trung_Minh_ng24th9n2022_(2)_123411184.png,"A tiered square structure features dark red panels framed by light-colored stone borders. A prominent, glossy yellow ceramic gourd-shaped ornament sits at the very top of the structure against a plain background."
/Users/jenfnguyen/Documents/Dev/KIS-AAI-DM-Master/data/caption_project/vietnam_architecture/Chiếc_bình_hồ_lô_vàng_trong_Nghĩa_trrang_Trung_Minh_ng24th9n2022_(3)_123411185.png,Gourd-shaped yellow ceramic finial sits atop a square pillar structure. The pillar features dark red panels framed by light-colored stone or tile borders against a bright blue sky.
/Users/jenfnguyen/Documents/Dev/KIS-AAI-DM-Master/data/caption_project/vietnam_architecture/Chiếc_bình_hồ_lô_vàng_trong_Nghĩa_trrang_Trung_Minh_ng24th9n2022_(4)_123411187.png,Gourd-shaped ceramic ornament in a glossy orange finish sits atop a square pillar structure. The pillar is constructed with dark red panels framed by light-colored stone tiles against a cloudy sky.
/Users/jenfnguyen/Documents/Dev/KIS-AAI-DM-Master/data/caption_project/vietnam_architecture/Cho_Binh_Tay_2011_-_panoramio_53854468.png,"Yellow market building with a central tower featuring a clock and tiled roof. The facade displays blue decorative tiles, multiple small flags, and a large entrance with text banners above the doorway."
/Users/jenfnguyen/Documents/Dev/KIS-AAI-DM-Master/data/caption_project/vietnam_architecture/Christ_the_King_Cathedral_Nha_Trang_5885086.png,"Stone church with a tall square clock tower stands on a hillside. In the foreground, a small white shrine with a statue of the Virgin Mary is labeled with the word MARIA."
"/Users/jenfnguyen/Documents/Dev/KIS-AAI-DM-Master/data/caption_project/vietnam_architecture/Chu_Văn_An_High_School,_New_Garden_113432016.png","Low concrete balustrade with circular cutouts surrounds a small garden area, featuring a short set of stairs. A colonial building with light-colored walls is partially visible in the background among trees."
/Users/jenfnguyen/Documents/Dev/KIS-AAI-DM-Master/data/caption_project/vietnam_architecture/Chu_viet_Cham_tren_phe_tich_My_Son_95037728.png,"Tall stone stele featuring intricate carved inscriptions stands upright in an outdoor archaeological site. The weathered gray surface is surrounded by green vegetation, scattered rocks, and remnants of red brick structures."
/Users/jenfnguyen/Documents/Dev/KIS-AAI-DM-Master/data/caption_project/vietnam_architecture/ChuaGiacLam-Khuonvien_97026525.png,"Yellow gate of a pagoda featuring green tiled roofs, decorative roof ridges, and red metal gates. Chinese characters and Vietnamese text are displayed on the structure, which stands along a paved street."
/Users/jenfnguyen/Documents/Dev/KIS-AAI-DM-Master/data/caption_project/vietnam_architecture/ChuaHa_TamQuan_6856438.png,"Stone gate of a temple featuring three arched wooden doors, a tiered roof with decorative finials, and relief carvings of dragons on the walls. People and motorbikes are visible in the foreground."
/Users/jenfnguyen/Documents/Dev/KIS-AAI-DM-Master/data/caption_project/vietnam_architecture/ChuaLinhPhuoc01_16881678.png,Pagoda exterior featuring a multi-tiered tower and curved roofs decorated with intricate ceramic mosaics. The structure includes dragon sculptures on pillars and a stone balustrade in the foreground with people walking nearby.
/Users/jenfnguyen/Documents/Dev/KIS-AAI-DM-Master/data/caption_project/vietnam_architecture/ChuaLinhPhuoc02_17396050.png,Interior of a temple featuring rows of tall pillars adorned with colorful dragon sculptures. A golden Buddha statue sits in front of a painted mural depicting a large tree and landscape.
/Users/jenfnguyen/Documents/Dev/KIS-AAI-DM-Master/data/caption_project/vietnam_architecture/ChuaLinhPhuoc03_16881680.png,"A seated Buddha statue sits beneath a large dragon-head canopy, positioned behind a dark wooden altar. The foreground features a curved wall constructed from dark glass bottles with green ceramic scales."
/Users/jenfnguyen/Documents/Dev/KIS-AAI-DM-Master/data/caption_project/vietnam_architecture/ChuaMotCot1_8423620.png,Small wooden pagoda structure with a curved tile roof supported by a single stone pillar above a pond. A stone staircase with white railings leads up to the elevated wooden platform.
/Users/jenfnguyen/Documents/Dev/KIS-AAI-DM-Master/data/caption_project/vietnam_architecture/ChuaMotCot2_8423631.png,"Small wooden pagoda structure with a curved tile roof supported by a single stone pillar, situated in the center of a square pond surrounded by a low white concrete wall with lattice patterns."
/Users/jenfnguyen/Documents/Dev/KIS-AAI-DM-Master/data/caption_project/vietnam_architecture/Chua_Giac_Lam_Gate_13155627.png,"Yellow pagoda gate with green tiled roofs and red Chinese and Vietnamese characters. The structure features a central archway, decorative roof ornaments, and a Buddhist flag flying on top."
/Users/jenfnguyen/Documents/Dev/KIS-AAI-DM-Master/data/caption_project/vietnam_architecture/Chua_Mot_Cot-hanoi-Vietnam2011_-_panoramio_53791290.png,"Small wooden pagoda with a curved tiled roof stands on a single pillar. A stone staircase with railings leads to the elevated structure, surrounded by green trees in a garden setting."
/Users/jenfnguyen/Documents/Dev/KIS-AAI-DM-Master/data/caption_project/vietnam_architecture/Chua_Mot_Cot_5627645.png,"Small wooden pagoda structure with a curved, tiled roof sits atop a single stone pillar in the center of a square pond. The dark wood building features a balcony and is surrounded by trees."
/Users/jenfnguyen/Documents/Dev/KIS-AAI-DM-Master/data/caption_project/vietnam_architecture/Chua_Thien_Vuong_Co_Sat_05_14837165.png,"Gate structure with three openings, featuring brown tiled roofs and concrete pillars. The central panel displays red Chinese characters and two circular dharma wheel symbols, set within a pine forest environment."
/Users/jenfnguyen/Documents/Dev/KIS-AAI-DM-Master/data/caption_project/vietnam_architecture/Chua_Thien_Vuong_Co_Sat_06_14837150.png,"Stone gate with a tiled roof stands before a pagoda featuring a low-pitched roof, yellow walls, and a stone-paved courtyard. Pine trees surround the structure, and Chinese characters are displayed on the gate and building facade."
/Users/jenfnguyen/Documents/Dev/KIS-AAI-DM-Master/data/caption_project/vietnam_architecture/Chua_Thien_Vuong_Co_Sat_07_14837164.png,"A stone gate with a multi-tiered tiled roof stands over a stone-paved path. The structure features yellow walls with circular emblems and Chinese characters, surrounded by pine trees and small market stalls."
/Users/jenfnguyen/Documents/Dev/KIS-AAI-DM-Master/data/caption_project/vietnam_architecture/Chua_cu_(1)_100670127.png,"Pagoda featuring a multi-tiered red roof with curved finials and a central spire. The structure has light-colored walls, decorative columns with sculpted figures, and a balustrade, surrounded by palm trees and a golden pillar."
/Users/jenfnguyen/Documents/Dev/KIS-AAI-DM-Master/data/caption_project/vietnam_architecture/Chua_cu_(11)_100670124.png,"Gate of a pagoda featuring a tiered roof, painted in red and gold with ornate carvings. Two tall golden pillars topped with bird sculptures stand on either side of the entrance path."
/Users/jenfnguyen/Documents/Dev/KIS-AAI-DM-Master/data/caption_project/vietnam_architecture/Chua_cu_(12)_100670109.png,Tall golden pillar with a twisted design stands on a multi-tiered rectangular base decorated with red and gold accents. Three lion-like statues are positioned at the corners of the base.
/Users/jenfnguyen/Documents/Dev/KIS-AAI-DM-Master/data/caption_project/vietnam_architecture/Chua_cu_(2)_100670133.png,"Two-story pagoda building featuring a red tiled roof with curved eaves, supported by stone-colored pillars. A gold-colored lamp post with a bird-like sculpture stands in the paved courtyard in front of the structure."
/Users/jenfnguyen/Documents/Dev/KIS-AAI-DM-Master/data/caption_project/vietnam_architecture/Chua_cu_(3)_100670140.png,"A pagoda with a yellow facade and dark tiled roof features ornate golden gables above the entrance. A tall, slender golden pillar stands in the concrete courtyard, which is surrounded by trimmed ornamental trees."
/Users/jenfnguyen/Documents/Dev/KIS-AAI-DM-Master/data/caption_project/vietnam_architecture/Chua_cu_(4)_100670143.png,"Pagoda with a multi-tiered roof and a prominent red and gold shrine structure in front. A monk stands on the shrine, while a person walks nearby in an outdoor courtyard with statues."
/Users/jenfnguyen/Documents/Dev/KIS-AAI-DM-Master/data/caption_project/vietnam_architecture/Chua_cu_(5)_100670146.png,"Pagoda with a red tiled roof and yellow facade features ornate gables and carved pillars. The structure has three doorways, decorative trim, and is situated in a paved courtyard with potted plants."
/Users/jenfnguyen/Documents/Dev/KIS-AAI-DM-Master/data/caption_project/vietnam_architecture/Chua_cu_(7)_100670158.png,"Small open-sided shrine with a red tiled roof and golden trim houses a seated Buddha statue. In the background, a larger temple building with a similar roof style sits among trees."
/Users/jenfnguyen/Documents/Dev/KIS-AAI-DM-Master/data/caption_project/vietnam_architecture/Chua_cu_(8)_100670163.png,"Interior of a temple featuring a large seated Buddha statue on a decorated pedestal, flanked by two tall golden pillars wrapped in dragon sculptures. The ceiling is white with exposed rafters."
/Users/jenfnguyen/Documents/Dev/KIS-AAI-DM-Master/data/caption_project/vietnam_architecture/Chua_cu_(9)_100670117.png,"A dark stone stupa stands on a square base with tiered levels, featuring a pointed spire and intricate geometric carvings. The structure is surrounded by palm trees and set on a paved brick ground."
/Users/jenfnguyen/Documents/Dev/KIS-AAI-DM-Master/data/caption_project/vietnam_architecture/Chua_mot_cot-Hanoi-vietnam_-_panoramio_53791340.png,"Small wooden pagoda structure with a curved tile roof supported by a single central stone pillar standing in a pond. A concrete staircase leads to the elevated platform, surrounded by green trees."
/Users/jenfnguyen/Documents/Dev/KIS-AAI-DM-Master/data/caption_project/vietnam_architecture/Chua_mot_cot_2_14669723.png,"Wooden pagoda structure with a curved tiled roof supported by a single stone pillar in the center of a pond, featuring wooden railings and a stone staircase leading to the water."
/Users/jenfnguyen/Documents/Dev/KIS-AAI-DM-Master/data/caption_project/vietnam_architecture/Chua_xaton_4161502.png,"A pagoda features a yellow exterior wall and a multi-tiered tiled roof with curved gables. Several colorful, multi-layered stupas are arranged in front of the building on a paved ground surrounded by trees."
/Users/jenfnguyen/Documents/Dev/KIS-AAI-DM-Master/data/caption_project/vietnam_architecture/Chuakeothaibinh_3653518.png,"Pagoda with multiple tiers of curved roofs covered in brown clay tiles, featuring intricate wooden bracket systems and dark timber construction. People walk in the courtyard near a stone wall and palm trees."
"/Users/jenfnguyen/Documents/Dev/KIS-AAI-DM-Master/data/caption_project/vietnam_architecture/Chum_kiểng_tu_viện_Vinh_Sơn,_Quận_3_(1)_115803841.png","A large brown ceramic jar sits against a light-colored wall, embedded in a textured concrete base. Thin, bare branches extend upward from the jar, set against a paved sidewalk surface."
"/Users/jenfnguyen/Documents/Dev/KIS-AAI-DM-Master/data/caption_project/vietnam_architecture/Chum_kiểng_tu_viện_Vinh_Sơn,_Quận_3_(23)_115803839.png","A large brown ceramic jar sits against a light-colored wall, framed by a textured concrete base. Thin, bare branches with small green leaves grow from the jar, positioned on a tiled sidewalk."
"/Users/jenfnguyen/Documents/Dev/KIS-AAI-DM-Master/data/caption_project/vietnam_architecture/Chum_kiểng_tu_viện_Vinh_Sơn,_Quận_3_(24)_115803840.png","A large brown ceramic jar sits against a white wall with a blue base, framed by a textured stone border. A thin plant grows from the jar, set on a patterned tiled ground."
"/Users/jenfnguyen/Documents/Dev/KIS-AAI-DM-Master/data/caption_project/vietnam_architecture/Chum_kiểng_tu_viện_Vinh_Sơn,_Quận_3_(25)_115803844.png","A large, brown ceramic jar is embedded into a textured, grey concrete base against a light-colored wall. The jar contains thin, bare branches and sits on a patterned tiled sidewalk."
"/Users/jenfnguyen/Documents/Dev/KIS-AAI-DM-Master/data/caption_project/vietnam_architecture/Chum_kiểng_tu_viện_Vinh_Sơn,_Quận_3_(26)_115803845.png","Large brown ceramic jar used as a planter, set against a light blue wall with a dark blue base. The jar is framed by textured grey concrete molding and contains thin, leafless woody branches."
"/Users/jenfnguyen/Documents/Dev/KIS-AAI-DM-Master/data/caption_project/vietnam_architecture/Chum_kiểng_tu_viện_Vinh_Sơn,_Quận_3_(28)_115803848.png","A large brown glazed ceramic water jar is embedded into a wall niche, surrounded by decorative light-colored stones. The jar sits on a tiled sidewalk against a blue and white wall."
"/Users/jenfnguyen/Documents/Dev/KIS-AAI-DM-Master/data/caption_project/vietnam_architecture/Chum_kiểng_tu_viện_Vinh_Sơn,_Quận_3_(29)_115803847.png","Brown ceramic water jar embedded in a wall with light-colored stones, placed between two blue painted pillars on a patterned tiled sidewalk. A small plant grows from the top of the jar."
"/Users/jenfnguyen/Documents/Dev/KIS-AAI-DM-Master/data/caption_project/vietnam_architecture/Chum_kiểng_tu_viện_Vinh_Sơn,_Quận_3_(31)_115803851.png","A large brown glazed ceramic water jar is embedded into a wall base, surrounded by a border of small grey stones. The wall features blue painted vertical pillars and white plaster sections."
"/Users/jenfnguyen/Documents/Dev/KIS-AAI-DM-Master/data/caption_project/vietnam_architecture/Chum_kiểng_tu_viện_Vinh_Sơn,_Quận_3_(32)_115803853.png","A large brown ceramic jar sits on a stone base against a white wall with blue vertical pillars. The ground is covered in patterned grey paving tiles, and graffiti is visible on the wall."
"/Users/jenfnguyen/Documents/Dev/KIS-AAI-DM-Master/data/caption_project/vietnam_architecture/Chum_kiểng_tu_viện_Vinh_Sơn,_Quận_3_(33)_115804073.png","A large brown ceramic jar is embedded into a white and blue concrete wall, surrounded by small grey stones. The wall is positioned above a tiled sidewalk with a repeating geometric pattern."
"/Users/jenfnguyen/Documents/Dev/KIS-AAI-DM-Master/data/caption_project/vietnam_architecture/Chum_kiểng_tu_viện_Vinh_Sơn,_Quận_3_(34)_115804075.png",A light-colored concrete wall with dark blue vertical pillars runs alongside a paved walkway featuring square tiles with swirling patterns. A dark ceramic jar sits in the corner near the wall.
"/Users/jenfnguyen/Documents/Dev/KIS-AAI-DM-Master/data/caption_project/vietnam_architecture/Chum_kiểng_tu_viện_Vinh_Sơn,_Quận_3_(36)_115829293.png","Brown glazed ceramic jar placed against a light-colored wall, surrounded by a decorative border of small grey stones. The jar contains thin, bare branches and sits on a tiled sidewalk."
"/Users/jenfnguyen/Documents/Dev/KIS-AAI-DM-Master/data/caption_project/vietnam_architecture/Chum_kiểng_tu_viện_Vinh_Sơn,_Quận_3_(37)_115829294.png",Brown glazed ceramic jar sits against a light purple wall flanked by blue pillars. The base and sides of the jar are decorated with embedded light-colored river stones on a tiled ground.
"/Users/jenfnguyen/Documents/Dev/KIS-AAI-DM-Master/data/caption_project/vietnam_architecture/Chum_kiểng_tu_viện_Vinh_Sơn,_Quận_3_(38)_115829300.png","A large brown ceramic jar sits on a paved sidewalk against a wall featuring blue vertical pillars and light-colored panels. A thin, leafless branch extends upward from the jar, which is surrounded by small stones."
"/Users/jenfnguyen/Documents/Dev/KIS-AAI-DM-Master/data/caption_project/vietnam_architecture/Chum_kiểng_tu_viện_Vinh_Sơn,_Quận_3_(39)_115829297.png","A large brown ceramic jar sits against a light-colored wall between two blue pillars. The jar is surrounded by a decorative border of small stones and contains thin, leafless woody branches."
"/Users/jenfnguyen/Documents/Dev/KIS-AAI-DM-Master/data/caption_project/vietnam_architecture/Chum_kiểng_tu_viện_Vinh_Sơn,_Quận_3_(40)_115829298.png","A dark brown ceramic jar sits against a light-colored wall, surrounded by a small border of gray stones. A thin, leafless vine grows upward from the jar onto the wall above."
"/Users/jenfnguyen/Documents/Dev/KIS-AAI-DM-Master/data/caption_project/vietnam_architecture/Chum_kiểng_tu_viện_Vinh_Sơn,_Quận_3_(41)_115804074.png","A dark brown ceramic jar sits against a light-colored wall, framed by a decorative border of small grey stones. A thin, winding vine grows out of the jar, casting a shadow on the wall."
"/Users/jenfnguyen/Documents/Dev/KIS-AAI-DM-Master/data/caption_project/vietnam_architecture/Chum_kiểng_tu_viện_Vinh_Sơn,_Quận_3_(42)_115804082.png","Brown ceramic jar placed against a light-colored wall, surrounded by a decorative border of small grey stones. A thin, leafless vine grows out of the jar and climbs up the wall."
"/Users/jenfnguyen/Documents/Dev/KIS-AAI-DM-Master/data/caption_project/vietnam_architecture/Chum_kiểng_tu_viện_Vinh_Sơn,_Quận_3_(43)_115804081.png","A dark brown ceramic jar sits against a light-colored plastered wall, surrounded by small grey stones. A thin vine grows from the jar, climbing up the wall above a patterned tiled floor."
"/Users/jenfnguyen/Documents/Dev/KIS-AAI-DM-Master/data/caption_project/vietnam_architecture/Chum_kiểng_tu_viện_Vinh_Sơn,_Quận_3_(44)_115803854.png","A large brown ceramic jar sits against a white wall with a blue base, framed by a textured stone border. Thin, leafless branches extend upward from the jar, set against a paved ground."
"/Users/jenfnguyen/Documents/Dev/KIS-AAI-DM-Master/data/caption_project/vietnam_architecture/Chum_kiểng_tu_viện_Vinh_Sơn,_Quận_3_(45)_115803855.png",A brown ceramic jar sits on a textured concrete base against a white and blue painted wall. A thin plant with sparse green leaves grows out of the jar onto the tiled ground.
"/Users/jenfnguyen/Documents/Dev/KIS-AAI-DM-Master/data/caption_project/vietnam_architecture/Chum_kiểng_tu_viện_Vinh_Sơn,_Quận_3_(46)_115803856.png",Large brown ceramic jar used as a planter sits against a white and blue painted wall. The jar is set within a textured concrete base on a patterned tiled ground surface.
/Users/jenfnguyen/Documents/Dev/KIS-AAI-DM-Master/data/caption_project/vietnam_architecture/Chum_nước_phong_thủy_ng22th9n2022_(2)_123261368.png,"A dark brown ceramic water jar functions as a fountain, with water overflowing from its rim into a surrounding pool. The structure is set against a background of green grass and metal grates."
/Users/jenfnguyen/Documents/Dev/KIS-AAI-DM-Master/data/caption_project/vietnam_architecture/Chum_nước_phong_thủy_ng22th9n2022_(3)_123261369.png,Ceramic water fountain shaped like a large jar sits in a rectangular pond with dark water. Several bright yellow and white koi fish swim near the bottom of the pond.
/Users/jenfnguyen/Documents/Dev/KIS-AAI-DM-Master/data/caption_project/vietnam_architecture/Chum_nước_phong_thủy_ng22th9n2022_(4)_123261370.png,"A dark ceramic jar acts as a water fountain feature placed in the center of a shallow rectangular pool with a black tiled border, situated in a garden setting with green grass."
/Users/jenfnguyen/Documents/Dev/KIS-AAI-DM-Master/data/caption_project/vietnam_architecture/Chum_nước_phong_thủy_ng22th9n2022_(5)_123261371.png,A dark ceramic water jar fountain stands in a shallow pond filled with orange koi fish. The fountain is set in a garden area with green plants and a white building background.
/Users/jenfnguyen/Documents/Dev/KIS-AAI-DM-Master/data/caption_project/vietnam_architecture/Chum_nước_phong_thủy_ng22th9n2022_(6)_123261373.png,"A dark brown ceramic jar functions as a water fountain, placed in a shallow pool of water. The setting includes a green lawn, potted plants, and a building wall in the background."
/Users/jenfnguyen/Documents/Dev/KIS-AAI-DM-Master/data/caption_project/vietnam_architecture/Chum_nước_phong_thủy_ng22th9n2022_(cận_cảnh)_(1)_123261227.png,"Large dark ceramic water jar serves as a fountain in a garden pond. The textured vessel sits in water, surrounded by green foliage and a tiled border, with a small jet of water spraying upward."
/Users/jenfnguyen/Documents/Dev/KIS-AAI-DM-Master/data/caption_project/vietnam_architecture/Chum_nước_phong_thủy_ng22th9n2022_(cận_cảnh)_(3)_123261226.png,"A dark brown ceramic water jar fountain sits in the center of a small pond. Water overflows from the top of the jar into the surrounding pool, with green plants visible in the background."
/Users/jenfnguyen/Documents/Dev/KIS-AAI-DM-Master/data/caption_project/vietnam_architecture/Chum_nước_phong_thủy_ng22th9n2022_(cận_cảnh)_(4)_123261230.png,"A large, dark brown ceramic jar functions as a water fountain, with water overflowing from the top into a pond below. The jar is positioned in a garden setting with green plants visible."
/Users/jenfnguyen/Documents/Dev/KIS-AAI-DM-Master/data/caption_project/vietnam_architecture/Chum_nước_phong_thủy_ng22th9n2022_(cận_cảnh)_(5)_123261232.png,"Large dark brown ceramic water jar functioning as a fountain in a shallow pool. Water overflows from the top of the jar, cascading down its textured surface into the surrounding water."
/Users/jenfnguyen/Documents/Dev/KIS-AAI-DM-Master/data/caption_project/vietnam_architecture/Chum_nước_phong_thủy_ng22th9n2022_(cận_cảnh)_(6)_123261236.png,"A large, dark brown ceramic water jar functions as a fountain, with water overflowing from the top rim into a shallow pool below. The jar features a textured surface and small handles."
/Users/jenfnguyen/Documents/Dev/KIS-AAI-DM-Master/data/caption_project/vietnam_architecture/Chum_nước_phong_thủy_ng22th9n2022_(cận_cảnh)_(7)_123261234.png,"Large dark brown ceramic water jar functioning as a fountain in a pond. Water overflows from the rim of the textured vessel, which is surrounded by green plants and blue tiled edges."
/Users/jenfnguyen/Documents/Dev/KIS-AAI-DM-Master/data/caption_project/vietnam_architecture/Chum_nước_phong_thủy_ng22th9n2022_(cận_cảnh)_(8)_123261240.png,"A large, dark brown ceramic water jar functions as a fountain, with water overflowing from its rim into a pond containing koi fish. The jar features a glazed, textured surface."
/Users/jenfnguyen/Documents/Dev/KIS-AAI-DM-Master/data/caption_project/vietnam_architecture/Chum_nước_phong_thủy_ng22th9n2022_(cặp_chum_3_cái)_(1)_123261372.png,"Three large, dark brown ceramic water jars function as fountains in a shallow outdoor pool. Water sprays upward from the openings of the jars, which are set against a background of green grass."
/Users/jenfnguyen/Documents/Dev/KIS-AAI-DM-Master/data/caption_project/vietnam_architecture/Chum_nước_phong_thủy_ng22th9n2022_(cặp_chum_3_cái)_(2)_123261375.png,Three dark brown ceramic water jars function as fountains in a shallow pool. The jars are positioned in a grassy garden setting with various potted plants and trees visible in the background.
/Users/jenfnguyen/Documents/Dev/KIS-AAI-DM-Master/data/caption_project/vietnam_architecture/Chum_nước_phong_thủy_ng22th9n2022_(cặp_chum_3_cái)_(3)_123261374.png,"Three large, dark brown ceramic jars function as water fountains in a shallow pool. Water sprays from the top of each vessel, creating ripples on the surface of the water."
"/Users/jenfnguyen/Documents/Dev/KIS-AAI-DM-Master/data/caption_project/vietnam_architecture/Chum_vại_ở_Cát_Sơn,_Tết_năm_2017_(1)_102990026.png","Large ceramic water jar with a rounded body and wide opening sits on a wet concrete surface. The glazed vessel features earthy brown and reddish tones, reflecting light on its surface."
"/Users/jenfnguyen/Documents/Dev/KIS-AAI-DM-Master/data/caption_project/vietnam_architecture/Chum_vại_ở_Cát_Sơn,_Tết_năm_2017_(2)_102990029.png","A large, round, dark brown ceramic water jar sits on a wet, cracked concrete surface next to a tiled step. The jar is filled with water and shows signs of weathering."
"/Users/jenfnguyen/Documents/Dev/KIS-AAI-DM-Master/data/caption_project/vietnam_architecture/Chum_vại_ở_Cát_Sơn,_Tết_năm_2017_(3)_102990050.png",Large ceramic water jar with a glossy brown and reddish finish sits on a concrete surface next to a stone step. The ground is damp and scattered with dry leaves.
"/Users/jenfnguyen/Documents/Dev/KIS-AAI-DM-Master/data/caption_project/vietnam_architecture/Chum_vại_ở_Cát_Sơn,_Tết_năm_2017_(4)_102990048.png","A large, dark brown ceramic water jar sits on a wet concrete step next to a building pillar painted with a red band at the base. The ground is cracked and damp."
"/Users/jenfnguyen/Documents/Dev/KIS-AAI-DM-Master/data/caption_project/vietnam_architecture/Chung_cu_Vong_Xoay_Ho_con_rua-_q3,_hcm_-_panoramio_56579682.png","Multi-story apartment building with concrete balconies and exterior metal frames, featuring numerous plants and hanging laundry. The ground floor contains commercial storefronts, situated on a street with parked cars and motorcycles."
/Users/jenfnguyen/Documents/Dev/KIS-AAI-DM-Master/data/caption_project/vietnam_architecture/Chuo_Yin_Wen_Zi_Wa_3688139.png,"Pottery fragment with stamped characters displayed on a stand. The artifact is light brown and textured, positioned behind a clear acrylic sign providing information in both Chinese and English text."
/Users/jenfnguyen/Documents/Dev/KIS-AAI-DM-Master/data/caption_project/vietnam_architecture/Chuongdong_9000kg_Cole_6073887.png,A large dark bronze bell with a dragon-shaped handle stands in a pond in front of a yellow temple building with arched doorways and decorative pillars.
"/Users/jenfnguyen/Documents/Dev/KIS-AAI-DM-Master/data/caption_project/vietnam_architecture/Church_of_Chicken_in_Da_Lat,_Vietnam_-_panoramio_56269388.png","Interior of a church featuring rows of dark wooden pews, cream-colored walls, and arched windows with yellow and green stained glass. Framed religious relief carvings are mounted on the wall between the windows."
/Users/jenfnguyen/Documents/Dev/KIS-AAI-DM-Master/data/caption_project/vietnam_architecture/Church_of_Sa_Pa_88805075.png,"Stone church with a tall bell tower and a cross at the peak, featuring dark pitched roofs. The building stands in a public square with people gathered on stone steps, surrounded by mountains."
/Users/jenfnguyen/Documents/Dev/KIS-AAI-DM-Master/data/caption_project/vietnam_architecture/Chuông_chùa_Linh_Phước_24435151.png,"Large bronze bell inside a temple, covered in numerous yellow paper notes. The bell features intricate relief carvings of pagodas and landscapes, with a metal support structure visible in the background."
/Users/jenfnguyen/Documents/Dev/KIS-AAI-DM-Master/data/caption_project/vietnam_architecture/Chào_mừng_Cách_mạng_Tháng_Tám_năm_1945_thành_công_tại_Nhà_hát_Lớn_Hà_Nội_145791630.png,"Colonial building with a symmetrical facade, tall columns, and a large flag hanging from the center, situated behind a large crowd of people and soldiers gathered in an open square."
/Users/jenfnguyen/Documents/Dev/KIS-AAI-DM-Master/data/caption_project/vietnam_architecture/Chính_điện_Dinh_Bà_Thủy_Long_Thánh_Mẫu_23549332.png,"Temple with a multi-tiered curved roof featuring gold dragon sculptures and green trim. The facade is decorated with gold pillars and red accents, with a stone incense burner placed in the front courtyard."
/Users/jenfnguyen/Documents/Dev/KIS-AAI-DM-Master/data/caption_project/vietnam_architecture/Chùa_Bình_An_năm_2022_(Miếu_Ngũ_Hành)_(1)_116395357.png,Small shrine with a tiled roof featuring golden dragon sculptures on the ridge and eaves. The structure has blue pillars wrapped in golden dragons and is situated in a courtyard with surrounding buildings.
/Users/jenfnguyen/Documents/Dev/KIS-AAI-DM-Master/data/caption_project/vietnam_architecture/Chùa_Bình_An_năm_2022_(Miếu_Ngũ_Hành)_(2)_116395356.png,"Small temple structure featuring a red tiled roof with golden dragon ornaments and a central wheel symbol. Two bright blue pillars wrapped in golden dragons flank the entrance, set against a tiled courtyard."
/Users/jenfnguyen/Documents/Dev/KIS-AAI-DM-Master/data/caption_project/vietnam_architecture/Chùa_Bình_An_năm_2022_(Miếu_Ngũ_Hành)_(3)_116395355.png,"Small shrine with a red tiled roof featuring golden dragon ornaments on the ridge. The structure has blue pillars decorated with golden dragon carvings, situated in a courtyard with stone lanterns."
/Users/jenfnguyen/Documents/Dev/KIS-AAI-DM-Master/data/caption_project/vietnam_architecture/Chùa_Bình_An_năm_2022_(Miếu_Ngũ_Hành)_(4)_116395359.png,"Small temple structure featuring a red tiled roof with gold dragon sculptures on the corners and ridge. The entrance is flanked by blue pillars adorned with gold dragon carvings, set above stone steps."
/Users/jenfnguyen/Documents/Dev/KIS-AAI-DM-Master/data/caption_project/vietnam_architecture/Chùa_Bình_An_năm_2022_(Miếu_Ngũ_Hành)_(5)_116395361.png,"A small temple structure features a tiled roof with golden dragon ornaments and a central wheel symbol. Two blue pillars decorated with golden dragons support the front, while a golden incense burner stands nearby."
/Users/jenfnguyen/Documents/Dev/KIS-AAI-DM-Master/data/caption_project/vietnam_architecture/Chùa_Bình_An_năm_2022_(chánh_điện_nhìn_bên)_(12)_116395453.png,"Pagoda exterior featuring a curved, multi-tiered roof with red trim and golden accents. The walls are painted yellow and decorated with intricate gold-colored relief carvings of trees and animals, set against a stone base."
/Users/jenfnguyen/Documents/Dev/KIS-AAI-DM-Master/data/caption_project/vietnam_architecture/Chùa_Bình_An_năm_2022_(chánh_điện_nhìn_bên)_(8)_116395458.png,"Pagoda exterior featuring a curved roof with red trim, yellow walls, and intricate gold-painted carvings. A stone base supports the structure, with potted plants and a white statue placed near the entrance."
/Users/jenfnguyen/Documents/Dev/KIS-AAI-DM-Master/data/caption_project/vietnam_architecture/Chùa_Bình_An_năm_2022_(cửa_gỗ)_(1)_116394744.png,"Polished dark brown wooden double doors with vertical slats and carved geometric patterns stand in an interior space. In the background, a Buddhist altar with statues and Vietnamese text is visible."
/Users/jenfnguyen/Documents/Dev/KIS-AAI-DM-Master/data/caption_project/vietnam_architecture/Chùa_Bình_An_năm_2022_(cửa_gỗ)_(2)_116394743.png,Dark brown wooden door with carved geometric patterns and a slatted upper section stands open in an interior space. A large bronze bell and tiled floors are visible in the background.
/Users/jenfnguyen/Documents/Dev/KIS-AAI-DM-Master/data/caption_project/vietnam_architecture/Chùa_Bình_An_năm_2022_(hành_lang_cửa_sổ)_(1)_116395154.png,"Interior corridor of a building featuring yellow walls, dark wooden pillars, and dark wooden window shutters with slats. A red patterned lantern hangs from the wooden ceiling structure near a decorative carved screen."
/Users/jenfnguyen/Documents/Dev/KIS-AAI-DM-Master/data/caption_project/vietnam_architecture/Chùa_Bình_An_năm_2022_(hành_lang_cửa_sổ)_(2)_116395153.png,"Interior corridor of a building featuring dark polished wooden windows with slatted panels and carved details. The walls are painted yellow, and the floor is covered with brown tiles under a wooden ceiling structure."
/Users/jenfnguyen/Documents/Dev/KIS-AAI-DM-Master/data/caption_project/vietnam_architecture/Chùa_Bình_An_năm_2022_(hành_lang_cửa_sổ)_(3)_116395155.png,"Open dark wooden shutters with slatted panels line the yellow wall of a building corridor. The floor is tiled in brown, and a glimpse into the interior reveals a dark wooden altar."
/Users/jenfnguyen/Documents/Dev/KIS-AAI-DM-Master/data/caption_project/vietnam_architecture/Chùa_Bình_An_năm_2022_(hành_lang_cửa_sổ)_(4)_116395145.png,"Open wooden window with carved panels and vertical slats set into a yellow wall. A black floor fan stands inside the room, which features red pillars and gold-colored wall decorations."
/Users/jenfnguyen/Documents/Dev/KIS-AAI-DM-Master/data/caption_project/vietnam_architecture/Chùa_Bình_An_năm_2022_(hành_lang_cửa_sổ)_(5)_116395146.png,"A corridor features a row of polished dark wood windows with vertical slats and carved panels. The wall is painted yellow above a light-colored tiled base, with a matching tiled floor."
/Users/jenfnguyen/Documents/Dev/KIS-AAI-DM-Master/data/caption_project/vietnam_architecture/Chùa_Bình_An_năm_2022_(hành_lang_cửa_sổ)_(6)_116395147.png,A row of dark polished wooden window panels with vertical slats and carved geometric details is installed along a wall. The lower wall section is covered in light-colored stone tiles.
/Users/jenfnguyen/Documents/Dev/KIS-AAI-DM-Master/data/caption_project/vietnam_architecture/Chùa_Bình_An_năm_2022_(họa_tiết_thông_gió)_116395151.png,Intricate wooden lattice screen featuring a central Chinese character surrounded by stylized carvings of mythical creatures and geometric patterns. The light shines through the openwork design of this architectural detail.
/Users/jenfnguyen/Documents/Dev/KIS-AAI-DM-Master/data/caption_project/vietnam_architecture/Chùa_Bình_An_năm_2022_(trên_chánh_điện)_(3)_116395150.png,"Intricate wooden lattice screen featuring carved patterns and a central Chinese character, positioned between two dark red cylindrical pillars inside a structure with yellow walls and a partial view of a golden statue."
/Users/jenfnguyen/Documents/Dev/KIS-AAI-DM-Master/data/caption_project/vietnam_architecture/Chùa_Bình_An_năm_2022_(trên_chánh_điện)_(6)_116395149.png,"A rectangular wall panel features intricate gold-painted wood carvings of geometric patterns and a central character, set against a light yellow wall between two dark red pillars on a stone-faced base."
/Users/jenfnguyen/Documents/Dev/KIS-AAI-DM-Master/data/caption_project/vietnam_architecture/Chùa_Bình_An_năm_2022_(điện_thờ_Quan_Âm_khuôn_viên)_(1)_116395411.png,"Open-sided pavilion with a red tiled hip roof and curved eaves, featuring red pillars decorated with golden dragon carvings. Intricate white wooden brackets support the roof structure, partially obscured by green foliage."
"/Users/jenfnguyen/Documents/Dev/KIS-AAI-DM-Master/data/caption_project/vietnam_architecture/Chùa_Bảo_Quang,_Tân_Phú,_tháng_01_năm_2022_(cổng_chùa_nhìn_từ_bên_trong)_(1)_114342743.png",Stone lantern and a pomelo on a pedestal in front of a wooden structure with a tiled roof. A large horizontal wooden plaque with gold lettering is mounted on a dark brick wall.
"/Users/jenfnguyen/Documents/Dev/KIS-AAI-DM-Master/data/caption_project/vietnam_architecture/Chùa_Bảo_Quang,_Tân_Phú,_tháng_01_năm_2022_(cổng_chùa_nhìn_từ_bên_trong)_(2)_114342741.png",Dark metal gate with vertical bars stands beside a stone pillar featuring a vertical panel with gold-colored Vietnamese characters. The structure overlooks a street with trees and buildings visible in the background.
"/Users/jenfnguyen/Documents/Dev/KIS-AAI-DM-Master/data/caption_project/vietnam_architecture/Chùa_Bảo_Quang,_Tân_Phú,_tháng_01_năm_2022_(cổng_chùa_nhìn_từ_bên_trong)_(3)_114342742.png","Gate of a building featuring a dark metal grill, grey stone walls, and a wooden horizontal plaque with carved text. Vertical wooden panels with carved characters are attached to the gate pillars."
"/Users/jenfnguyen/Documents/Dev/KIS-AAI-DM-Master/data/caption_project/vietnam_architecture/Chùa_Bảo_Quang,_Tân_Phú,_tháng_01_năm_2022_(cổng_chùa_nhìn_từ_bên_trong)_(5)_114342746.png","A gate structure features a dark tiled roof with curved edges and a large rectangular wooden plaque with gold text. A yellow fabric lantern hangs on the left side, and a metal gate is visible below."
"/Users/jenfnguyen/Documents/Dev/KIS-AAI-DM-Master/data/caption_project/vietnam_architecture/Chùa_Bảo_Quang,_Tân_Phú_(Cổng_mặt_cạnh),_tháng_5_năm_2021_(6)_105338428.png","Pagoda exterior featuring a brown tiled roof with curved eaves, intricate wooden carvings, and a dark metal gate. Green trees and shrubs are positioned in the foreground, partially obscuring the building facade."
"/Users/jenfnguyen/Documents/Dev/KIS-AAI-DM-Master/data/caption_project/vietnam_architecture/Chùa_Bảo_Quang,_Tân_Phú_(Cổng_mặt_cạnh),_tháng_5_năm_2021_(7)_105338426.png","Pagoda exterior featuring a brown tiled roof with curved eaves, dark wooden gates, and gold-lettered signage. A small tree with light green leaves stands in the foreground against the building facade."
"/Users/jenfnguyen/Documents/Dev/KIS-AAI-DM-Master/data/caption_project/vietnam_architecture/Chùa_Bảo_Quang,_Tân_Phú_(Mặt_chính_diện_cổng),_tháng_5_năm_2021_(2)_105338443.png","Pagoda entrance featuring a wooden sign with gold lettering mounted above a dark metal gate. Intricate brown wooden carvings frame the gate, while a green leafy plant stands in the foreground."
"/Users/jenfnguyen/Documents/Dev/KIS-AAI-DM-Master/data/caption_project/vietnam_architecture/Chùa_Bảo_Quang,_Tân_Phú_(Mặt_chính_diện_cổng),_tháng_5_năm_2021_(3)_105338439.png","Pagoda entrance featuring a multi-tiered roof with curved eaves and brown tiles. The structure includes intricate wooden carvings, a large gold-lettered sign, and gray stone pillars with Chinese characters."
"/Users/jenfnguyen/Documents/Dev/KIS-AAI-DM-Master/data/caption_project/vietnam_architecture/Chùa_Bảo_Quang,_Tân_Phú_(Mặt_chính_diện_cổng),_tháng_5_năm_2021_(4)_105338438.png","Pagoda entrance featuring a multi-tiered tiled roof with curved corners, brown wooden structural elements, and grey stone wall cladding. A large rectangular sign with gold lettering is mounted above a black metal gate."
"/Users/jenfnguyen/Documents/Dev/KIS-AAI-DM-Master/data/caption_project/vietnam_architecture/Chùa_Bảo_Quang,_Tân_Phú_(Mặt_chính_diện_cổng),_tháng_5_năm_2021_(5)_105338456.png","Pagoda entrance featuring a large black metal gate, intricate wooden carvings, and a prominent gold-lettered sign above. The surrounding walls are covered in dark grey tiles, with small potted trees in the foreground."
"/Users/jenfnguyen/Documents/Dev/KIS-AAI-DM-Master/data/caption_project/vietnam_architecture/Chùa_Bảo_Quang,_Tân_Phú_(Mặt_chính_diện_cổng),_tháng_5_năm_2021_(6)_105338472.png","Pagoda gate featuring a multi-tiered curved roof with brown tiles, dark grey stone walls, and intricate wooden carvings. A large gold-lettered sign is mounted above a black metal gate."
"/Users/jenfnguyen/Documents/Dev/KIS-AAI-DM-Master/data/caption_project/vietnam_architecture/Chùa_Bảo_Quang,_tháng_6_năm_2019_đường_Lũy_Bán_Bích,_quận_Tân_Phú_(1)_105338480.png","Pagoda entrance featuring a red tiled roof with curved dragon-shaped roof ridges. A large wooden plaque with gold lettering is mounted on a grey stone wall, decorated with yellow lotus-shaped hanging lanterns."
/Users/jenfnguyen/Documents/Dev/KIS-AAI-DM-Master/data/caption_project/vietnam_architecture/Chùa_Bảo_Quang_th4n2022_(chánh_điện)_(3)_116725515.png,"Curved roof corner of a temple featuring dark red carved wood details with floral and dragon motifs. Two yellow fabric lanterns hang from the structure, which is set against a cloudy sky."
"/Users/jenfnguyen/Documents/Dev/KIS-AAI-DM-Master/data/caption_project/vietnam_architecture/Chùa_Bảo_Thắng_ở_Thủ_Đức,_tháng_12_năm_2021_(Chánh_điện)_(12)_113284907.png","Pagoda exterior featuring a curved tiled roof with golden dragon sculptures on the eaves. The yellow walls are decorated with intricate wooden carvings and grey stone pillars, surrounded by green foliage."
"/Users/jenfnguyen/Documents/Dev/KIS-AAI-DM-Master/data/caption_project/vietnam_architecture/Chùa_Bảo_Thắng_ở_Thủ_Đức,_tháng_12_năm_2021_(Cổng_chùa_chánh_diện)_(11)_113700988.png","Ornate golden wooden archway featuring intricate carvings of dragons and clouds above a black metal gate. Through the gate, a white standing statue and a small pagoda structure are visible."
"/Users/jenfnguyen/Documents/Dev/KIS-AAI-DM-Master/data/caption_project/vietnam_architecture/Chùa_Bảo_Thắng_ở_Thủ_Đức,_tháng_12_năm_2021_(Cổng_chùa_chánh_diện)_(9)_113700987.png","Temple gate featuring a curved tiled roof with dragon ornaments, red and light blue painted walls, and intricate gold-colored wood carvings above a black metal gate. Modern buildings are visible in the background."
"/Users/jenfnguyen/Documents/Dev/KIS-AAI-DM-Master/data/caption_project/vietnam_architecture/Chùa_Bảo_Thắng_ở_Thủ_Đức,_tháng_12_năm_2021_(sân)_(2)_114075915.png",Pagoda structures with curved tiled roofs and intricate wooden carvings stand in a courtyard. A tall red pillar with yellow inscriptions and a shaped bonsai tree are positioned in the foreground.
"/Users/jenfnguyen/Documents/Dev/KIS-AAI-DM-Master/data/caption_project/vietnam_architecture/Chùa_Bảo_Đàm,_năm_2022_(cổng_phụ)_(1)_115831998.png","Pagoda entrance gate featuring a blue sign with white text, a metal mesh gate, and a red Vietnamese flag attached to a white concrete pillar topped with a small decorative structure."
"/Users/jenfnguyen/Documents/Dev/KIS-AAI-DM-Master/data/caption_project/vietnam_architecture/Chùa_Bảo_Đàm,_năm_2022_(cổng_phụ)_(2)_115831999.png","A metal gate entrance to a pagoda features a blue sign with white text. A white concrete pillar with a small decorative roof structure stands beside the gate, with a red flag attached."
"/Users/jenfnguyen/Documents/Dev/KIS-AAI-DM-Master/data/caption_project/vietnam_architecture/Chùa_Bảo_Đàm,_năm_2022_(cổng_phụ)_(3)_115832000.png","Entrance gate of a pagoda featuring a blue sign with white text, flanked by two concrete pillars with decorative tops. A dark metal mesh gate is positioned below the sign, surrounded by palm trees."
"/Users/jenfnguyen/Documents/Dev/KIS-AAI-DM-Master/data/caption_project/vietnam_architecture/Chùa_Bảo_Đàm,_năm_2022_(cổng_phụ)_(4)_115832001.png","Entrance gate of a pagoda featuring a large blue sign with white text, flanked by two concrete pillars topped with decorative elements. A dark metal mesh gate sits below the sign, partially obscured by palm trees."
"/Users/jenfnguyen/Documents/Dev/KIS-AAI-DM-Master/data/caption_project/vietnam_architecture/Chùa_Bảo_Đàm,_năm_2022_(song_sắt)_(1)_115832002.png","Metal fence featuring yellow lettering that reads NAM MÔ A DI ĐÀ PHẬT, mounted on a stone base wall. Green foliage and trees are visible behind the dark iron bars of the fence."
"/Users/jenfnguyen/Documents/Dev/KIS-AAI-DM-Master/data/caption_project/vietnam_architecture/Chùa_Bảo_Đàm,_năm_2022_(song_sắt)_(2)_115832004.png","Pagoda building featuring a light blue facade with a golden relief panel and a black metal fence in the foreground. The fence displays yellow lettering reading ""NAM MÔ A DI ĐÀ PHẬT""."
/Users/jenfnguyen/Documents/Dev/KIS-AAI-DM-Master/data/caption_project/vietnam_architecture/Chùa_Bảo_Đàm_năm_2022_(Cổng_chùa_một_bên)_(1)_114398976.png,"Gate of a building featuring dark green glazed roof tiles, curved roof corners with floral carvings, and a central pillar inscribed with vertical text. A metal gate and potted plants are visible below."
/Users/jenfnguyen/Documents/Dev/KIS-AAI-DM-Master/data/caption_project/vietnam_architecture/Chùa_Bảo_Đàm_năm_2022_(Cổng_chùa_một_bên)_(2)_114398977.png,"Gate structure featuring green glazed roof tiles and white decorative masonry with intricate carvings. The pillar displays vertical Chinese characters, while potted plants are arranged on the paved ground in front of a metal gate."
/Users/jenfnguyen/Documents/Dev/KIS-AAI-DM-Master/data/caption_project/vietnam_architecture/Chùa_Bảo_Đàm_năm_2022_(Cổng_chùa_một_bên)_(3)_115831984.png,"Gate structure featuring a green tiled roof with elaborate grey decorative cresting. The central panel displays text in relief, flanked by vertical pillars with carved details, set against a background of urban surroundings."
/Users/jenfnguyen/Documents/Dev/KIS-AAI-DM-Master/data/caption_project/vietnam_architecture/Chùa_Bảo_Đàm_năm_2022_(Cổng_chùa_một_bên)_(4)_115831985.png,"Gate of a temple featuring green glazed roof tiles, curved eaves with white floral ceramic ornaments, and a tall pillar inscribed with vertical Chinese characters, situated in an urban residential area."
/Users/jenfnguyen/Documents/Dev/KIS-AAI-DM-Master/data/caption_project/vietnam_architecture/Chùa_Bảo_Đàm_năm_2022_(cây_cảnh)_(10)_115905641.png,White wall of a building featuring a circular decorative relief of a dharma wheel. Green shrubs and small trees grow in a garden bed filled with pebbles and rocks in the foreground.
/Users/jenfnguyen/Documents/Dev/KIS-AAI-DM-Master/data/caption_project/vietnam_architecture/Chùa_Bảo_Đàm_năm_2022_(cây_cảnh)_(15)_115905644.png,Green leafy branches of trees partially obscure a plain light blue wall of a building. The thin brown trunks and foliage are positioned in the foreground against the flat exterior wall surface.
/Users/jenfnguyen/Documents/Dev/KIS-AAI-DM-Master/data/caption_project/vietnam_architecture/Chùa_Bảo_Đàm_năm_2022_(cây_cảnh)_(16)_115905646.png,"A metal wind chime hangs from a branch in front of a plain, light-colored wall. The scene is filled with green leaves and thin tree branches against a bright, clear sky."
/Users/jenfnguyen/Documents/Dev/KIS-AAI-DM-Master/data/caption_project/vietnam_architecture/Chùa_Bảo_Đàm_năm_2022_(cây_cảnh)_(17)_115905651.png,"Green leafy trees with thin brown branches are positioned in front of a plain, smooth white wall. The foliage partially obscures the flat surface of the building exterior under bright daylight."
/Users/jenfnguyen/Documents/Dev/KIS-AAI-DM-Master/data/caption_project/vietnam_architecture/Chùa_Bảo_Đàm_năm_2022_(cây_cảnh)_(18)_115905653.png,"Potted plant with green leaves sits on a concrete balcony ledge, with a partial view of a white wall and tree branches in the background under bright sunlight."
/Users/jenfnguyen/Documents/Dev/KIS-AAI-DM-Master/data/caption_project/vietnam_architecture/Chùa_Bảo_Đàm_năm_2022_(cây_cảnh)_(2)_115905634.png,"Potted plants are arranged on a mossy rock formation in front of a white wall featuring a circular decorative grille with a wheel-like pattern, set in an outdoor garden space."
/Users/jenfnguyen/Documents/Dev/KIS-AAI-DM-Master/data/caption_project/vietnam_architecture/Chùa_Bảo_Đàm_năm_2022_(cây_cảnh)_(6)_115905635.png,Potted plants with green leaves and colorful flowers are arranged on mossy rocks in a garden setting. A small blue sign with white text is partially visible among the foliage and pots.
/Users/jenfnguyen/Documents/Dev/KIS-AAI-DM-Master/data/caption_project/vietnam_architecture/Chùa_Bảo_Đàm_năm_2022_(cây_cảnh)_(7)_115905633.png,"A light-colored building exterior features a tiled roof with decorative ridge details and vertical panels containing inscribed text. A large palm tree stands in the foreground, partially obscuring a metal gate."
/Users/jenfnguyen/Documents/Dev/KIS-AAI-DM-Master/data/caption_project/vietnam_architecture/Chùa_Bảo_Đàm_năm_2022_(cây_cảnh)_(8)_115905642.png,A metal frame structure stands in a garden area filled with potted plants. The background features a metal fence and a glimpse of a building behind the foliage.
/Users/jenfnguyen/Documents/Dev/KIS-AAI-DM-Master/data/caption_project/vietnam_architecture/Chùa_Bảo_Đàm_năm_2022_(cây_cảnh)_(9)_115905643.png,Pink hibiscus flowers bloom in potted plants placed on a pebble-textured ground surface. The background shows a paved pathway and various green foliage in a garden setting.
/Users/jenfnguyen/Documents/Dev/KIS-AAI-DM-Master/data/caption_project/vietnam_architecture/Chùa_Bảo_Đàm_năm_2022_(cây_cối)_(1)_115905670.png,"Dense green trees and various potted plants fill the foreground, partially obscuring a structure in the background. The scene is dominated by foliage under a clear blue sky."
/Users/jenfnguyen/Documents/Dev/KIS-AAI-DM-Master/data/caption_project/vietnam_architecture/Chùa_Bảo_Đàm_năm_2022_(cây_cối_nhìn_từ_trên)_(2)_115905654.png,"White statue of a deity stands in a dense garden filled with various green trees and potted plants, with a tall apartment building visible in the background under a clear sky."
/Users/jenfnguyen/Documents/Dev/KIS-AAI-DM-Master/data/caption_project/vietnam_architecture/Chùa_Bảo_Đàm_năm_2022_(cây_cối_nhìn_từ_trên)_(3)_115905668.png,"Two potted plants sit on a concrete ledge in front of a dense green tree. A small metal wind chime hangs from the branches of the tree, which fills the background."
/Users/jenfnguyen/Documents/Dev/KIS-AAI-DM-Master/data/caption_project/vietnam_architecture/Chùa_Bảo_Đàm_năm_2022_(cây_cối_nhìn_từ_trên)_(4)_115905669.png,"Balcony railing featuring a white wall with grey relief carvings of floral patterns. Two small bonsai pots sit on the ledge, with a wind chime hanging in front of dense green foliage."
/Users/jenfnguyen/Documents/Dev/KIS-AAI-DM-Master/data/caption_project/vietnam_architecture/Chùa_Bảo_Đàm_năm_2022_(cầu_thang)_(1)_115906762.png,"Interior staircase with orange tiled steps leading to a landing featuring a circular window with a lotus motif and another circular window with a dragon carving, alongside a wall relief panel."
/Users/jenfnguyen/Documents/Dev/KIS-AAI-DM-Master/data/caption_project/vietnam_architecture/Chùa_Bảo_Đàm_năm_2022_(cầu_thang)_(2)_115906761.png,"Interior staircase with orange and patterned beige tiles leads to a landing featuring a circular window with dragon carvings, a dark wooden altar, and a rectangular relief panel on the wall."
/Users/jenfnguyen/Documents/Dev/KIS-AAI-DM-Master/data/caption_project/vietnam_architecture/Chùa_Bảo_Đàm_năm_2022_(cổng_chính_nhìn_chính_diện_phía_trước)_(1)_114398972.png,"Pagoda exterior featuring a black metal gate with lotus motifs, grey stone carvings, and two gold-colored relief panels on the white facade. The structure displays intricate geometric patterns and Chinese characters."
/Users/jenfnguyen/Documents/Dev/KIS-AAI-DM-Master/data/caption_project/vietnam_architecture/Chùa_Bảo_Đàm_năm_2022_(cổng_chính_nhìn_chính_diện_phía_trước)_(2)_114398970.png,"Pagoda gate featuring a multi-tiered curved roof with green tiles and gray decorative dragon motifs. The structure is made of concrete with Chinese characters inscribed on pillars and walls, fronted by a black metal gate."
/Users/jenfnguyen/Documents/Dev/KIS-AAI-DM-Master/data/caption_project/vietnam_architecture/Chùa_Bảo_Đàm_năm_2022_(cổng_chính_nhìn_chính_diện_phía_trước)_(4)_114398973.png,"Pagoda entrance gate featuring a curved roof with ornate ceramic decorations, grey concrete pillars with vertical Chinese script, and a black metal gate with lotus motifs, surrounded by potted plants."
/Users/jenfnguyen/Documents/Dev/KIS-AAI-DM-Master/data/caption_project/vietnam_architecture/Chùa_Bảo_Đàm_năm_2022_(cổng_chính_nhìn_chính_diện_phía_trước)_(5)_114398974.png,"Pagoda exterior featuring a black metal gate with lotus motifs, gray stone carvings, and two gold-colored relief panels on the wall. The building facade displays Chinese characters and Vietnamese text inscriptions."
/Users/jenfnguyen/Documents/Dev/KIS-AAI-DM-Master/data/caption_project/vietnam_architecture/Chùa_Bảo_Đàm_năm_2022_(cổng_chính_và_cây_cảnh)_(1)_114398975.png,A concrete gate with curved roof edges and intricate grey carvings stands over a metal fence. Potted plants line the stone-paved walkway in front of the structure under a clear blue sky.
/Users/jenfnguyen/Documents/Dev/KIS-AAI-DM-Master/data/caption_project/vietnam_architecture/Chùa_Bảo_Đàm_năm_2022_(cổng_chính_và_cây_cảnh)_(2)_115831980.png,"A stone-paved courtyard features a tall palm tree and numerous potted plants leading toward a light-colored gate with curved roof edges and intricate grey decorative carvings, set against a clear sky."
/Users/jenfnguyen/Documents/Dev/KIS-AAI-DM-Master/data/caption_project/vietnam_architecture/Chùa_Bảo_Đàm_năm_2022_(cổng_chính_và_cây_cảnh)_(3)_115831982.png,"Concrete gate with a curved green-tiled roof and decorative carvings stands at the entrance of a property. The structure features light-colored walls, a metal gate, and potted plants placed on a stone-paved courtyard."
/Users/jenfnguyen/Documents/Dev/KIS-AAI-DM-Master/data/caption_project/vietnam_architecture/Chùa_Bảo_Đàm_năm_2022_(cổng_chính_và_cây_cảnh)_(4)_115831981.png,A stone gate features curved roof corners with intricate carvings and light-colored pillars. Two large potted palm plants stand on a paved stone path in front of the structure under a clear sky.
/Users/jenfnguyen/Documents/Dev/KIS-AAI-DM-Master/data/caption_project/vietnam_architecture/Chùa_Bảo_Đàm_năm_2022_(cổng_chùa_phía_trước_nhìn_bên)_(1)_115831986.png,A gray concrete gate of a pagoda features intricate relief carvings and Chinese characters. The structure has a tiled roof and is partially obscured by potted plants and power lines.
/Users/jenfnguyen/Documents/Dev/KIS-AAI-DM-Master/data/caption_project/vietnam_architecture/Chùa_Bảo_Đàm_năm_2022_(cổng_chùa_phía_trước_nhìn_bên)_(2)_115831987.png,Gate of a temple featuring a grey concrete structure with traditional curved roof tiles and intricate relief carvings. A bright red Vietnamese flag with a yellow star is prominently displayed in the foreground.
/Users/jenfnguyen/Documents/Dev/KIS-AAI-DM-Master/data/caption_project/vietnam_architecture/Chùa_Bảo_Đàm_năm_2022_(cổng_chùa_phía_trước_nhìn_bên)_(3)_115831988.png,Potted green plants stand in front of a light gray concrete gate featuring vertical Chinese characters and a black metal fence. The structure includes decorative relief carvings on the pillars.
/Users/jenfnguyen/Documents/Dev/KIS-AAI-DM-Master/data/caption_project/vietnam_architecture/Chùa_Bảo_Đàm_năm_2022_(cổng_chùa_phía_trước_nhìn_bên)_(4)_115831989.png,Pagoda gate entrance features gray concrete pillars adorned with vertical Chinese character inscriptions and intricate floral carvings. The structure includes a curved roof section with decorative tile work and a small central plaque.
/Users/jenfnguyen/Documents/Dev/KIS-AAI-DM-Master/data/caption_project/vietnam_architecture/Chùa_Bảo_Đàm_năm_2022_(cổng_chùa_phía_trước_nhìn_bên)_(5)_115831990.png,"A concrete gate structure features light gray pillars adorned with vertical Chinese character inscriptions. The roof has a curved edge with decorative carvings, while various potted plants are placed in front of the entrance."
/Users/jenfnguyen/Documents/Dev/KIS-AAI-DM-Master/data/caption_project/vietnam_architecture/Chùa_Bảo_Đàm_năm_2022_(cổng_chùa_phía_trước_nhìn_bên)_(6)_115831991.png,Pagoda exterior featuring gray concrete walls with intricate relief carvings and curved roof corners adorned with decorative ceramic figures. Green tiled roof sections and potted plants are visible in the foreground.
/Users/jenfnguyen/Documents/Dev/KIS-AAI-DM-Master/data/caption_project/vietnam_architecture/Chùa_Bảo_Đàm_năm_2022_(cổng_chùa_phía_trước_nhìn_bên)_(7)_115831992.png,"Pagoda exterior featuring a curved tiled roof with ornate grey dragon sculptures on the ridge. The light grey facade is decorated with vertical Chinese character inscriptions and geometric patterns, partially obscured by potted plants."
/Users/jenfnguyen/Documents/Dev/KIS-AAI-DM-Master/data/caption_project/vietnam_architecture/Chùa_Bảo_Đàm_năm_2022_(cổng_chùa_song_sắt)_(1)_115831994.png,A grey concrete pillar with vertical Chinese characters stands behind several potted plants. A black metal gate with a lotus design is visible on the left side of the frame.
/Users/jenfnguyen/Documents/Dev/KIS-AAI-DM-Master/data/caption_project/vietnam_architecture/Chùa_Bảo_Đàm_năm_2022_(cổng_chùa_song_sắt)_(2)_115831995.png,"Curved roof corner with detailed floral ceramic ornamentation overhangs a stone pillar topped with a small lantern. A metal fence, a Vietnamese flag, and green palm foliage are visible in the foreground."
/Users/jenfnguyen/Documents/Dev/KIS-AAI-DM-Master/data/caption_project/vietnam_architecture/Chùa_Bảo_Đàm_năm_2022_(cổng_chùa_song_sắt)_(3)_115831996.png,"Black metal gate with lotus motifs stands before a grey building with intricate relief carvings and Chinese characters. Potted green plants are arranged in the foreground, partially obscuring the view of the structure."
/Users/jenfnguyen/Documents/Dev/KIS-AAI-DM-Master/data/caption_project/vietnam_architecture/Chùa_Bảo_Đàm_năm_2022_(cổng_chùa_song_sắt)_(4)_115831997.png,"Black metal gate with lotus motifs stands in front of a light-colored building facade. Potted plants are positioned on the ground in the foreground, partially obscuring the view of the structure."
/Users/jenfnguyen/Documents/Dev/KIS-AAI-DM-Master/data/caption_project/vietnam_architecture/Chùa_Bảo_Đàm_năm_2022_(họa_tiết_thông_gió)_(4)_115907076.png,"Decorative window grille featuring a central Dharma wheel motif surrounded by geometric patterns. The light gray stone carving is set into a white wall with a gray frame, partially obscured by green foliage."
"/Users/jenfnguyen/Documents/Dev/KIS-AAI-DM-Master/data/caption_project/vietnam_architecture/Chùa_Bảo_Đàm_năm_2022_(Điện_Quan_Âm,_phiến_đá)_(1)_115890290.png","A tall, natural stone slab with white calligraphy stands in a garden setting. It is surrounded by various potted plants, including yellow orchids and small bonsai trees, set against a backdrop of dense foliage."
"/Users/jenfnguyen/Documents/Dev/KIS-AAI-DM-Master/data/caption_project/vietnam_architecture/Chùa_Bảo_Đàm_năm_2022_(Điện_Quan_Âm,_phiến_đá)_(2)_115890291.png","Large vertical stone slab featuring white calligraphic text carved into its surface, positioned amidst various potted green plants and foliage in an outdoor garden setting."
"/Users/jenfnguyen/Documents/Dev/KIS-AAI-DM-Master/data/caption_project/vietnam_architecture/Chùa_Bảo_Đàm_năm_2022_(Điện_Quan_Âm,_toàn_cảnh)_(1)_115903669.png","White statue of a standing figure holding a vessel positioned in a garden setting. A round stone table in front holds yellow flowers and small bowls, next to a rock with white inscriptions."
"/Users/jenfnguyen/Documents/Dev/KIS-AAI-DM-Master/data/caption_project/vietnam_architecture/Chùa_Bảo_Đàm_năm_2022_(Điện_Quan_Âm,_toàn_cảnh)_(2)_115903675.png","A white statue of a deity stands in a garden setting, accompanied by a stone table with offerings, potted plants, and a circular stone pathway surrounded by green foliage and trees."
"/Users/jenfnguyen/Documents/Dev/KIS-AAI-DM-Master/data/caption_project/vietnam_architecture/Chùa_Bảo_Đàm_năm_2022_(Điện_Quan_Âm,_toàn_cảnh)_(3)_115903670.png","White statue of a deity standing on a lotus-shaped pedestal in a garden setting. A circular stone platform sits in the foreground, surrounded by potted plants, green grass, and dark stepping stones."
"/Users/jenfnguyen/Documents/Dev/KIS-AAI-DM-Master/data/caption_project/vietnam_architecture/Chùa_Bảo_Đàm_năm_2022_(Điện_Quan_Âm,_toàn_cảnh)_(4)_115903672.png","White statue of a deity standing on a pedestal in a garden, positioned behind a round stone altar with yellow flowers and offerings, surrounded by green plants and stepping stones."
"/Users/jenfnguyen/Documents/Dev/KIS-AAI-DM-Master/data/caption_project/vietnam_architecture/Chùa_Bảo_Đàm_năm_2022_(Điện_Quan_Âm,_toàn_cảnh)_(5)_115903674.png","White statue of a deity standing on a stone pedestal in a garden, surrounded by yellow orchids, potted plants, and a large rock formation. A circular stone platform sits in the foreground."
/Users/jenfnguyen/Documents/Dev/KIS-AAI-DM-Master/data/caption_project/vietnam_architecture/Chùa_Bửu_Quang_(Cổng_chùa)_(1)_116025943.png,"Entrance gate of a pagoda featuring a brown metal fence with gold-colored spear-like finials. A rectangular sign above the gate displays text in brown letters on a yellow background, topped with carved wooden dragon motifs."
/Users/jenfnguyen/Documents/Dev/KIS-AAI-DM-Master/data/caption_project/vietnam_architecture/Chùa_Bửu_Quang_(Cổng_chùa)_(2)_116025944.png,"Multi-story building with yellow walls and dark wooden balconies featuring intricate carvings. A statue stands near the entrance, while strings of colorful Buddhist flags hang overhead against the dark night sky."
/Users/jenfnguyen/Documents/Dev/KIS-AAI-DM-Master/data/caption_project/vietnam_architecture/Chùa_Bửu_Quang_(Cổng_chùa)_(3)_116025942.png,Pagoda entrance gate featuring a brown wooden frame with intricate carvings of dragons and a dharma wheel at the top. The structure includes a prominent sign with yellow background and brown text.
/Users/jenfnguyen/Documents/Dev/KIS-AAI-DM-Master/data/caption_project/vietnam_architecture/Chùa_Bửu_Quang_(Cổng_chùa)_(4)_116025948.png,"Pagoda entrance gate at night featuring a brown metal fence, a large illuminated sign with gold lettering, and decorative wooden carvings above the gate. Potted plants are positioned in the foreground."
/Users/jenfnguyen/Documents/Dev/KIS-AAI-DM-Master/data/caption_project/vietnam_architecture/Chùa_Bửu_Quang_(Cổng_chùa)_(5)_116025949.png,"Entrance gate of a structure painted in yellow and dark brown, featuring vertical pillars with Chinese characters, decorative metal railings, and carved wooden elements. Green leafy plants grow in the foreground at night."
/Users/jenfnguyen/Documents/Dev/KIS-AAI-DM-Master/data/caption_project/vietnam_architecture/Chùa_Bửu_Quang_(Cổng_chùa)_(6)_116025947.png,"A gate structure features yellow pillars with dark brown wooden frames and decorative carvings. The gate includes metal railings and signs with Chinese characters and Vietnamese text, illuminated at night."
/Users/jenfnguyen/Documents/Dev/KIS-AAI-DM-Master/data/caption_project/vietnam_architecture/Chùa_Bửu_Quang_(Cổng_chùa)_(7)_116025952.png,"Multi-story pagoda building featuring yellow walls, dark brown wooden railings with lotus carvings, and a gate topped with a bird sculpture. Buddhist prayer flags hang above in the evening sky."
/Users/jenfnguyen/Documents/Dev/KIS-AAI-DM-Master/data/caption_project/vietnam_architecture/Chùa_Bửu_Quang_(Cổng_chùa)_(8)_116025951.png,"Multi-story pagoda building featuring yellow walls, dark brown wooden pillars, and carved railings with lotus motifs. Strings of colorful Buddhist flags hang above the structure against a twilight sky."
"/Users/jenfnguyen/Documents/Dev/KIS-AAI-DM-Master/data/caption_project/vietnam_architecture/Chùa_Bửu_Thắng,_Tân_Phú_(cổng_chùa_mặt_bên),_tháng_5_năm_2021_(1)_106024614.png","Gate of a pagoda featuring a central golden Dharma wheel, two small roofed pillars on the sides, and light blue metal doors. The yellow panels are decorated with red Chinese characters and Latin script."
"/Users/jenfnguyen/Documents/Dev/KIS-AAI-DM-Master/data/caption_project/vietnam_architecture/Chùa_Bửu_Thắng,_Tân_Phú_(cổng_chùa_mặt_bên),_tháng_5_năm_2021_(2)_106024622.png","A stone wall featuring a golden dharma wheel motif and decorative metal latticework. The structure is made of light-colored stone tiles and gray granite pillars, situated along a street with nearby shop signs."
"/Users/jenfnguyen/Documents/Dev/KIS-AAI-DM-Master/data/caption_project/vietnam_architecture/Chùa_Bửu_Thắng,_Tân_Phú_(cổng_chùa_mặt_bên),_tháng_5_năm_2021_(4)_106024609.png","Gate pillar topped with a small, red-roofed yellow structure, featuring gold-painted surfaces and pink Chinese characters. The structure is made of stone and concrete, set against green tree foliage."
"/Users/jenfnguyen/Documents/Dev/KIS-AAI-DM-Master/data/caption_project/vietnam_architecture/Chùa_Bửu_Thắng,_Tân_Phú_(cổng_chùa_mặt_bên),_tháng_5_năm_2021_(5)_106024607.png",Gate pillar made of speckled granite topped with a small golden structure featuring a red tiled roof. The pillar displays gold panels with pink Chinese characters and the word THANG in Latin letters.
"/Users/jenfnguyen/Documents/Dev/KIS-AAI-DM-Master/data/caption_project/vietnam_architecture/Chùa_Bửu_Thắng,_Tân_Phú_(cổng_chùa_mặt_bên),_tháng_5_năm_2021_(6)_106024608.png","Concrete gate pillar featuring a small decorative roof structure on top, painted in yellow and red. The pillar displays circular relief carvings with letters and Chinese characters against a backdrop of green foliage."
"/Users/jenfnguyen/Documents/Dev/KIS-AAI-DM-Master/data/caption_project/vietnam_architecture/Chùa_Bửu_Thắng,_Tân_Phú_(cổng_chùa_mặt_bên),_tháng_5_năm_2021_(7)_106024611.png","Yellow wall of a pagoda featuring a small decorative roof structure on top, gray stone pillars, and red relief lettering. The structure is set against a background of green tree foliage."
"/Users/jenfnguyen/Documents/Dev/KIS-AAI-DM-Master/data/caption_project/vietnam_architecture/Chùa_Bửu_Thắng,_Tân_Phú_(cổng_chùa_mặt_bên),_tháng_5_năm_2021_(8)_106024613.png","Pagoda gate featuring a light blue metal door, yellow pillars with red Chinese characters, and two small roofed structures on top. A golden dharma wheel symbol is centered above the gate."
"/Users/jenfnguyen/Documents/Dev/KIS-AAI-DM-Master/data/caption_project/vietnam_architecture/Chùa_Bửu_Thắng,_Tân_Phú_(cổng_chùa_mặt_bên),_đang_tuyên_truyền_cho_cuộc_bầu_tử_tháng_5_năm_2021_(3)_106024621.png","A stone wall topped with small, golden, pagoda-style decorative lanterns features a large red banner with yellow text. The wall is made of light-colored granite panels and is surrounded by green trees."
"/Users/jenfnguyen/Documents/Dev/KIS-AAI-DM-Master/data/caption_project/vietnam_architecture/Chùa_Bửu_Thắng,_Tân_Phú_(cổng_chùa_mặt_trước),_tháng_5_năm_2021_(1)_106024631.png","A pagoda entrance gate featuring a yellow sign with red text, gold-colored wheel symbols, and stone pillars. The gate is flanked by metal fences and flags under a partly cloudy sky."
"/Users/jenfnguyen/Documents/Dev/KIS-AAI-DM-Master/data/caption_project/vietnam_architecture/Chùa_Bửu_Thắng,_Tân_Phú_(cổng_chùa_mặt_trước),_tháng_5_năm_2021_(2)_106024623.png","Pagoda entrance gate featuring a metal fence and a golden sign with red lettering. The structure is topped with a wheel symbol and decorative figures, with a yellow banner hanging across the front."
"/Users/jenfnguyen/Documents/Dev/KIS-AAI-DM-Master/data/caption_project/vietnam_architecture/Chùa_Bửu_Thắng,_Tân_Phú_(cổng_chùa_mặt_trước),_tháng_5_năm_2021_(3)_106024625.png","Pagoda entrance gate featuring a large gold sign with red lettering, topped with a golden dharma wheel and decorative figures. A yellow banner hangs across the metal gate in front of the building."
"/Users/jenfnguyen/Documents/Dev/KIS-AAI-DM-Master/data/caption_project/vietnam_architecture/Chùa_Bửu_Thắng,_Tân_Phú_(cổng_chùa_mặt_trước),_tháng_5_năm_2021_(4)_106024626.png","Pagoda entrance gate featuring a yellow sign with red text, golden decorative elements, and a metal fence. The structure is flanked by stone pillars with Chinese characters, situated along a paved street."
"/Users/jenfnguyen/Documents/Dev/KIS-AAI-DM-Master/data/caption_project/vietnam_architecture/Chùa_Bửu_Thắng,_Tân_Phú_(cổng_chùa_mặt_trước),_tháng_5_năm_2021_(5)_106024628.png","Pagoda entrance gate featuring a yellow sign with red text, gold decorative wheels, and pillars with Chinese characters. A metal gate stands in the center, with a street and motorcycles in the foreground."
"/Users/jenfnguyen/Documents/Dev/KIS-AAI-DM-Master/data/caption_project/vietnam_architecture/Chùa_Bửu_Thắng,_Tân_Phú_(cổng_sắt),_tháng_5_năm_2021_106024619.png","Stainless steel gate and fence enclose a temple area with beige tiled walls. A golden finial sits atop a pillar, while Buddhist flags hang above a paved walkway with a tree."
"/Users/jenfnguyen/Documents/Dev/KIS-AAI-DM-Master/data/caption_project/vietnam_architecture/Chùa_Bửu_Đà,_Q10_(cổng_chùa,_trong_sân)_119432073.png",A metal gate with two stone pillars topped by small decorative roof structures stands at the entrance of a narrow alley. A red sign on a stand sits in the foreground on a concrete surface.
"/Users/jenfnguyen/Documents/Dev/KIS-AAI-DM-Master/data/caption_project/vietnam_architecture/Chùa_Bửu_Đà,_Q10_(nhà)_(1)_119432402.png","Low-angle view of a building balcony featuring a metal railing, a potted bonsai tree, and a red paper lantern hanging from the ceiling. A dark relief sculpture is mounted on the wall."
"/Users/jenfnguyen/Documents/Dev/KIS-AAI-DM-Master/data/caption_project/vietnam_architecture/Chùa_Cam_Lộ,_ngày_18_tháng_02_năm_2016_(2)_114731377.png","Multi-story pagoda featuring curved tiled roofs, brick walls, and dark wooden doors. The exterior includes stone steps, decorative orange railings, and potted plants placed on terraces and the ground level."
/Users/jenfnguyen/Documents/Dev/KIS-AAI-DM-Master/data/caption_project/vietnam_architecture/Chùa_Cam_Lộ_(cropped)_150830_87682981.png,"Tall multi-story pagoda with a brick facade and curved tiled roofs at each level. A staircase with decorative railings leads to an adjacent structure, set within a courtyard with potted plants."
/Users/jenfnguyen/Documents/Dev/KIS-AAI-DM-Master/data/caption_project/vietnam_architecture/Chùa_Cam_Lộ_(cropped)_150844_87683209.png,"Multi-story pagoda tower constructed with red brick and featuring curved, tiled roof eaves at each level. The structure includes wooden windows, decorative railings, and a ground-level entrance surrounded by potted bonsai plants."
/Users/jenfnguyen/Documents/Dev/KIS-AAI-DM-Master/data/caption_project/vietnam_architecture/Chùa_Cam_Lộ_150839_87683206.png,"Multi-story pagoda tower featuring exposed brick walls, multiple curved tiled roofs, and wooden balconies on each level. The structure is set against a blue sky with white clouds and some surrounding foliage."
/Users/jenfnguyen/Documents/Dev/KIS-AAI-DM-Master/data/caption_project/vietnam_architecture/Chùa_Di_Lặc_2022_(miếu_Bà)_(10)_116591566.png,"Pagoda corner with curved tiled roofs featuring decorative ridge ornaments. The structure has dark red wooden pillars and beams, cream-colored walls, and a wooden railing, set in a garden with green trees."
/Users/jenfnguyen/Documents/Dev/KIS-AAI-DM-Master/data/caption_project/vietnam_architecture/Chùa_Di_Lặc_2022_(nhà_chánh_điện)_(3)_116591577.png,"Pagoda exterior featuring a curved tiled roof with dragon ornaments on the ridge. The structure has dark red wooden pillars and beige walls, with a golden lotus-shaped incense burner in the foreground."
/Users/jenfnguyen/Documents/Dev/KIS-AAI-DM-Master/data/caption_project/vietnam_architecture/Chùa_Di_Lặc_2022_(nhà_chánh_điện)_(4)_116591578.png,"Pagoda exterior featuring a curved tiled roof with dragon ornaments, red wooden pillars, and a stone dragon sculpture on the staircase railing. A circular wooden panel with a gold Chinese character is mounted on the wall."
"/Users/jenfnguyen/Documents/Dev/KIS-AAI-DM-Master/data/caption_project/vietnam_architecture/Chùa_Di_Lặc_ở_Bình_Tân,_tháng_12_năm_2021_(Cổng_chùa)_(2)_113533095.png","Stone gate entrance to a pagoda featuring a golden plaque with text, topped by a dharma wheel and dragon sculptures. A temple building with a curved tiled roof is visible in the background."
"/Users/jenfnguyen/Documents/Dev/KIS-AAI-DM-Master/data/caption_project/vietnam_architecture/Chùa_Di_Lặc_ở_Bình_Tân,_tháng_12_năm_2021_(Cổng_chùa)_(3)_113533096.png","Stone gate entrance to a pagoda features a golden sign with text, topped by a dharma wheel and dragon sculptures. A courtyard with a golden Buddha statue and a building with curved roof tiles lies beyond."
"/Users/jenfnguyen/Documents/Dev/KIS-AAI-DM-Master/data/caption_project/vietnam_architecture/Chùa_Dinh_Bà,_Đường_Bạch_Đằng,_Phú_Quốc_kiên_Giang,_VN_-_panoramio_56918648.png","Temple gate featuring a multi-tiered roof with green tiles and golden dragon sculptures. The structure is painted in red, green, and gold, with stone lion statues flanking the entrance and surrounding palm trees."
/Users/jenfnguyen/Documents/Dev/KIS-AAI-DM-Master/data/caption_project/vietnam_architecture/Chùa_Diên_Hựu_48713783.png,"Temple entrance gate featuring a multi-tiered roof with curved corners, painted in yellow and white. The structure is situated in a courtyard with red tiled flooring, surrounded by trees and a low white wall."
/Users/jenfnguyen/Documents/Dev/KIS-AAI-DM-Master/data/caption_project/vietnam_architecture/Chùa_Diệu_Pháp_(Cổng_mái)_(1)_126873642.png,"Traditional wooden gate with a two-tiered curved roof covered in green tiles. The structure features dark red wooden pillars with carved inscriptions and small stone lion statues at the base, leading to a stone path."
/Users/jenfnguyen/Documents/Dev/KIS-AAI-DM-Master/data/caption_project/vietnam_architecture/Chùa_Diệu_Pháp_(Cổng_mái)_(14)_126873650.png,"Open-sided pavilion with a two-tiered green tiled roof supported by dark wooden pillars, situated in a paved courtyard with trees and benches. A vertical sign stands in front of the structure."
/Users/jenfnguyen/Documents/Dev/KIS-AAI-DM-Master/data/caption_project/vietnam_architecture/Chùa_Diệu_Pháp_(Cổng_mái)_(16)_126873653.png,"Gate structure with dark wooden pillars and a multi-tiered roof covered in green glazed tiles. A vertical banner with text stands near a potted fern in the foreground, with motorcycles parked behind."
/Users/jenfnguyen/Documents/Dev/KIS-AAI-DM-Master/data/caption_project/vietnam_architecture/Chùa_Diệu_Pháp_(Cổng_mái)_(17)_126873652.png,"A traditional gate with a two-tiered green tiled roof and wooden pillars stands at the end of a stone-paved path. People walk through the gate, which is surrounded by trees and planters."
/Users/jenfnguyen/Documents/Dev/KIS-AAI-DM-Master/data/caption_project/vietnam_architecture/Chùa_Diệu_Pháp_(Cổng_mái)_(18)_126873654.png,Traditional gate with a tiered green tiled roof and dark wooden pillars stands over a cobblestone path. A green metal frame with hanging plants and yellow lanterns lines the walkway entrance.
/Users/jenfnguyen/Documents/Dev/KIS-AAI-DM-Master/data/caption_project/vietnam_architecture/Chùa_Diệu_Pháp_(Cổng_mái)_(19)_126873658.png,"Traditional gate with a double-tiered green tiled roof featuring curved eaves and dark wooden pillars. The structure stands over a stone-paved path, surrounded by trees, a bench, and a tall information sign."
/Users/jenfnguyen/Documents/Dev/KIS-AAI-DM-Master/data/caption_project/vietnam_architecture/Chùa_Diệu_Pháp_(Cổng_mái)_(2)_126873643.png,"Traditional wooden gate with a curved, green-tiled roof and carved pillars stands at the entrance of a stone-paved path. Red lanterns hang along the walkway, surrounded by trees and greenery."
/Users/jenfnguyen/Documents/Dev/KIS-AAI-DM-Master/data/caption_project/vietnam_architecture/Chùa_Diệu_Pháp_(Cổng_mái)_(5)_126873644.png,"Traditional wooden gate with two tiers of green tiled roofs and curved eaves. The structure features dark brown wooden pillars and intricate carvings, standing over a stone-paved path in a courtyard."
/Users/jenfnguyen/Documents/Dev/KIS-AAI-DM-Master/data/caption_project/vietnam_architecture/Chùa_Diệu_Pháp_(Cổng_mái)_(6)_126873646.png,"Wooden pavilion structure featuring dark red pillars and intricate carved wooden brackets supporting the roof. The surrounding area includes a paved courtyard, green trees, and a white bench with a sign."
/Users/jenfnguyen/Documents/Dev/KIS-AAI-DM-Master/data/caption_project/vietnam_architecture/Chùa_Diệu_Pháp_(Cổng_mái)_(7)_126873647.png,"Wooden pavilion structure with dark polished pillars and intricate carved beams framing a view of a paved courtyard. A white bench sits near a tree, with motorcycles parked in the background."
/Users/jenfnguyen/Documents/Dev/KIS-AAI-DM-Master/data/caption_project/vietnam_architecture/Chùa_Diệu_Pháp_(Cổng_mái)_(8)_126873648.png,Wooden pillars with carved calligraphy support a tiled roof structure in a garden setting. A large bonsai tree sits in a decorative stone planter on a stone-paved path nearby.
/Users/jenfnguyen/Documents/Dev/KIS-AAI-DM-Master/data/caption_project/vietnam_architecture/Chùa_Diệu_Pháp_(Cổng_mái)_(9)_126873649.png,"Wooden pavilion structure featuring dark polished pillars with carved Chinese characters and intricate wooden roof brackets. A large bonsai tree sits in a stone planter nearby, surrounded by parked motorbikes."
"/Users/jenfnguyen/Documents/Dev/KIS-AAI-DM-Master/data/caption_project/vietnam_architecture/Chùa_Diệu_Pháp_(Cổng_mái,_có_dòng_chữ_Muốn_cái_Tâm_không_muốn)_(1)_126873657.png",Traditional wooden gate with a multi-tiered tiled roof features intricate carvings on the pillars and a horizontal wooden plaque with Vietnamese text. A stone path leads through the gate into a garden area.
"/Users/jenfnguyen/Documents/Dev/KIS-AAI-DM-Master/data/caption_project/vietnam_architecture/Chùa_Diệu_Pháp_(Cổng_mái,_có_dòng_chữ_Muốn_cái_Tâm_không_muốn)_(2)_126873656.png","Traditional wooden gate with a dark brown frame and green tiled roof featuring intricate carvings. A stone path leads through the gate, flanked by green metal arches decorated with red lanterns."
"/Users/jenfnguyen/Documents/Dev/KIS-AAI-DM-Master/data/caption_project/vietnam_architecture/Chùa_Diệu_Pháp_(Cổng_mái,_dòng_chữ_Cầu_cái_Tâm_không_cầu)_(2)_126873660.png","Wooden gate with a multi-tiered green tiled roof and intricate carvings on the crossbeams. The structure features dark red pillars and a central horizontal plaque with an inscription, leading to a stone path."
"/Users/jenfnguyen/Documents/Dev/KIS-AAI-DM-Master/data/caption_project/vietnam_architecture/Chùa_Diệu_Pháp_(Cổng_mái,_dòng_chữ_Cầu_cái_Tâm_không_cầu)_(3)_126873661.png",Wooden gate with red lacquer finish and intricate carvings features a curved roof covered with green tiles. The structure opens onto a stone-paved pathway lined with green metal trellises and hanging lanterns.
/Users/jenfnguyen/Documents/Dev/KIS-AAI-DM-Master/data/caption_project/vietnam_architecture/Chùa_Diệu_Pháp_(bàn_thờ_Phật_ở_tầng_dưới)_(1)_127033491.png,"Interior space featuring a dark red Buddha statue placed on an ornate wooden altar. Two large blue and white ceramic vases stand on either side, set against a light-colored wooden paneled wall."
/Users/jenfnguyen/Documents/Dev/KIS-AAI-DM-Master/data/caption_project/vietnam_architecture/Chùa_Diệu_Pháp_(bàn_thờ_Phật_ở_tầng_dưới)_(2)_127033492.png,Dark red Buddha statue sits on an ornate wooden altar against a light wood paneled wall. A large blue and white ceramic vase stands to the right on a small wooden stool.
/Users/jenfnguyen/Documents/Dev/KIS-AAI-DM-Master/data/caption_project/vietnam_architecture/Chùa_Diệu_Pháp_(bàn_thờ_Phật_ở_tầng_dưới)_(3)_127033494.png,A dark red Buddha statue sits on a highly carved wooden altar against a light wood paneled wall. Two large blue and white ceramic vases stand on either side of the altar.
/Users/jenfnguyen/Documents/Dev/KIS-AAI-DM-Master/data/caption_project/vietnam_architecture/Chùa_Diệu_Pháp_(bảng_hiệu_Đại_Hùng_Bảo_điện)_(1)_127033496.png,"Interior of a building featuring a wooden ceiling with intricate carvings and a central horizontal wooden plaque with gold lettering. Three doorways lead into dark rooms, and the floor is made of polished stone tiles."
/Users/jenfnguyen/Documents/Dev/KIS-AAI-DM-Master/data/caption_project/vietnam_architecture/Chùa_Diệu_Pháp_(bảng_hiệu_Đại_Hùng_Bảo_điện)_(2)_127033497.png,"Interior doorway of a structure featuring a wooden plaque with gold lettering reading ""TỔ ẤN TRÙNG QUANG"". The frame is made of dark wood with intricate carvings, set against light-colored marble wall panels."
/Users/jenfnguyen/Documents/Dev/KIS-AAI-DM-Master/data/caption_project/vietnam_architecture/Chùa_Diệu_Pháp_(bảng_hiệu_Đại_Hùng_Bảo_điện)_(4)_127033503.png,"Interior entrance of a building featuring a large wooden sign with gold lettering above a doorway. The structure is constructed with polished wood panels, carved details, and light-colored stone wall surfaces."
/Users/jenfnguyen/Documents/Dev/KIS-AAI-DM-Master/data/caption_project/vietnam_architecture/Chùa_Diệu_Pháp_(bảng_hiệu_Đại_Hùng_Bảo_điện)_(5)_127033502.png,Interior detail of a wooden structure featuring a large horizontal panel with gold lettering. The ceiling is adorned with carved wooden sunburst patterns and intricate border designs above a doorway.
/Users/jenfnguyen/Documents/Dev/KIS-AAI-DM-Master/data/caption_project/vietnam_architecture/Chùa_Diệu_Pháp_(bức_khắc_gỗ)_(1)_127033504.png,"Wooden relief carving depicting a multi-story pagoda nestled among mountains and trees, mounted on a wall above a doorway. The ceiling features a coffered design, and a red pillar stands to the right."
/Users/jenfnguyen/Documents/Dev/KIS-AAI-DM-Master/data/caption_project/vietnam_architecture/Chùa_Diệu_Pháp_(bức_khắc_gỗ)_(2)_127033505.png,"Wooden relief carving depicting a pagoda landscape mounted above a doorway. The wall is covered in light-colored marble panels, and a polished wooden pillar stands to the right of the frame."
/Users/jenfnguyen/Documents/Dev/KIS-AAI-DM-Master/data/caption_project/vietnam_architecture/Chùa_Diệu_Pháp_(cột_trụ_gỗ)_127032484.png,"Polished wooden pillar with an ornate capital featuring a carved swastika symbol. The interior structure includes a wooden ceiling and a horizontal panel with an inscription, showcasing detailed woodwork and warm brown tones."
/Users/jenfnguyen/Documents/Dev/KIS-AAI-DM-Master/data/caption_project/vietnam_architecture/Chùa_Diệu_Pháp_(lư_hương_khảm_sành_sứ)_(1)_127216874.png,"Incense burner decorated with blue and white ceramic shards stands on three legs. The vessel features two tall, curved handles and a circular body placed on an orange tiled floor."
/Users/jenfnguyen/Documents/Dev/KIS-AAI-DM-Master/data/caption_project/vietnam_architecture/Chùa_Diệu_Pháp_(lư_hương_khảm_sành_sứ)_(2)_127216875.png,"Ceramic incense burner decorated with colorful mosaic shards stands on three legs on a tiled floor. The vessel features two tall handles and a Chinese character on the front, with incense sticks inside."
/Users/jenfnguyen/Documents/Dev/KIS-AAI-DM-Master/data/caption_project/vietnam_architecture/Chùa_Diệu_Pháp_(mái_ngói_xanh)_(1)_126992674.png,"A two-story building features a prominent green tiled roof with a wide overhang. Each floor has a long balcony with white balustrades, wooden doors, and potted plants placed along the edges."
/Users/jenfnguyen/Documents/Dev/KIS-AAI-DM-Master/data/caption_project/vietnam_architecture/Chùa_Diệu_Pháp_(mái_ngói_xanh)_(2)_126992673.png,"Multi-story building featuring a green tiled roof with curved eaves, white balustrades on the balconies, and dark wooden doors. The structure is situated near a river with a city skyline in the distance."
/Users/jenfnguyen/Documents/Dev/KIS-AAI-DM-Master/data/caption_project/vietnam_architecture/Chùa_Diệu_Pháp_(mái_ngói_xanh)_(3)_126992671.png,"Two-story building with green glazed tile roofs featuring curved eaves. The structure has white balustrade balconies, dark wooden doors, and is situated near a river with other roofed structures nearby."
/Users/jenfnguyen/Documents/Dev/KIS-AAI-DM-Master/data/caption_project/vietnam_architecture/Chùa_Diệu_Pháp_(mái_ngói_xanh)_(4)_126992676.png,"Sloped roof covered in glossy green glazed ceramic tiles with a white border. The roof structure features overlapping rows of cylindrical tiles, viewed from an elevated angle above a residential area."
/Users/jenfnguyen/Documents/Dev/KIS-AAI-DM-Master/data/caption_project/vietnam_architecture/Chùa_Diệu_Pháp_(mái_ngói_xanh)_(5)_126992677.png,"Green glazed ceramic roof tiles arranged in a repeating pattern cover the sloped surfaces of a structure. A white ridge line separates the roof sections, creating a geometric composition of overlapping tiled planes."
/Users/jenfnguyen/Documents/Dev/KIS-AAI-DM-Master/data/caption_project/vietnam_architecture/Chùa_Diệu_Pháp_(mái_ngói_xanh)_(6)_126992678.png,"Green glazed ceramic roof tiles arranged in a repeating pattern on a sloped roof structure. The tiles feature a glossy finish and are laid in overlapping rows, creating a textured surface."
/Users/jenfnguyen/Documents/Dev/KIS-AAI-DM-Master/data/caption_project/vietnam_architecture/Chùa_Diệu_Pháp_(mái_ngói_xanh)_(7)_126992679.png,"Sloped roof covered in glossy green glazed ceramic tiles, viewed from an elevated angle. The structure features a white border along the edge, with residential buildings visible in the background."
/Users/jenfnguyen/Documents/Dev/KIS-AAI-DM-Master/data/caption_project/vietnam_architecture/Chùa_Diệu_Pháp_(mái_trần_Chánh_điện)_(1)_127033089.png,A wooden ceiling detail featuring an octagonal panel with intricate carvings of two fish and lotus flowers. The surrounding frame displays geometric patterns and circular vents on a smooth wood surface.
/Users/jenfnguyen/Documents/Dev/KIS-AAI-DM-Master/data/caption_project/vietnam_architecture/Chùa_Diệu_Pháp_(mái_trần_Chánh_điện)_(10)_127033096.png,Wooden ceiling featuring recessed octagonal panels with intricate carvings and a central floral motif. The structure is made of polished brown wood planks arranged in geometric patterns with integrated recessed lighting.
/Users/jenfnguyen/Documents/Dev/KIS-AAI-DM-Master/data/caption_project/vietnam_architecture/Chùa_Diệu_Pháp_(mái_trần_Chánh_điện)_(11)_127033099.png,"Interior of a building featuring a coffered wooden ceiling with carved floral patterns. Two large wooden statues of warriors stand on pedestals, while windows with brown frames line the white walls."
/Users/jenfnguyen/Documents/Dev/KIS-AAI-DM-Master/data/caption_project/vietnam_architecture/Chùa_Diệu_Pháp_(mái_trần_Chánh_điện)_(12)_127033101.png,"Interior wooden ceiling featuring a central circular wheel motif with a swastika symbol. The structure is composed of polished brown wood panels, carved beams, and recessed rectangular sections with integrated lighting."
/Users/jenfnguyen/Documents/Dev/KIS-AAI-DM-Master/data/caption_project/vietnam_architecture/Chùa_Diệu_Pháp_(mái_trần_Chánh_điện)_(18)_127033103.png,Interior wooden ceiling and wall panels featuring intricate carvings of plants and geometric patterns. The structure is made of polished reddish-brown wood with a rectangular sign displaying white text.
/Users/jenfnguyen/Documents/Dev/KIS-AAI-DM-Master/data/caption_project/vietnam_architecture/Chùa_Diệu_Pháp_(mái_trần_Chánh_điện)_(19)_127033104.png,Interior wooden ceiling panels featuring detailed floral carvings in a light brown wood. The panels are set against a white marble wall with a small potted plant placed on a pedestal.
/Users/jenfnguyen/Documents/Dev/KIS-AAI-DM-Master/data/caption_project/vietnam_architecture/Chùa_Diệu_Pháp_(mái_trần_Chánh_điện)_(2)_127033088.png,Wooden ceiling featuring intricate floral carvings and a central octagonal panel with relief designs. The structure incorporates recessed circular lighting and geometric border patterns on a polished brown wood surface.
/Users/jenfnguyen/Documents/Dev/KIS-AAI-DM-Master/data/caption_project/vietnam_architecture/Chùa_Diệu_Pháp_(mái_trần_Chánh_điện)_(20)_127033105.png,"Interior wooden wall panels featuring intricate relief carvings of bamboo and trees, set within a polished timber structure. The lower section displays detailed landscape carvings including a pagoda and mountainous terrain."
/Users/jenfnguyen/Documents/Dev/KIS-AAI-DM-Master/data/caption_project/vietnam_architecture/Chùa_Diệu_Pháp_(mái_trần_Chánh_điện)_(3)_127033090.png,Wooden ceiling interior featuring intricate carvings of floral patterns and an octagonal panel with fish motifs. The structure includes recessed lighting and geometric border designs crafted from polished brown timber.
/Users/jenfnguyen/Documents/Dev/KIS-AAI-DM-Master/data/caption_project/vietnam_architecture/Chùa_Diệu_Pháp_(mái_trần_Chánh_điện)_(4)_127033091.png,Wooden ceiling featuring an octagonal carved panel with a central chandelier holding four spherical white glass lamps. The surrounding ceiling is made of polished orange-toned wood planks.
/Users/jenfnguyen/Documents/Dev/KIS-AAI-DM-Master/data/caption_project/vietnam_architecture/Chùa_Diệu_Pháp_(mái_trần_Chánh_điện)_(5)_127033093.png,"Interior wooden ceiling of a structure featuring an octagonal carved panel with a hanging light fixture. The walls are decorated with relief carvings of plants, and red pillars support the roof structure."
/Users/jenfnguyen/Documents/Dev/KIS-AAI-DM-Master/data/caption_project/vietnam_architecture/Chùa_Diệu_Pháp_(mái_trần_Chánh_điện)_(6)_127033092.png,"Interior wooden ceiling featuring intricate carvings of floral and geometric patterns. The structure includes recessed panels, integrated circular lighting, and dark wooden pillars supporting the ceiling frame."
/Users/jenfnguyen/Documents/Dev/KIS-AAI-DM-Master/data/caption_project/vietnam_architecture/Chùa_Diệu_Pháp_(mái_trần_Chánh_điện)_(7)_127033094.png,"Interior space featuring a wooden ceiling with intricate carvings and recessed lighting. The room includes smooth white walls, dark red wooden pillars, and rectangular windows with reddish-brown frames."
/Users/jenfnguyen/Documents/Dev/KIS-AAI-DM-Master/data/caption_project/vietnam_architecture/Chùa_Diệu_Pháp_(mái_trần_Chánh_điện)_(8)_127033095.png,"Interior wooden ceiling featuring intricate carved floral patterns and circular motifs. The structure includes polished timber beams, recessed lighting, and wooden pillars with ornate carvings, creating a warm, brown-toned architectural space."
"/Users/jenfnguyen/Documents/Dev/KIS-AAI-DM-Master/data/caption_project/vietnam_architecture/Chùa_Diệu_Pháp_(mái_trần_Chánh_điện,_họa_tiết)_(1)_127033107.png","Wooden interior ceiling featuring an octagonal panel with intricate fish and floral carvings. The ceiling is constructed from polished brown timber, complemented by ornate beams and a dark altar area below."
"/Users/jenfnguyen/Documents/Dev/KIS-AAI-DM-Master/data/caption_project/vietnam_architecture/Chùa_Diệu_Pháp_(mái_trần_Chánh_điện,_họa_tiết)_(2)_127033108.png",Intricate wooden ceiling panel featuring an octagonal carving of two fish surrounded by floral motifs. The brown timber surface is decorated with detailed relief carvings and geometric patterns throughout the interior structure.
"/Users/jenfnguyen/Documents/Dev/KIS-AAI-DM-Master/data/caption_project/vietnam_architecture/Chùa_Diệu_Pháp_(mái_trần_Chánh_điện,_họa_tiết)_(3)_127033109.png","Octagonal wooden panel featuring intricate carvings of two fish swimming among lotus flowers and leaves. The frame is decorated with dragon motifs and geometric patterns, all set against a smooth wooden wall surface."
"/Users/jenfnguyen/Documents/Dev/KIS-AAI-DM-Master/data/caption_project/vietnam_architecture/Chùa_Diệu_Pháp_(mái_trần_Chánh_điện,_họa_tiết)_(4)_127033112.png","Octagonal wooden panel featuring intricate relief carvings of two fish swimming among lotus flowers and leaves. The frame is decorated with small dragon motifs, all set against a polished light brown wood wall."
"/Users/jenfnguyen/Documents/Dev/KIS-AAI-DM-Master/data/caption_project/vietnam_architecture/Chùa_Diệu_Pháp_(mái_trần_Chánh_điện,_họa_tiết)_(5)_127033113.png",Octagonal wooden panel featuring intricate relief carvings of two fish swimming among lotus flowers and leaves. The frame is decorated with dragon motifs and circular patterns in a warm brown wood tone.
"/Users/jenfnguyen/Documents/Dev/KIS-AAI-DM-Master/data/caption_project/vietnam_architecture/Chùa_Diệu_Pháp_(mái_trần_Chánh_điện,_họa_tiết)_(6)_127033115.png","Wooden ceiling interior featuring an octagonal central medallion with carved floral petal patterns. The surrounding panels are composed of diagonal wooden planks, accented by recessed lighting and intricate carved borders."
"/Users/jenfnguyen/Documents/Dev/KIS-AAI-DM-Master/data/caption_project/vietnam_architecture/Chùa_Diệu_Pháp_(mái_trần_Chánh_điện,_họa_tiết)_(7)_127033116.png",Interior wooden ceiling featuring a large octagonal panel with a carved lotus flower motif in the center. The surrounding ceiling is composed of diagonal wood planks in varying shades of brown.
"/Users/jenfnguyen/Documents/Dev/KIS-AAI-DM-Master/data/caption_project/vietnam_architecture/Chùa_Diệu_Pháp_(mái_trần_Chánh_điện,_họa_tiết)_(8)_127033119.png",Wooden ceiling interior featuring an octagonal recessed panel with intricate carvings of coin motifs and a central chandelier with four white spherical bulbs. The walls below display carved wooden panels depicting plants.
/Users/jenfnguyen/Documents/Dev/KIS-AAI-DM-Master/data/caption_project/vietnam_architecture/Chùa_Diệu_Pháp_(mái_trần_trong_Chánh_điện)_(2)_127033122.png,"Interior of a temple featuring extensive polished wood paneling on the walls and ceiling. A large, dark wooden altar with a statue sits at the back, illuminated by recessed lighting in the ceiling."
/Users/jenfnguyen/Documents/Dev/KIS-AAI-DM-Master/data/caption_project/vietnam_architecture/Chùa_Diệu_Pháp_(mái_trần_trong_Chánh_điện)_(3)_127033123.png,"Interior of a temple featuring extensive polished wood paneling on the ceiling and walls. A raised altar platform holds a dark wooden statue of a seated figure, illuminated by recessed ceiling lights."
/Users/jenfnguyen/Documents/Dev/KIS-AAI-DM-Master/data/caption_project/vietnam_architecture/Chùa_Diệu_Pháp_(mái_trần_trong_Chánh_điện)_(4)_127033124.png,"Interior of a wooden structure featuring a coffered ceiling with intricate carvings and a central lotus-shaped medallion. Dark wooden pillars support the ceiling, and a Buddha statue sits on an altar below."
/Users/jenfnguyen/Documents/Dev/KIS-AAI-DM-Master/data/caption_project/vietnam_architecture/Chùa_Diệu_Pháp_(mái_trần_trong_Chánh_điện)_(5)_127033125.png,"Interior ceiling constructed from polished wood featuring intricate geometric patterns, square panels, and a central circular floral motif. The structure is supported by large cylindrical wooden pillars and includes recessed lighting fixtures."
/Users/jenfnguyen/Documents/Dev/KIS-AAI-DM-Master/data/caption_project/vietnam_architecture/Chùa_Diệu_Pháp_(mái_trần_trong_Chánh_điện)_(6)_127033126.png,"Interior of a temple featuring a coffered wooden ceiling with a central circular lotus motif. Below, a dark wooden carved beam spans the space above a seated Buddha statue placed against a wooden wall."
/Users/jenfnguyen/Documents/Dev/KIS-AAI-DM-Master/data/caption_project/vietnam_architecture/Chùa_Diệu_Pháp_(nhà_khách_mái_ngói_xanh)_(1)_126992680.png,"Traditional wooden building with a green tiled hip roof and dark brown pillars, featuring a stone-paved courtyard with potted lotus plants and a small wooden structure with a sign on the right."
/Users/jenfnguyen/Documents/Dev/KIS-AAI-DM-Master/data/caption_project/vietnam_architecture/Chùa_Diệu_Pháp_(nhà_khách_mái_ngói_xanh)_(2)_126992682.png,A traditional wooden building with a green tiled roof stands behind a stone-paved courtyard. Large ceramic pots containing lotus plants and bonsai trees are placed in the foreground near a sign.
/Users/jenfnguyen/Documents/Dev/KIS-AAI-DM-Master/data/caption_project/vietnam_architecture/Chùa_Diệu_Pháp_(nhà_khách_mái_ngói_xanh)_(3)_126992684.png,"Traditional wooden building with a dark tiled roof and a stone-paved courtyard featuring potted lotus plants. A sign stands in front of the entrance, which overlooks a body of water."
"/Users/jenfnguyen/Documents/Dev/KIS-AAI-DM-Master/data/caption_project/vietnam_architecture/Chùa_Diệu_Pháp_(nhà_lầu_kế_bên,_mái_cong)_127289256.png","Two-story house featuring a gabled roof with curved, upward-sweeping eaves covered in green tiles. The exterior walls are light gray, complemented by white balustrades on the balconies and wooden shutters on the windows."
"/Users/jenfnguyen/Documents/Dev/KIS-AAI-DM-Master/data/caption_project/vietnam_architecture/Chùa_Diệu_Pháp_(nhà_tiếp_khách,_mái_ngói_xanh)_(1)_127289332.png","Wooden pavilion with a gabled roof covered in green glazed tiles, featuring dark brown carved pillars and a matching wooden railing. The structure sits on a raised tiled platform with a stone base."
"/Users/jenfnguyen/Documents/Dev/KIS-AAI-DM-Master/data/caption_project/vietnam_architecture/Chùa_Diệu_Pháp_(nhà_tiếp_khách,_mái_ngói_xanh)_(2)_127289330.png","Wooden pavilion with a gabled roof covered in green glazed tiles and carved wooden railings. The structure features dark brown timber pillars and intricate wooden panels, set on a tiled terrace."
"/Users/jenfnguyen/Documents/Dev/KIS-AAI-DM-Master/data/caption_project/vietnam_architecture/Chùa_Diệu_Pháp_(trong_Chánh_điện,_Ban_thờ_Phật_tổ)_(1)_127033509.png","Interior of a temple featuring extensive polished wood paneling, carved wooden beams, and a raised platform. A central altar holds a dark wooden Buddha statue against a backdrop of vertical wooden planks."
"/Users/jenfnguyen/Documents/Dev/KIS-AAI-DM-Master/data/caption_project/vietnam_architecture/Chùa_Diệu_Pháp_(trong_Chánh_điện,_Ban_thờ_Phật_tổ)_(2)_127033510.png","A wooden Buddha statue sits on an ornate, dark-toned carved altar inside a room with wood-paneled walls and flooring. The altar is decorated with white flowers, green fruits, and metal incense burners."
"/Users/jenfnguyen/Documents/Dev/KIS-AAI-DM-Master/data/caption_project/vietnam_architecture/Chùa_Diệu_Pháp_(trong_Chánh_điện,_Ban_thờ_Phật_tổ)_(3)_127033511.png",Wooden Buddha statue sits on an altar inside a room with polished wooden walls and a ceiling featuring a large circular lotus-shaped carving. The space is illuminated by several small hanging light fixtures.
"/Users/jenfnguyen/Documents/Dev/KIS-AAI-DM-Master/data/caption_project/vietnam_architecture/Chùa_Diệu_Pháp_(trong_Chánh_điện,_Ban_thờ_Phật_tổ)_(4)_127033513.png","Interior of a wooden structure featuring a large carved Buddha statue placed on an ornate altar. The ceiling is decorated with intricate wood carvings, recessed panels, and circular floral motifs, illuminated by multiple modern light fixtures."
"/Users/jenfnguyen/Documents/Dev/KIS-AAI-DM-Master/data/caption_project/vietnam_architecture/Chùa_Diệu_Pháp_(trong_Chánh_điện,_Ban_thờ_Phật_tổ)_(5)_127033514.png","Interior of a temple featuring a large wooden Buddha statue placed behind an ornate, dark-carved wooden altar. The room is paneled with polished wood on the walls and ceiling, illuminated by hanging light fixtures."
"/Users/jenfnguyen/Documents/Dev/KIS-AAI-DM-Master/data/caption_project/vietnam_architecture/Chùa_Diệu_Pháp_(trong_Chánh_điện,_tượng_Phật_tổ)_(1)_127033516.png","A large wooden Buddha statue sits behind an altar decorated with fruit, flowers, and incense burners. The interior features dark wood paneling, intricate carvings on the altar base, and a coffered wooden ceiling."
"/Users/jenfnguyen/Documents/Dev/KIS-AAI-DM-Master/data/caption_project/vietnam_architecture/Chùa_Diệu_Pháp_(trong_Chánh_điện,_tượng_Phật_tổ)_(2)_127033517.png","A large wooden Buddha statue sits on an altar inside a room with dark wood paneling. Brass incense burners, white lilies, and green pomelo fruits are placed on the table in front of the statue."
"/Users/jenfnguyen/Documents/Dev/KIS-AAI-DM-Master/data/caption_project/vietnam_architecture/Chùa_Diệu_Pháp_(trong_Chánh_điện,_tượng_Phật_tổ)_(3)_127033519.png","A wooden Buddha statue sits on an altar inside a room with dark wood walls and pillars. The altar features a brass incense burner, white lilies, and green fruits placed in metal bowls."
/Users/jenfnguyen/Documents/Dev/KIS-AAI-DM-Master/data/caption_project/vietnam_architecture/Chùa_Diệu_Pháp_(trong_Chánh_điện_lót_gổ)_(1)_127033506.png,"Interior space featuring polished wooden floors and walls made of vertical bamboo panels. Large dark red wooden pillars support the ceiling, which is decorated with carved floral motifs in square panels."
/Users/jenfnguyen/Documents/Dev/KIS-AAI-DM-Master/data/caption_project/vietnam_architecture/Chùa_Diệu_Pháp_(trong_Chánh_điện_lót_gổ)_(2)_127033507.png,"Interior of a temple featuring a large wooden drum on a carved stand in the foreground. The space has polished stone floors, wooden paneled ceilings, and large cylindrical wooden pillars."
"/Users/jenfnguyen/Documents/Dev/KIS-AAI-DM-Master/data/caption_project/vietnam_architecture/Chùa_Dơi,_cổng_chính_3662576.png","Ornate golden gate featuring intricate carvings of a standing Buddha figure and decorative motifs. The structure is flanked by low red walls with green serpent-like sculptures, set against a background of palm trees."
"/Users/jenfnguyen/Documents/Dev/KIS-AAI-DM-Master/data/caption_project/vietnam_architecture/Chùa_Dơi,_tranh_tường_3662573.png","A wall painting depicts a central Buddha figure sitting in a lotus position on a blue pedestal, surrounded by five monks with hands pressed together in prayer under a large tree."
/Users/jenfnguyen/Documents/Dev/KIS-AAI-DM-Master/data/caption_project/vietnam_architecture/Chùa_Giác_Hải_2022_(hoành_phi)_116594721.png,"Ornate wooden archway inside a temple, featuring two large golden dragon heads facing each other. The structure is decorated with intricate carvings, red and gold paint, and a central wind chime."
"/Users/jenfnguyen/Documents/Dev/KIS-AAI-DM-Master/data/caption_project/vietnam_architecture/Chùa_Giác_Hải_ở_Bình_Tân,_tháng_12_năm_2021_(cổng_vào)_(1)_113532581.png",A yellow gate with red trim and Chinese characters serves as the entrance to a pagoda. The structure features a swastika symbol on top and three metal gates leading to a paved area.
"/Users/jenfnguyen/Documents/Dev/KIS-AAI-DM-Master/data/caption_project/vietnam_architecture/Chùa_Giác_Hải_ở_Bình_Tân,_tháng_12_năm_2021_(cổng_vào)_(2)_113532582.png","Yellow pagoda gate with three arched entrances, featuring red metal gates, Chinese characters, and a swastika symbol on the central roof section. The structure is set against green trees and a paved courtyard."
"/Users/jenfnguyen/Documents/Dev/KIS-AAI-DM-Master/data/caption_project/vietnam_architecture/Chùa_Giác_Hải_ở_Bình_Tân,_tháng_12_năm_2021_(cổng_vào)_(3)_113532585.png","Yellow pagoda gate with three arched entrances, red metal gates, and Chinese characters painted in red. A swastika symbol sits atop the central structure, which is surrounded by trees and a concrete courtyard."
"/Users/jenfnguyen/Documents/Dev/KIS-AAI-DM-Master/data/caption_project/vietnam_architecture/Chùa_Giác_Hải_ở_Bình_Tân,_tháng_12_năm_2021_(sân)_(3)_113533401.png","A large golden Buddha statue sits on a lotus-shaped pedestal in a courtyard, accompanied by a large golden incense burner and several potted plants on a concrete ground."
"/Users/jenfnguyen/Documents/Dev/KIS-AAI-DM-Master/data/caption_project/vietnam_architecture/Chùa_Giác_Lâm,_tháng_01_năm_2022_(Miếu_thờ_xin_xăm,_cửa_sổ)_121674497.png","Orange exterior wall of a house featuring a window with dark green louvered shutters and a metal security grille. A white decorative ventilation block sits above the window, with three red plastic chairs below."
"/Users/jenfnguyen/Documents/Dev/KIS-AAI-DM-Master/data/caption_project/vietnam_architecture/Chùa_Giác_Lâm,_tháng_01_năm_2022_(cổng_chùa)_(1)_115832700.png","A yellow gate structure with green tiled roofs and gold dragon ornaments stands at an entrance. The gate features red Chinese characters, a central sign, and metal lattice doors, with Buddhist flags hanging above."
"/Users/jenfnguyen/Documents/Dev/KIS-AAI-DM-Master/data/caption_project/vietnam_architecture/Chùa_Giác_Lâm,_tháng_01_năm_2022_(cổng_chùa)_(10)_115832714.png","Orange gate of a temple featuring a multi-tiered roof with dark green tiles and golden dragon ornaments. A dharma wheel sits at the center of the roof ridge, flanked by two flags."
"/Users/jenfnguyen/Documents/Dev/KIS-AAI-DM-Master/data/caption_project/vietnam_architecture/Chùa_Giác_Lâm,_tháng_01_năm_2022_(cổng_chùa)_(11)_115832715.png","Orange gate of a pagoda featuring a tiered roof with dark tiles, golden dragon ornaments, and a central dharma wheel. The structure includes metal gates and vertical inscriptions in Vietnamese."
"/Users/jenfnguyen/Documents/Dev/KIS-AAI-DM-Master/data/caption_project/vietnam_architecture/Chùa_Giác_Lâm,_tháng_01_năm_2022_(cổng_chùa)_(12)_115832717.png",Orange gate of a temple featuring a tiled roof with green edges and dragon sculptures on the ridge. Red vertical panels with gold Chinese characters are attached to the pillars.
"/Users/jenfnguyen/Documents/Dev/KIS-AAI-DM-Master/data/caption_project/vietnam_architecture/Chùa_Giác_Lâm,_tháng_01_năm_2022_(cổng_chùa)_(13)_115832719.png","A bright orange gate with a tiled roof features green dragon sculptures on the ridge and vertical red panels with Chinese characters on the pillars, leading into a tree-lined path."
"/Users/jenfnguyen/Documents/Dev/KIS-AAI-DM-Master/data/caption_project/vietnam_architecture/Chùa_Giác_Lâm,_tháng_01_năm_2022_(cổng_chùa)_(2)_115832699.png","A yellow gate structure featuring a green tiled roof with dragon ornaments and a central sign. The gate is decorated with Chinese characters and topped with a dharma wheel, surrounded by Buddhist flags."
"/Users/jenfnguyen/Documents/Dev/KIS-AAI-DM-Master/data/caption_project/vietnam_architecture/Chùa_Giác_Lâm,_tháng_01_năm_2022_(cổng_chùa)_(3)_115832701.png","A yellow gate with green tiled roofs and golden dragon ornaments stands at an entrance. The structure features red Chinese characters, a golden metal gate, and colorful prayer flags hanging above."
"/Users/jenfnguyen/Documents/Dev/KIS-AAI-DM-Master/data/caption_project/vietnam_architecture/Chùa_Giác_Lâm,_tháng_01_năm_2022_(cổng_chùa)_(4)_115832705.png","A large orange entrance gate to a pagoda features green tiled roofs, gold dragon ornaments, and yellow metal gates. Chinese characters and Vietnamese text are inscribed on the pillars and central panels."
"/Users/jenfnguyen/Documents/Dev/KIS-AAI-DM-Master/data/caption_project/vietnam_architecture/Chùa_Giác_Lâm,_tháng_01_năm_2022_(cổng_chùa)_(5)_115832703.png",A yellow gate with green tiled roofs and golden dragon ornaments stands at the entrance of a temple. The structure features red Chinese characters and metal gates with geometric patterns under Buddhist flags.
"/Users/jenfnguyen/Documents/Dev/KIS-AAI-DM-Master/data/caption_project/vietnam_architecture/Chùa_Giác_Lâm,_tháng_01_năm_2022_(cổng_chùa)_(6)_115832704.png","A yellow pagoda with a multi-tiered roof stands behind a gate featuring green tiled roofs and golden metal grilles. Potted plants are placed in the foreground, and strings of small flags hang overhead."
"/Users/jenfnguyen/Documents/Dev/KIS-AAI-DM-Master/data/caption_project/vietnam_architecture/Chùa_Giác_Lâm,_tháng_01_năm_2022_(cổng_chùa)_(7)_115832709.png","A multi-story yellow pagoda stands behind a gate with green tiled roofs and orange pillars. The scene includes large decorative pots containing small trees, and strings of small flags hang overhead."
"/Users/jenfnguyen/Documents/Dev/KIS-AAI-DM-Master/data/caption_project/vietnam_architecture/Chùa_Giác_Lâm,_tháng_01_năm_2022_(cổng_chùa)_(8)_115832710.png","A pagoda gate features orange walls, green tiled roofs, and golden decorative carvings. The entrance has a large metal gate with geometric patterns, topped by a dharma wheel symbol and many colorful flags."
"/Users/jenfnguyen/Documents/Dev/KIS-AAI-DM-Master/data/caption_project/vietnam_architecture/Chùa_Giác_Lâm,_tháng_01_năm_2022_(cổng_chùa)_(9)_115832711.png","A yellow pagoda gate features green tiled roofs, gold dragon ornaments, and a central metal gate. Red Chinese characters are inscribed on the pillars and a large sign above the entrance."
"/Users/jenfnguyen/Documents/Dev/KIS-AAI-DM-Master/data/caption_project/vietnam_architecture/Chùa_Giác_Lâm,_tháng_01_năm_2022_(tháp_xá_lợi)_(1)_114440041.png","Multi-story yellow pagoda featuring tiered roofs and balconies, with a golden statue of a standing Buddha placed in front of the entrance. The structure is surrounded by green trees under a blue sky."
"/Users/jenfnguyen/Documents/Dev/KIS-AAI-DM-Master/data/caption_project/vietnam_architecture/Chùa_Giác_Lâm,_tháng_01_năm_2022_(tháp_xá_lợi)_(2)_114440043.png","Multi-story yellow pagoda featuring tiered roofs with curved corners and balconies on each level. A golden statue stands at the entrance, which is framed by a sign with Vietnamese text."
"/Users/jenfnguyen/Documents/Dev/KIS-AAI-DM-Master/data/caption_project/vietnam_architecture/Chùa_Giác_Lâm,_tháng_01_năm_2022_(tháp_xá_lợi)_(3)_114440044.png","Multi-story yellow pagoda with curved tiled roofs and balconies, featuring a golden standing Buddha statue and a large incense burner at the entrance, surrounded by green trees under a blue sky."
"/Users/jenfnguyen/Documents/Dev/KIS-AAI-DM-Master/data/caption_project/vietnam_architecture/Chùa_Giác_Lâm,_tháng_01_năm_2022_(tháp_xá_lợi)_(4)_114440045.png","Multi-story yellow pagoda with curved tiled roofs and balconies on each level, set against a bright blue sky with power lines and green trees in the foreground."
"/Users/jenfnguyen/Documents/Dev/KIS-AAI-DM-Master/data/caption_project/vietnam_architecture/Chùa_Giác_Lâm_(bảo_tháp),_tháng_4_năm_2021_(1)_106026758.png","Multi-story pagoda tower illuminated at night featuring a series of stacked balconies with railings. A statue stands at the entrance, which is marked by a wooden sign with yellow lettering."
"/Users/jenfnguyen/Documents/Dev/KIS-AAI-DM-Master/data/caption_project/vietnam_architecture/Chùa_Giác_Lâm_(bảo_tháp),_tháng_4_năm_2021_(2)_106026754.png","Multi-story pagoda at night featuring a tiered structure with yellow walls and dark railings. A large statue stands at the entrance, while people gather on the steps to offer incense."
"/Users/jenfnguyen/Documents/Dev/KIS-AAI-DM-Master/data/caption_project/vietnam_architecture/Chùa_Giác_Lâm_(bảo_tháp),_tháng_4_năm_2021_(3)_106026750.png","Multi-story pagoda illuminated at night, featuring tiered roofs with curved corners and balconies with balustrades. The structure is painted in light yellow and brown tones, framed by dark tree silhouettes."
"/Users/jenfnguyen/Documents/Dev/KIS-AAI-DM-Master/data/caption_project/vietnam_architecture/Chùa_Giác_Lâm_(bảo_tháp),_tháng_4_năm_2021_(4)_106026752.png","Multi-story pagoda tower illuminated at night, featuring tiered curved roofs and balconies with balustrades. The structure is painted in light yellow and orange tones, surrounded by dark foliage under a night sky."
/Users/jenfnguyen/Documents/Dev/KIS-AAI-DM-Master/data/caption_project/vietnam_architecture/Chùa_Giác_Sanh_năm_2022_(Ban_thờ_trong_chánh_điện)_(11)_126983174.png,"Golden Buddha statue sits in a meditative pose before a painted backdrop of a large tree and landscape. The altar features smaller statues, incense, and bowls of green pomelos."
/Users/jenfnguyen/Documents/Dev/KIS-AAI-DM-Master/data/caption_project/vietnam_architecture/Chùa_Giác_Sanh_năm_2022_(Ban_thờ_trong_chánh_điện)_(12)_126983176.png,"Interior of a temple featuring a large central golden Buddha statue seated before a painted mural of a tree. Ornate gold-painted wooden carvings frame the scene, with smaller statues and offerings placed below."
/Users/jenfnguyen/Documents/Dev/KIS-AAI-DM-Master/data/caption_project/vietnam_architecture/Chùa_Giác_Sanh_năm_2022_(Ban_thờ_trong_chánh_điện)_(13)_126983179.png,"Interior of a temple featuring a central golden Buddha statue sitting before a painted mural of a tree. The altar is decorated with gold-painted wooden carvings, red pillars, and offerings of green pomelos."
/Users/jenfnguyen/Documents/Dev/KIS-AAI-DM-Master/data/caption_project/vietnam_architecture/Chùa_Giác_Sanh_năm_2022_(Ban_thờ_trong_chánh_điện)_(14)_126983177.png,"Interior of a temple featuring a golden Buddha statue seated before a painted tree mural. The altar is decorated with red pillars, gold carvings, pink orchids, and two tall candles."
/Users/jenfnguyen/Documents/Dev/KIS-AAI-DM-Master/data/caption_project/vietnam_architecture/Chùa_Giác_Sanh_năm_2022_(Ban_thờ_trong_chánh_điện)_(26)_126983181.png,"Interior altar of a temple featuring a golden Buddha statue seated before a painted landscape mural. The wooden altar is decorated with intricate carvings, gold-painted panels, and floral arrangements on both sides."
/Users/jenfnguyen/Documents/Dev/KIS-AAI-DM-Master/data/caption_project/vietnam_architecture/Chùa_Giác_Sanh_năm_2022_(Ban_thờ_trong_chánh_điện)_(27)_126983183.png,Interior of a temple featuring a central golden Buddha statue seated before a painted mural of a tree. The altar is adorned with intricate red and gold wooden carvings and floral arrangements.
/Users/jenfnguyen/Documents/Dev/KIS-AAI-DM-Master/data/caption_project/vietnam_architecture/Chùa_Giác_Sanh_năm_2022_(Ban_thờ_trong_chánh_điện)_(28)_126983186.png,"Interior of a temple featuring a central golden Buddha statue seated before a painted tree mural. The altar is adorned with pink orchids, candles, and fruit offerings, framed by ornate red and gold wooden carvings."
/Users/jenfnguyen/Documents/Dev/KIS-AAI-DM-Master/data/caption_project/vietnam_architecture/Chùa_Giác_Sanh_năm_2022_(Ban_thờ_trong_chánh_điện)_(29)_126983187.png,"Interior of a temple featuring a central golden Buddha statue seated before a painted tree mural. The altar is decorated with red and gold carved wooden panels, pink orchids, and green pomelos."
/Users/jenfnguyen/Documents/Dev/KIS-AAI-DM-Master/data/caption_project/vietnam_architecture/Chùa_Giác_Sanh_năm_2022_(Ban_thờ_trong_chánh_điện)_(5)_126962067.png,"Interior altar featuring a golden Buddha statue seated on a lotus, framed by elaborate gilded wood carvings of dragons and phoenixes. Red pillars with Chinese characters flank the central shrine area."
/Users/jenfnguyen/Documents/Dev/KIS-AAI-DM-Master/data/caption_project/vietnam_architecture/Chùa_Giác_Sanh_năm_2022_(Ban_thờ_trong_chánh_điện)_(6)_126962068.png,"Interior of a temple featuring a golden Buddha statue seated on a lotus base, flanked by ornate red and gold pillars with carved dragons and Chinese characters, set against a painted landscape backdrop."
/Users/jenfnguyen/Documents/Dev/KIS-AAI-DM-Master/data/caption_project/vietnam_architecture/Chùa_Giác_Sanh_năm_2022_(Ban_thờ_trong_chánh_điện)_(7)_126962069.png,"Interior of a temple featuring a golden Buddha statue seated on a lotus throne, framed by elaborate gold-painted wooden carvings of dragons and two red pillars with Chinese characters."
/Users/jenfnguyen/Documents/Dev/KIS-AAI-DM-Master/data/caption_project/vietnam_architecture/Chùa_Giác_Sanh_năm_2022_(Ban_thờ_trong_chánh_điện)_(8)_126962073.png,"Interior of a temple featuring a central golden Buddha statue seated on a lotus throne. The altar is framed by ornate, gilded wooden carvings of dragons and pillars with Chinese characters."
/Users/jenfnguyen/Documents/Dev/KIS-AAI-DM-Master/data/caption_project/vietnam_architecture/Chùa_Giác_Sanh_năm_2022_(Ban_thờ_trong_chánh_điện)_(9)_126983173.png,"Interior of a temple featuring a dark wooden altar adorned with orchids, pomelos, and a crystal lamp. A red pillar with gold carvings stands beside a wall painting of a Buddha statue."
"/Users/jenfnguyen/Documents/Dev/KIS-AAI-DM-Master/data/caption_project/vietnam_architecture/Chùa_Giác_Sanh_năm_2022_(Ban_thờ_trong_chánh_điện,_tấm_thảm_đỏ)_(1)_126983188.png","Interior of a temple featuring a central Buddha statue seated on a lotus throne, framed by intricate gold-painted wooden carvings, red pillars with Chinese characters, and three hanging red lanterns."
"/Users/jenfnguyen/Documents/Dev/KIS-AAI-DM-Master/data/caption_project/vietnam_architecture/Chùa_Giác_Sanh_năm_2022_(Ban_thờ_trong_chánh_điện,_tấm_thảm_đỏ)_(2)_126983190.png","Interior of a temple featuring a central golden Buddha statue seated on a lotus throne, framed by intricate gilded wooden carvings, red pillars with Chinese characters, and a patterned red carpet on the floor."
"/Users/jenfnguyen/Documents/Dev/KIS-AAI-DM-Master/data/caption_project/vietnam_architecture/Chùa_Giác_Sanh_năm_2022_(Ban_thờ_trong_chánh_điện,_tấm_thảm_đỏ)_(3)_126983191.png","Interior of a temple featuring a central golden Buddha statue seated on a lotus throne, framed by ornate red and gold carved wooden pillars and a backdrop painting of a tree."
"/Users/jenfnguyen/Documents/Dev/KIS-AAI-DM-Master/data/caption_project/vietnam_architecture/Chùa_Giác_Sanh_năm_2022_(Ban_thờ_trong_chánh_điện,_tấm_thảm_đỏ)_(4)_126983193.png","Interior of a temple featuring a central golden Buddha statue seated before a painted landscape backdrop. The altar is made of dark carved wood, flanked by red pillars with gold inscriptions and floral arrangements."
"/Users/jenfnguyen/Documents/Dev/KIS-AAI-DM-Master/data/caption_project/vietnam_architecture/Chùa_Giác_Sanh_năm_2022_(Ban_thờ_trong_chánh_điện,_tấm_thảm_đỏ)_(5)_126983194.png","Interior of a temple featuring a central golden Buddha statue seated on a dark wooden altar. The space is decorated with red floral arrangements, intricate gold-painted wooden carvings, and a large red patterned carpet."
"/Users/jenfnguyen/Documents/Dev/KIS-AAI-DM-Master/data/caption_project/vietnam_architecture/Chùa_Giác_Sanh_năm_2022_(Ban_thờ_trong_chánh_điện,_tấm_thảm_đỏ)_(6)_126983196.png","Interior of a temple featuring a central golden Buddha statue seated on a dark wooden altar. The space is decorated with red floral arrangements, ornate gold-painted wood carvings, and large red carpets."
"/Users/jenfnguyen/Documents/Dev/KIS-AAI-DM-Master/data/caption_project/vietnam_architecture/Chùa_Giác_Sanh_năm_2022_(Ban_thờ_trong_chánh_điện,_tấm_thảm_đỏ)_(7)_126983198.png","Interior of a temple featuring a central golden Buddha statue seated before a painted landscape mural. The altar is made of dark carved wood, flanked by red pillars with gold Chinese characters."
/Users/jenfnguyen/Documents/Dev/KIS-AAI-DM-Master/data/caption_project/vietnam_architecture/Chùa_Giác_Sanh_năm_2022_(Họa_tiết_trong_chánh_điện)_(1)_126962072.png,Intricate wooden carving featuring two golden dragons flanking a central red dharma wheel symbol. The ornate panel is mounted on a white ceiling above a wall mural depicting green foliage.
/Users/jenfnguyen/Documents/Dev/KIS-AAI-DM-Master/data/caption_project/vietnam_architecture/Chùa_Giác_Sanh_năm_2022_(Họa_tiết_trong_chánh_điện)_(2)_126962074.png,"Intricate gold-painted wooden carvings of mythical creatures including a dragon, phoenix, and turtle decorate a red pillar inside a temple. A golden Buddha statue sits nearby with artificial lotus flowers."
/Users/jenfnguyen/Documents/Dev/KIS-AAI-DM-Master/data/caption_project/vietnam_architecture/Chùa_Giác_Sanh_năm_2022_(Họa_tiết_trong_chánh_điện)_(3)_126962075.png,"A golden Buddha statue sits before a painted landscape mural inside a temple. Above the statue, a horizontal wooden carving features two dragons flanking a central wheel symbol, painted in bright gold."
/Users/jenfnguyen/Documents/Dev/KIS-AAI-DM-Master/data/caption_project/vietnam_architecture/Chùa_Giác_Sanh_năm_2022_(Họa_tiết_trong_chánh_điện)_(4)_126962076.png,Interior of a temple featuring a golden Buddha statue seated before a painted landscape mural and a tree. A detailed gold-painted wooden carving with two dragons and a central wheel hangs from the ceiling.
/Users/jenfnguyen/Documents/Dev/KIS-AAI-DM-Master/data/caption_project/vietnam_architecture/Chùa_Giác_Sanh_năm_2022_(Họa_tiết_trong_chánh_điện)_(5)_126962077.png,"Golden carved wooden panel featuring two dragons flanking a central wheel symbol, positioned above a Buddha statue and a painted landscape mural on the interior wall of a temple."
/Users/jenfnguyen/Documents/Dev/KIS-AAI-DM-Master/data/caption_project/vietnam_architecture/Chùa_Giác_Sanh_năm_2022_(Mái_rồng)_(1)_126985368.png,Golden dragon sculpture perched on the curved corner of a red and green tiled roof. The structure features a yellow wall and is set against a bright blue sky with scattered clouds.
/Users/jenfnguyen/Documents/Dev/KIS-AAI-DM-Master/data/caption_project/vietnam_architecture/Chùa_Giác_Sanh_năm_2022_(Mái_rồng)_(2)_126985369.png,"Golden dragon sculpture perched on the curved corner of a pagoda roof, featuring green ceramic tiles and red painted wood trim against a bright blue sky with green trees below."
/Users/jenfnguyen/Documents/Dev/KIS-AAI-DM-Master/data/caption_project/vietnam_architecture/Chùa_Giác_Sanh_năm_2022_(Mái_rồng)_(3)_126985371.png,"Curved pagoda roof corner featuring a golden dragon sculpture, overlooking a residential area with multi-story buildings, trees, and a clear blue sky in the background."
/Users/jenfnguyen/Documents/Dev/KIS-AAI-DM-Master/data/caption_project/vietnam_architecture/Chùa_Giác_Sanh_năm_2022_(Mái_rồng)_(4)_126985374.png,Curved roof corner of a building features a golden dragon sculpture perched on green glazed tiles. A red lantern hangs from the eaves against a bright blue sky with scattered clouds.
/Users/jenfnguyen/Documents/Dev/KIS-AAI-DM-Master/data/caption_project/vietnam_architecture/Chùa_Giác_Sanh_năm_2022_(Mái_rồng)_(5)_126985375.png,"Curved roof corner of a building featuring a golden dragon sculpture on the ridge. A red lantern hangs from the eaves, with urban buildings and a blue sky visible in the background."
/Users/jenfnguyen/Documents/Dev/KIS-AAI-DM-Master/data/caption_project/vietnam_architecture/Chùa_Giác_Sanh_năm_2022_(chính_điện)_(1)_126992264.png,"A pagoda with yellow walls and a tiered roof features red pillars adorned with golden dragon sculptures. Numerous red lanterns and colorful flags hang across the entrance, with a yellow banner displayed above."
/Users/jenfnguyen/Documents/Dev/KIS-AAI-DM-Master/data/caption_project/vietnam_architecture/Chùa_Giác_Sanh_năm_2022_(chính_điện)_(2)_126992266.png,"Exterior of a pagoda featuring two prominent golden dragon-wrapped pillars, a yellow facade, and a curved stone staircase. Red lanterns and colorful Buddhist flags hang from the roof structure above the entrance."
/Users/jenfnguyen/Documents/Dev/KIS-AAI-DM-Master/data/caption_project/vietnam_architecture/Chùa_Giác_Sanh_năm_2022_(chính_điện)_(5)_126992265.png,"Pagoda entrance featuring two prominent pillars wrapped in golden dragon sculptures, a wide yellow banner with text, and a curved staircase leading to the main doorway decorated with red lanterns and potted plants."
/Users/jenfnguyen/Documents/Dev/KIS-AAI-DM-Master/data/caption_project/vietnam_architecture/Chùa_Giác_Sanh_năm_2022_(chính_điện)_(6)_126992267.png,"Pagoda entrance featuring two golden dragon-wrapped pillars, a yellow banner with red text, and red lanterns hanging from the roof. A small tree and potted flowers sit on the stone steps."
/Users/jenfnguyen/Documents/Dev/KIS-AAI-DM-Master/data/caption_project/vietnam_architecture/Chùa_Giác_Sanh_năm_2022_(cầu_thang_lên_chánh_điện)_(1)_126984027.png,"Red concrete staircase with decorative stone panels leads to an upper level in a courtyard. A potted plant with orange flowers sits below, while strings of Buddhist flags hang overhead."
/Users/jenfnguyen/Documents/Dev/KIS-AAI-DM-Master/data/caption_project/vietnam_architecture/Chùa_Giác_Sanh_năm_2022_(cầu_thang_lên_chánh_điện)_(2)_126984026.png,A concrete staircase with red railings and gray stone steps leads to an upper level of a building. The railings feature white relief carvings of lotus flowers and other motifs.
/Users/jenfnguyen/Documents/Dev/KIS-AAI-DM-Master/data/caption_project/vietnam_architecture/Chùa_Giác_Sanh_năm_2022_(cầu_thang_lên_chánh_điện)_(3)_126984025.png,"A courtyard of a temple features a staircase with dark red railings decorated with rectangular stone carvings. Potted plants and flowers sit on the tiled ground, while Buddhist prayer flags hang overhead."
/Users/jenfnguyen/Documents/Dev/KIS-AAI-DM-Master/data/caption_project/vietnam_architecture/Chùa_Giác_Sanh_năm_2022_(cầu_thang_lên_chánh_điện)_(4)_126984029.png,"Courtyard of a pagoda featuring a staircase with red railings and decorative panels, a tiled roof building in the background, potted flowers, and Buddhist prayer flags hanging overhead."
/Users/jenfnguyen/Documents/Dev/KIS-AAI-DM-Master/data/caption_project/vietnam_architecture/Chùa_Giác_Sanh_năm_2022_(cầu_thang_lên_chánh_điện)_126984028.png,A stone staircase with dark red railings and decorative panels leads to an elevated platform in a courtyard. Rows of colorful Buddhist flags and red lanterns hang above the paved ground.
/Users/jenfnguyen/Documents/Dev/KIS-AAI-DM-Master/data/caption_project/vietnam_architecture/Chùa_Giác_Sanh_năm_2022_(cổng_chùa)_(1)_116026095.png,"Pagoda entrance gate featuring a large blue sign with white text, flanked by stone pillars topped with lotus motifs. The courtyard behind the gate displays a multi-level structure with green tiled roofs."
/Users/jenfnguyen/Documents/Dev/KIS-AAI-DM-Master/data/caption_project/vietnam_architecture/Chùa_Giác_Sanh_năm_2022_(cổng_chùa)_(10)_116026097.png,"Pagoda entrance featuring a large blue sign with white text, stone-clad pillars, and an ornate black metal gate. Behind the gate, a yellow building with a curved roof is decorated with red lanterns."
/Users/jenfnguyen/Documents/Dev/KIS-AAI-DM-Master/data/caption_project/vietnam_architecture/Chùa_Giác_Sanh_năm_2022_(cổng_chùa)_(11)_116026101.png,"Pagoda entrance featuring a black metal gate with gold lotus motifs, leading to a multi-story building with a green tiled roof. Numerous red lanterns and Buddhist flags hang across the courtyard."
/Users/jenfnguyen/Documents/Dev/KIS-AAI-DM-Master/data/caption_project/vietnam_architecture/Chùa_Giác_Sanh_năm_2022_(cổng_chùa)_(12)_116026100.png,"A temple entrance features a black metal gate with a lotus design, viewed through a stone pillar. The temple building behind has a green tiled roof, yellow walls, and numerous red lanterns and colorful flags."
/Users/jenfnguyen/Documents/Dev/KIS-AAI-DM-Master/data/caption_project/vietnam_architecture/Chùa_Giác_Sanh_năm_2022_(cổng_chùa)_(13)_116026102.png,"A pagoda entrance features a stone pillar and a large blue sign with white text. Rows of colorful Buddhist flags hang above the courtyard, leading toward a multi-story building with a tiled roof."
/Users/jenfnguyen/Documents/Dev/KIS-AAI-DM-Master/data/caption_project/vietnam_architecture/Chùa_Giác_Sanh_năm_2022_(cổng_chùa)_(14)_116026104.png,"A pagoda entrance features a large blue sign with white text, a black metal gate with gold lotus motifs, and red lanterns hanging above. A narrow pathway leads toward the yellow building structure."
/Users/jenfnguyen/Documents/Dev/KIS-AAI-DM-Master/data/caption_project/vietnam_architecture/Chùa_Giác_Sanh_năm_2022_(cổng_chùa)_(18)_116026103.png,"A metal gate with gold-colored lotus and coin motifs stands before a stone pillar. In the background, a bright blue multi-story building is visible under a sky decorated with Buddhist flags and a red lantern."
/Users/jenfnguyen/Documents/Dev/KIS-AAI-DM-Master/data/caption_project/vietnam_architecture/Chùa_Giác_Sanh_năm_2022_(cổng_chùa)_(23)_116026105.png,"Pagoda entrance featuring a large blue sign, decorative metal gates, and a yellow building with a green tiled roof. Buddhist prayer flags are strung across the courtyard, and an external staircase leads upward."
"/Users/jenfnguyen/Documents/Dev/KIS-AAI-DM-Master/data/caption_project/vietnam_architecture/Chùa_Giác_Sanh_năm_2022_(cổng_chùa,_nhìn_xa)_(20)_116026107.png","Pagoda entrance featuring a blue sign with white text, green tiled curved roofs, and yellow walls. A metal gate stands in front, with Buddhist flags displayed above the structure under a clear sky."
"/Users/jenfnguyen/Documents/Dev/KIS-AAI-DM-Master/data/caption_project/vietnam_architecture/Chùa_Giác_Sanh_năm_2022_(cổng_chùa,_nhìn_xa)_(21)_116026106.png","Pagoda entrance gate featuring a blue sign with white text, leading to a yellow building with a green tiled roof decorated with golden ornaments and several Buddhist flags flying above."
"/Users/jenfnguyen/Documents/Dev/KIS-AAI-DM-Master/data/caption_project/vietnam_architecture/Chùa_Giác_Sanh_năm_2022_(cổng_chùa,_song_sắt)_(17)_116026108.png","Black and gold metal gate features a prominent lotus flower design and coin motifs. Behind the gate, a bright blue multi-story building stands alongside other urban structures in a residential area."
/Users/jenfnguyen/Documents/Dev/KIS-AAI-DM-Master/data/caption_project/vietnam_architecture/Chùa_Giác_Sanh_năm_2022_(cổng_chùa_băng_rôn)_(15)_116026091.png,"Yellow arched gate featuring a swastika symbol and a banner with text, leading to a pagoda with a green tiled roof. A narrow street with buildings and parked motorbikes is visible."
/Users/jenfnguyen/Documents/Dev/KIS-AAI-DM-Master/data/caption_project/vietnam_architecture/Chùa_Giác_Sanh_năm_2022_(cổng_chùa_băng_rôn)_(16)_116026092.png,Yellow painted concrete gate featuring a central swastika symbol and a large banner with red text. A pagoda with a green tiled roof is visible in the background between urban buildings.
/Users/jenfnguyen/Documents/Dev/KIS-AAI-DM-Master/data/caption_project/vietnam_architecture/Chùa_Giác_Sanh_năm_2022_(cổng_chùa_mặt_sau)_(22)_116026090.png,"A yellow gate with two pillars stands at the entrance of a street. The gate features a swastika symbol on top, with a Vietnamese flag and a Buddhist flag flying above it."
/Users/jenfnguyen/Documents/Dev/KIS-AAI-DM-Master/data/caption_project/vietnam_architecture/Chùa_Giác_Sanh_năm_2022_(cổng_chùa_mặt_sau)_(23)_116026094.png,"Yellow gate with a swastika symbol on top stands at a street entrance, featuring two pillars topped with lotus-shaped ornaments, a Vietnamese flag, and a Buddhist flag flying above."
/Users/jenfnguyen/Documents/Dev/KIS-AAI-DM-Master/data/caption_project/vietnam_architecture/Chùa_Giác_Sanh_năm_2022_(cửa)_123933647.png,"Doorway featuring a black metal gate with intricate scrollwork and swastika symbols, framed by a decorative plaster molding. Through the opening, a yellow building with a balcony and shuttered windows is visible."
/Users/jenfnguyen/Documents/Dev/KIS-AAI-DM-Master/data/caption_project/vietnam_architecture/Chùa_Giác_Sanh_năm_2022_(hoành_phi_đỏ)_(1)_115381447.png,"Interior of a structure featuring a wooden altar with two statues of deities, floral arrangements, and fruit offerings. A red sign with gold Chinese characters is mounted on the dark wooden ceiling beams."
/Users/jenfnguyen/Documents/Dev/KIS-AAI-DM-Master/data/caption_project/vietnam_architecture/Chùa_Giác_Sanh_năm_2022_(hoành_phi_đỏ_ở_chánh_điện)_(1)_126981877.png,"A yellow wall features a red rectangular plaque with gold Chinese characters above a dark metal doorway. Intricate brown wooden carvings decorate the frame, including a central dharma wheel symbol above the entrance."
/Users/jenfnguyen/Documents/Dev/KIS-AAI-DM-Master/data/caption_project/vietnam_architecture/Chùa_Giác_Sanh_năm_2022_(hoành_phi_đỏ_ở_chánh_điện)_(10)_126981880.png,Entrance of a pagoda featuring a prominent red horizontal sign with gold Chinese characters. The yellow wall is decorated with grey carved floral motifs and a dharma wheel symbol above the dark metal door frame.
/Users/jenfnguyen/Documents/Dev/KIS-AAI-DM-Master/data/caption_project/vietnam_architecture/Chùa_Giác_Sanh_năm_2022_(hoành_phi_đỏ_ở_chánh_điện)_(8)_126981876.png,"A red horizontal plaque with gold Chinese characters is mounted on a yellow wall above a doorway. A grey decorative relief featuring a dharma wheel symbol sits below the plaque, above dark metal window grilles."
/Users/jenfnguyen/Documents/Dev/KIS-AAI-DM-Master/data/caption_project/vietnam_architecture/Chùa_Giác_Sanh_năm_2022_(hoành_phi_đỏ_ở_chánh_điện)_(9)_126981878.png,"Entrance of a pagoda featuring a prominent red horizontal plaque with gold Chinese characters. The yellow wall is decorated with gray relief carvings, a dharma wheel symbol, and black metal window grilles."
/Users/jenfnguyen/Documents/Dev/KIS-AAI-DM-Master/data/caption_project/vietnam_architecture/Chùa_Giác_Sanh_năm_2022_(hậu_viện)_(1)_126992269.png,"Pagoda exterior featuring yellow walls, dark red cylindrical pillars, and intricate carved wooden panels. The structure includes a multi-level balcony with lotus-shaped ornaments and a metal door with a swastika pattern."
/Users/jenfnguyen/Documents/Dev/KIS-AAI-DM-Master/data/caption_project/vietnam_architecture/Chùa_Giác_Sanh_năm_2022_(hậu_viện)_(2)_126992268.png,"Pagoda exterior featuring yellow walls, dark red cylindrical pillars, and intricate carved wooden panels. The structure includes a staircase with yellow railings and lotus-shaped decorations, leading to an open doorway."
/Users/jenfnguyen/Documents/Dev/KIS-AAI-DM-Master/data/caption_project/vietnam_architecture/Chùa_Giác_Sanh_năm_2022_(họa_tiết_bàn_thờ_Phật_trong_chánh_điện)_(1)_126961748.png,"Detailed wood carving featuring a central circular longevity symbol in gold against a dark purple background. The panel is decorated with geometric patterns and stylized floral motifs, framed by horizontal borders."
/Users/jenfnguyen/Documents/Dev/KIS-AAI-DM-Master/data/caption_project/vietnam_architecture/Chùa_Giác_Sanh_năm_2022_(họa_tiết_bàn_thờ_Phật_trong_chánh_điện)_(1a)_126961747.png,"Wooden altar table featuring intricate gold-painted carvings on a dark background. The design includes geometric patterns, floral motifs, and a central circular symbol, topped with a stone surface and yellow glass vessels."
/Users/jenfnguyen/Documents/Dev/KIS-AAI-DM-Master/data/caption_project/vietnam_architecture/Chùa_Giác_Sanh_năm_2022_(họa_tiết_bàn_thờ_Phật_trong_chánh_điện)_(2)_126961746.png,A detailed view of a black and gold altar base featuring intricate carvings of dragons and floral motifs. A pink lotus pedestal supporting a golden statue sits on the upper surface.
/Users/jenfnguyen/Documents/Dev/KIS-AAI-DM-Master/data/caption_project/vietnam_architecture/Chùa_Giác_Sanh_năm_2022_(họa_tiết_bàn_thờ_Phật_trong_chánh_điện)_(3)_126961751.png,"Detail of a black and gold altar featuring intricate carvings of a dragon within a circular frame, floral motifs, and a geometric meander pattern along the top edge."
/Users/jenfnguyen/Documents/Dev/KIS-AAI-DM-Master/data/caption_project/vietnam_architecture/Chùa_Giác_Sanh_năm_2022_(họa_tiết_bàn_thờ_Phật_trong_chánh_điện)_(4)_126961752.png,"Wooden altar detail featuring dark brown surfaces with intricate gold-painted carvings. The design includes a circular dragon motif, floral patterns, and geometric border accents, reflecting traditional craftsmanship found in religious structures."
/Users/jenfnguyen/Documents/Dev/KIS-AAI-DM-Master/data/caption_project/vietnam_architecture/Chùa_Giác_Sanh_năm_2022_(họa_tiết_bàn_thờ_Phật_trong_chánh_điện)_(5)_126961753.png,"Detail of a dark surface featuring a circular relief carving of a golden dragon. The dragon is stylized with flowing, curved forms, set against a deep black background with gold-painted borders."
/Users/jenfnguyen/Documents/Dev/KIS-AAI-DM-Master/data/caption_project/vietnam_architecture/Chùa_Giác_Sanh_năm_2022_(họa_tiết_bàn_thờ_Phật_trong_chánh_điện)_(6)_126961754.png,Detail of a dark purple wall surface featuring a central circular relief carving of a golden dragon. The design includes a gold geometric border at the top and decorative scrolling patterns on the corners.
/Users/jenfnguyen/Documents/Dev/KIS-AAI-DM-Master/data/caption_project/vietnam_architecture/Chùa_Giác_Sanh_năm_2022_(họa_tiết_bàn_thờ_Phật_trong_chánh_điện)_(7)_126961755.png,"Detail of a dark surface featuring a central gold relief carving of a dragon inside a circular frame, bordered by gold geometric patterns and stylized floral motifs on a black background."
/Users/jenfnguyen/Documents/Dev/KIS-AAI-DM-Master/data/caption_project/vietnam_architecture/Chùa_Giác_Sanh_năm_2022_(họa_tiết_bàn_thờ_Phật_trong_chánh_điện)_(9)_126961756.png,"Intricate wood carving detail featuring a central lotus flower motif surrounded by swirling floral patterns. The relief is painted in gold against a dark purple background, showcasing traditional decorative craftsmanship."
/Users/jenfnguyen/Documents/Dev/KIS-AAI-DM-Master/data/caption_project/vietnam_architecture/Chùa_Giác_Sanh_năm_2022_(kiến_trúc_chánh_điện_trên_lầu)_(1)_126992270.png,"Pagoda entrance featuring a yellow wall adorned with gold-painted dragon carvings and red vertical plaques. Red lanterns hang from the wooden structure, and a wind chime is suspended near a dark brown pillar."
/Users/jenfnguyen/Documents/Dev/KIS-AAI-DM-Master/data/caption_project/vietnam_architecture/Chùa_Giác_Sanh_năm_2022_(kiến_trúc_chánh_điện_trên_lầu)_(15)_126992272.png,"Pagoda exterior featuring a yellow facade, dark wooden doors, and green tiled roofs with curved edges. Red lanterns hang from the eaves, and ornate gold-colored inscriptions decorate the walls above the entrance."
/Users/jenfnguyen/Documents/Dev/KIS-AAI-DM-Master/data/caption_project/vietnam_architecture/Chùa_Giác_Sanh_năm_2022_(kiến_trúc_chánh_điện_trên_lầu)_(17)_126992274.png,"Pagoda exterior featuring yellow walls, dark wooden pillars with white lotus-shaped bases, and a green tiled roof with curved edges. Red lanterns hang from the eaves, and golden decorative carvings adorn the facade."
/Users/jenfnguyen/Documents/Dev/KIS-AAI-DM-Master/data/caption_project/vietnam_architecture/Chùa_Giác_Sanh_năm_2022_(kiến_trúc_chánh_điện_trên_lầu)_(18)_126992273.png,"Pagoda exterior featuring a yellow wall, dark brown pillars with lotus-shaped capitals, and a curved roof with green tiles. Red lanterns and gold-painted decorative carvings are attached to the facade."
/Users/jenfnguyen/Documents/Dev/KIS-AAI-DM-Master/data/caption_project/vietnam_architecture/Chùa_Giác_Sanh_năm_2022_(kiến_trúc_chánh_điện_trên_lầu)_(19a)_126992275.png,"Pagoda entrance featuring yellow walls, dark wooden doors, and green tiled curved roof eaves. A golden relief sculpture of a warrior stands on the left, accented by red lanterns and ornate gold carvings."
/Users/jenfnguyen/Documents/Dev/KIS-AAI-DM-Master/data/caption_project/vietnam_architecture/Chùa_Giác_Sanh_năm_2022_(kiến_trúc_chánh_điện_trên_lầu)_(2)_126992271.png,"Yellow facade of a pagoda featuring a red horizontal plaque with gold Chinese characters, green tiled roof edges, and intricate carved wooden panels above the entrance. A wind chime hangs in the center."
"/Users/jenfnguyen/Documents/Dev/KIS-AAI-DM-Master/data/caption_project/vietnam_architecture/Chùa_Giác_Sanh_năm_2022_(kiến_trúc_chánh_điện_trên_lầu,_cửa_gỗ)_(1)_123933709.png",Interior of a building featuring large dark wooden doors with intricate carvings and a yellow wall above the entrance adorned with a prominent golden decorative plaque containing red Chinese characters.
"/Users/jenfnguyen/Documents/Dev/KIS-AAI-DM-Master/data/caption_project/vietnam_architecture/Chùa_Giác_Sanh_năm_2022_(kiến_trúc_chánh_điện_trên_lầu,_cửa_gỗ)_(2)_123933707.png",Interior of a temple featuring a bright yellow wall with a prominent red and gold decorative plaque above a wooden doorway. The open door reveals a space with carved wooden panels and a statue.
"/Users/jenfnguyen/Documents/Dev/KIS-AAI-DM-Master/data/caption_project/vietnam_architecture/Chùa_Giác_Sanh_năm_2022_(kiến_trúc_chánh_điện_trên_lầu,_cửa_gỗ)_(3)_123933708.png",Interior of a temple featuring a large wooden doorway with carved panels and a yellow wall above. A golden decorative plaque with red Chinese characters is mounted centrally above the entrance.
"/Users/jenfnguyen/Documents/Dev/KIS-AAI-DM-Master/data/caption_project/vietnam_architecture/Chùa_Giác_Sanh_năm_2022_(kiến_trúc_chánh_điện_trên_lầu,_gian_bên)_(1)_126992279.png","Pagoda entrance featuring yellow walls, brown wooden pillars, and a green tiled roof with upturned corners. Red lanterns hang from the eaves, and gold-painted decorative carvings adorn the facade above the wooden doors."
"/Users/jenfnguyen/Documents/Dev/KIS-AAI-DM-Master/data/caption_project/vietnam_architecture/Chùa_Giác_Sanh_năm_2022_(kiến_trúc_chánh_điện_trên_lầu,_gian_bên)_(2)_126992278.png","Pagoda entrance featuring yellow walls, a curved green tiled roof with a golden dragon ornament, and red lanterns. A dark wooden pillar stands beside the open doorway, with golden decorative panels on the wall."
"/Users/jenfnguyen/Documents/Dev/KIS-AAI-DM-Master/data/caption_project/vietnam_architecture/Chùa_Giác_Sanh_năm_2022_(kiến_trúc_chánh_điện_trên_lầu,_hoành_phi)_(1)_126984475.png","Yellow wall of a temple entrance featuring a central decorative golden scroll with red Chinese characters, a carved wooden transom, and dark wood double doors with intricate lattice patterns."
"/Users/jenfnguyen/Documents/Dev/KIS-AAI-DM-Master/data/caption_project/vietnam_architecture/Chùa_Giác_Sanh_năm_2022_(kiến_trúc_chánh_điện_trên_lầu,_hoành_phi)_(3)_126984476.png","Interior of a building featuring a large, horizontal, gold-painted wooden plaque with red Chinese characters mounted on a yellow wall above a dark wooden door frame with intricate geometric lattice panels."
"/Users/jenfnguyen/Documents/Dev/KIS-AAI-DM-Master/data/caption_project/vietnam_architecture/Chùa_Giác_Sanh_năm_2022_(kiến_trúc_chánh_điện_trên_lầu,_hoành_phi)_(4)_126984474.png","Detail of a temple entrance featuring a horizontal wooden plaque with red Chinese characters on a gold background, positioned above a dark wooden transom with intricate geometric lattice patterns."
"/Users/jenfnguyen/Documents/Dev/KIS-AAI-DM-Master/data/caption_project/vietnam_architecture/Chùa_Giác_Sanh_năm_2022_(kiến_trúc_chánh_điện_trên_lầu,_hoành_phi,_nhìn_thẳng)_(1)_126984480.png",Interior of a temple featuring a large wooden doorway with carved panels and a yellow wall above decorated with a prominent gold and red horizontal plaque inscribed with Chinese characters.
"/Users/jenfnguyen/Documents/Dev/KIS-AAI-DM-Master/data/caption_project/vietnam_architecture/Chùa_Giác_Sanh_năm_2022_(kiến_trúc_chánh_điện_trên_lầu,_hoành_phi,_nhìn_thẳng)_(1a)_126984478.png","Interior of a temple featuring large wooden doors with carved panels, a yellow wall with a golden scroll-shaped sign, and a central altar decorated with flowers and fruit offerings on a red rug."
"/Users/jenfnguyen/Documents/Dev/KIS-AAI-DM-Master/data/caption_project/vietnam_architecture/Chùa_Giác_Sanh_năm_2022_(kiến_trúc_chánh_điện_trên_lầu,_hoành_phi,_nhìn_thẳng)_(2)_126984479.png","Interior of a temple featuring a yellow wall with a large gold-painted relief carving, dark wooden doors with lattice patterns, and an altar decorated with flowers and brass candle holders."
"/Users/jenfnguyen/Documents/Dev/KIS-AAI-DM-Master/data/caption_project/vietnam_architecture/Chùa_Giác_Sanh_năm_2022_(kiến_trúc_chánh_điện_trên_lầu,_ngoại_cảnh)_(2)_126992282.png","Pagoda exterior featuring a yellow wall with a golden relief sculpture of a warrior figure. The curved roof has green tiles and golden dragon ornaments, with red lanterns hanging from the eaves."
"/Users/jenfnguyen/Documents/Dev/KIS-AAI-DM-Master/data/caption_project/vietnam_architecture/Chùa_Giác_Sanh_năm_2022_(kiến_trúc_chánh_điện_trên_lầu,_ngoại_cảnh)_(4)_126992284.png","Pagoda roof corner featuring green glazed tiles, a golden dragon finial, and red lanterns hanging from the eaves. The yellow wall displays ornate relief carvings and a red plaque with gold Chinese characters."
"/Users/jenfnguyen/Documents/Dev/KIS-AAI-DM-Master/data/caption_project/vietnam_architecture/Chùa_Giác_Sanh_năm_2022_(kiến_trúc_chánh_điện_trên_lầu,_ngoại_cảnh,_tượng_Quan_Âm)_126992286.png","A white statue of a standing figure with a yellow halo stands before a yellow pagoda with a green tiled curved roof. Red lanterns hang from the eaves, and potted plants are in the foreground."
"/Users/jenfnguyen/Documents/Dev/KIS-AAI-DM-Master/data/caption_project/vietnam_architecture/Chùa_Giác_Sanh_năm_2022_(phòng_tiếp_khách,_bộ_bàn_ghế_gỗ)_(1)_126742831.png","Interior living room featuring dark wooden furniture with red patterned cushions and glass-topped tables. A large window with decorative metal grilles and a swastika symbol overlooks the exterior, with light tiles on the floor."
"/Users/jenfnguyen/Documents/Dev/KIS-AAI-DM-Master/data/caption_project/vietnam_architecture/Chùa_Giác_Sanh_năm_2022_(phòng_tiếp_khách,_bộ_bàn_ghế_gỗ)_(2)_126742829.png","Interior living room featuring dark wooden furniture with red patterned cushions and glass-topped tables. A decorative wheat arrangement sits on a small table, while light-colored tiled floors reflect sunlight from the windows."
"/Users/jenfnguyen/Documents/Dev/KIS-AAI-DM-Master/data/caption_project/vietnam_architecture/Chùa_Giác_Sanh_năm_2022_(phòng_tiếp_khách,_bộ_bàn_ghế_gỗ)_(3)_126742830.png","Interior seating area featuring dark wooden furniture with red patterned cushions, a small glass-topped table with a decorative floral arrangement, and cream-colored walls with metal window grilles and beige curtains."
"/Users/jenfnguyen/Documents/Dev/KIS-AAI-DM-Master/data/caption_project/vietnam_architecture/Chùa_Giác_Sanh_năm_2022_(phòng_tiếp_khách,_bộ_bàn_ghế_gỗ)_(4)_126742833.png",Interior living space featuring a wooden coffee table and matching sofa set with patterned cushions. A decorative vase filled with golden wheat stalks and red paper accents sits on a small side table.
"/Users/jenfnguyen/Documents/Dev/KIS-AAI-DM-Master/data/caption_project/vietnam_architecture/Chùa_Giác_Sanh_năm_2022_(phòng_tiếp_khách,_bộ_bàn_ghế_gỗ)_(5)_126742834.png","Interior living space featuring a wooden coffee table with a decorative wheat and red ribbon arrangement in a vase, surrounded by wooden furniture with red patterned cushions and a tiled floor."
/Users/jenfnguyen/Documents/Dev/KIS-AAI-DM-Master/data/caption_project/vietnam_architecture/Chùa_Giác_Sanh_năm_2022_(tranh_trong_chánh_điện)_126962079.png,"Interior wall featuring a large colorful landscape painting of deer, trees, and lotus flowers. A red pillar with gold Chinese characters stands to the left, and an ornate wooden doorway frame is visible."
/Users/jenfnguyen/Documents/Dev/KIS-AAI-DM-Master/data/caption_project/vietnam_architecture/Chùa_Giác_Sanh_năm_2022_(trong_chánh_điện)_(3)_126962081.png,"Interior of a temple featuring a central altar with gold-painted wooden carvings, a tiled floor, and a white ceiling with recessed panels. Red lanterns hang from the ceiling, and Buddhist flags line the walls."
/Users/jenfnguyen/Documents/Dev/KIS-AAI-DM-Master/data/caption_project/vietnam_architecture/Chùa_Giác_Sanh_năm_2022_(trong_chánh_điện)_(4)_126962084.png,"Interior of a temple featuring a central altar with a golden Buddha statue. The space has polished stone floors, a red patterned carpet, and ornate wooden carvings with Chinese characters on red pillars."
/Users/jenfnguyen/Documents/Dev/KIS-AAI-DM-Master/data/caption_project/vietnam_architecture/Chùa_Giác_Sanh_năm_2022_(trong_chánh_điện)_(5)_126962083.png,"Interior of a temple featuring a central altar with gold-painted wooden carvings of dragons and floral motifs. Red lanterns hang from the white ceiling, and a red patterned rug covers the floor."
/Users/jenfnguyen/Documents/Dev/KIS-AAI-DM-Master/data/caption_project/vietnam_architecture/Chùa_Giác_Sanh_năm_2022_(trong_chánh_điện)_(6)_126962086.png,"Interior of a temple featuring a central altar with gold-painted wooden carvings, red lanterns hanging from the ceiling, and a tiled floor covered by large red patterned rugs."
/Users/jenfnguyen/Documents/Dev/KIS-AAI-DM-Master/data/caption_project/vietnam_architecture/Chùa_Giác_Sanh_năm_2022_(trong_chánh_điện)_(7)_126962088.png,"Interior of a building featuring yellow walls, tiled floors, and three doorways with decorative frames. Red lanterns and rows of small colorful flags hang from the ceiling, while a standing fan sits on the floor."
"/Users/jenfnguyen/Documents/Dev/KIS-AAI-DM-Master/data/caption_project/vietnam_architecture/Chùa_Giác_Sanh_năm_2022_(trong_chánh_điện,_sảnh)_(1)_126962090.png","Interior of a temple featuring a central altar with a golden Buddha statue, surrounded by intricate gold-painted wooden carvings on pillars and walls. A red patterned carpet lies on the tiled floor."
"/Users/jenfnguyen/Documents/Dev/KIS-AAI-DM-Master/data/caption_project/vietnam_architecture/Chùa_Giác_Sanh_năm_2022_(trong_chánh_điện,_sảnh)_(2)_126962092.png","Interior of a temple featuring a central altar with a Buddha statue, surrounded by ornate gold-painted wooden carvings, red lanterns hanging from the ceiling, and a large red rug on tiled floors."
"/Users/jenfnguyen/Documents/Dev/KIS-AAI-DM-Master/data/caption_project/vietnam_architecture/Chùa_Giác_Sanh_năm_2022_(trong_chánh_điện,_sảnh)_(3)_126962094.png","Interior of a temple featuring a large tiled floor, beige walls, and a coffered ceiling with hanging red lanterns. Two large, golden dragon-carved pillars support an ornate wooden beam across the room."
"/Users/jenfnguyen/Documents/Dev/KIS-AAI-DM-Master/data/caption_project/vietnam_architecture/Chùa_Giác_Sanh_năm_2022_(trong_chánh_điện,_sảnh)_(4)_126962096.png","Interior of a building featuring a large open hall with tiled floors and red lanterns hanging from the ceiling. Two prominent pillars are adorned with golden dragon carvings, framing three open doorways."
/Users/jenfnguyen/Documents/Dev/KIS-AAI-DM-Master/data/caption_project/vietnam_architecture/Chùa_Giác_Sanh_năm_2022_(trần_chánh_điện)_126962078.png,Interior ceiling of a structure featuring a central lotus-shaped medallion and a rectangular wooden plaque with gold Chinese characters. The walls are painted yellow with dark brown carved wooden decorative panels.
/Users/jenfnguyen/Documents/Dev/KIS-AAI-DM-Master/data/caption_project/vietnam_architecture/Chùa_Giác_Tánh_(Cổng_chùa)_(1)_119454406.png,"Entrance gate of a pagoda featuring a black wooden sign with gold lettering, topped by a tiled roof. The courtyard beyond is decorated with numerous colorful Buddhist flags and hanging red ribbons."
/Users/jenfnguyen/Documents/Dev/KIS-AAI-DM-Master/data/caption_project/vietnam_architecture/Chùa_Giác_Tánh_(Cổng_chùa)_(10)_119454410.png,"Pagoda entrance gate featuring a dark wooden pillar with gold-painted carvings and a multi-colored traditional flag. A large informational poster with illustrations is attached to the side, while prayer flags hang above the courtyard."
/Users/jenfnguyen/Documents/Dev/KIS-AAI-DM-Master/data/caption_project/vietnam_architecture/Chùa_Giác_Tánh_(Cổng_chùa)_(11)_119454409.png,"A pagoda entrance gate features a dark wooden sign with gold lettering, topped with green tiled roof sections. The gate opens into a courtyard with tables, chairs, and colorful hanging prayer flags."
/Users/jenfnguyen/Documents/Dev/KIS-AAI-DM-Master/data/caption_project/vietnam_architecture/Chùa_Giác_Tánh_(Cổng_chùa)_(12)_119454411.png,"A pagoda gate features a dark stone structure with a green tiled roof adorned with golden dragon sculptures. A yellow funeral notice sign stands on the right, while a metal gate is visible in the background."
/Users/jenfnguyen/Documents/Dev/KIS-AAI-DM-Master/data/caption_project/vietnam_architecture/Chùa_Giác_Tánh_(Cổng_chùa)_(13)_119454415.png,"Entrance gate of a structure featuring a dark wooden sign with gold lettering, green tiled roof eaves, and red Vietnamese flags hanging above. A brick pillar supports the structure near a metal fence."
/Users/jenfnguyen/Documents/Dev/KIS-AAI-DM-Master/data/caption_project/vietnam_architecture/Chùa_Giác_Tánh_(Cổng_chùa)_(14)_119454412.png,"Gate of a pagoda featuring a dark sign with gold lettering, green tiled roof edges, and golden dragon ornaments. A yellow notice board stands on the right, with motorbikes parked in front."
/Users/jenfnguyen/Documents/Dev/KIS-AAI-DM-Master/data/caption_project/vietnam_architecture/Chùa_Giác_Tánh_(Cổng_chùa)_(15)_119454413.png,"A dark wooden gate pillar features vertical gold-painted calligraphy and floral carvings. A bright yellow pillar stands nearby, while colorful prayer flags hang above a courtyard with tables and chairs in the background."
/Users/jenfnguyen/Documents/Dev/KIS-AAI-DM-Master/data/caption_project/vietnam_architecture/Chùa_Giác_Tánh_(Cổng_chùa)_(16)_119454417.png,"Entrance gate of a pagoda featuring dark wooden pillars with gold inscriptions and stone masonry. The courtyard contains a small tree, tables, and chairs, decorated with colorful flags and banners."
/Users/jenfnguyen/Documents/Dev/KIS-AAI-DM-Master/data/caption_project/vietnam_architecture/Chùa_Giác_Tánh_(Cổng_chùa)_(2)_119454407.png,"Entrance gate of a pagoda featuring a yellow pillar and a tiled roof with green accents. A yellow sign with red text hangs above the gate, while motorbikes are parked on the adjacent street."
/Users/jenfnguyen/Documents/Dev/KIS-AAI-DM-Master/data/caption_project/vietnam_architecture/Chùa_Giác_Tánh_(Cổng_chùa)_(9)_119454405.png,"Pagoda entrance gate featuring a black sign with gold lettering, a tiled roof edge, and stone pillars. The courtyard beyond contains tables, chairs, and colorful prayer flags hanging overhead."
/Users/jenfnguyen/Documents/Dev/KIS-AAI-DM-Master/data/caption_project/vietnam_architecture/Chùa_Giác_Tánh_(Hoành_phi)_(1)_119764029.png,"A statue of a deity stands under a wooden roof structure with exposed beams and tiled ceiling. A rectangular wooden sign with gold lettering hangs above the statue, surrounded by red lanterns and potted plants."
"/Users/jenfnguyen/Documents/Dev/KIS-AAI-DM-Master/data/caption_project/vietnam_architecture/Chùa_Giác_Viên,_tháng_01_năm_2022_(cột_cổng)_114012940.png","Yellow pillar of a gate featuring vertical red Chinese characters, positioned next to a metal gate with a geometric pattern. The background shows an open paved courtyard with trees."
"/Users/jenfnguyen/Documents/Dev/KIS-AAI-DM-Master/data/caption_project/vietnam_architecture/Chùa_Huê_Nghiêm_ở_Thủ_Đức,_tháng_12_năm_2021_(Cổng_chính)_(1)_113328236.png","Pagoda gate featuring a tiled roof with golden ornaments, stone pillars with gold-painted Chinese characters, and a white metal gate. A building is visible through the gate entrance in the background."
"/Users/jenfnguyen/Documents/Dev/KIS-AAI-DM-Master/data/caption_project/vietnam_architecture/Chùa_Huê_Nghiêm_ở_Thủ_Đức,_tháng_12_năm_2021_(Cổng_chính)_(2)_113530443.png","A pagoda gate featuring a tiled roof with golden ornaments, stone pillars with gold-painted carvings, and a white metal gate. Through the gate, a multi-story building with green roof tiles is visible."
"/Users/jenfnguyen/Documents/Dev/KIS-AAI-DM-Master/data/caption_project/vietnam_architecture/Chùa_Huê_Nghiêm_ở_Thủ_Đức,_tháng_12_năm_2021_(Cổng_chính)_(3)_113530088.png","Pagoda gate featuring a tiered roof with golden ornaments, stone pillars with gold-painted carvings, and a white metal gate. Through the gate, a multi-story building with a green tiled roof is visible."
"/Users/jenfnguyen/Documents/Dev/KIS-AAI-DM-Master/data/caption_project/vietnam_architecture/Chùa_Huê_Nghiêm_ở_Thủ_Đức,_tháng_12_năm_2021_(Cổng_chính)_(4)_113328238.png",Pagoda gate featuring a tiled roof with golden ornaments and a central dharma wheel symbol. The structure is decorated with intricate golden carvings on stone pillars and white metal gates.
"/Users/jenfnguyen/Documents/Dev/KIS-AAI-DM-Master/data/caption_project/vietnam_architecture/Chùa_Huê_Nghiêm_ở_Thủ_Đức,_tháng_12_năm_2021_(Cổng_chính)_(5)_113530091.png","Pagoda gate featuring a metal fence with ornate gold-painted floral carvings, stone pillars, and a yellow roof edge. The structure displays Chinese characters and Vietnamese text above the entrance."
"/Users/jenfnguyen/Documents/Dev/KIS-AAI-DM-Master/data/caption_project/vietnam_architecture/Chùa_Huê_Nghiêm_ở_Thủ_Đức,_tháng_12_năm_2021_(Cổng_chính)_(6)_113328237.png","Pagoda gate featuring a tiled roof with gold accents, a central metal gate, and stone pillars decorated with gold carvings. The structure displays Chinese characters and Vietnamese text on its facade."
"/Users/jenfnguyen/Documents/Dev/KIS-AAI-DM-Master/data/caption_project/vietnam_architecture/Chùa_Huê_Nghiêm_ở_Thủ_Đức,_tháng_12_năm_2021_(Vườn_kiểng)_(2)_113327775.png",Golden pagoda-style lanterns stand on brown pillars in a garden with potted plants and flowering shrubs. A building with a green tiled roof and yellow walls is visible in the background.
"/Users/jenfnguyen/Documents/Dev/KIS-AAI-DM-Master/data/caption_project/vietnam_architecture/Chùa_Huê_Nghiêm_ở_Thủ_Đức,_tháng_12_năm_2021_(Vườn_kiểng)_(6)_113327783.png","A hexagonal pagoda with an orange tiled roof and gold-trimmed eaves stands in a garden. Two smaller golden lantern-like structures on pillars flank the path, surrounded by trimmed hedges and large decorative pots."
"/Users/jenfnguyen/Documents/Dev/KIS-AAI-DM-Master/data/caption_project/vietnam_architecture/Chùa_Huê_Nghiêm_ở_Thủ_Đức,_tháng_12_năm_2021_(bên_cổng)_(1)_113530440.png","Pagoda gate featuring curved tiled roofs with green accents and golden decorative elements. The structure includes a wall with a relief carving of lotus flowers, painted in yellow and brown tones."
"/Users/jenfnguyen/Documents/Dev/KIS-AAI-DM-Master/data/caption_project/vietnam_architecture/Chùa_Huê_Nghiêm_ở_Thủ_Đức,_tháng_12_năm_2021_(bên_cổng)_(2)_113530441.png","A gate with a curved, tiled roof and a yellow wall featuring a relief carving of lotus flowers. The structure is painted in yellow and red, with green roof tiles and a metal gate."
"/Users/jenfnguyen/Documents/Dev/KIS-AAI-DM-Master/data/caption_project/vietnam_architecture/Chùa_Huê_Nghiêm_ở_Thủ_Đức,_tháng_12_năm_2021_(bên_cổng)_(3)_113530087.png","A decorative wall features a large relief carving of lotus flowers in red and yellow. The wall is topped with green tiled eaves, and an adjacent gate has a curved roof structure."
"/Users/jenfnguyen/Documents/Dev/KIS-AAI-DM-Master/data/caption_project/vietnam_architecture/Chùa_Huê_Nghiêm_ở_Thủ_Đức,_tháng_12_năm_2021_(bên_cổng)_(4)_113530085.png","A gate with a curved, tiled roof and a yellow wall featuring a relief carving of lotus flowers. The structure is painted in orange and gold, with a metal gate and stone-paved ground."
"/Users/jenfnguyen/Documents/Dev/KIS-AAI-DM-Master/data/caption_project/vietnam_architecture/Chùa_Huê_Nghiêm_ở_Thủ_Đức,_tháng_12_năm_2021_(bên_cổng)_(5)_113530439.png",A temple gate with curved roof eaves and green tiles features a yellow wall decorated with a relief carving of lotus flowers. The structure is painted in red and yellow with gold accents.
"/Users/jenfnguyen/Documents/Dev/KIS-AAI-DM-Master/data/caption_project/vietnam_architecture/Chùa_Huê_Nghiêm_ở_Thủ_Đức,_tháng_12_năm_2021_(cổng_bên)_(1)_113530445.png","Gate structure featuring a yellow wall with dark red floral carvings, topped by a green tiled roof edge. A metal gate with pointed spikes stands below, leading to a courtyard with trees."
"/Users/jenfnguyen/Documents/Dev/KIS-AAI-DM-Master/data/caption_project/vietnam_architecture/Chùa_Huê_Nghiêm_ở_Thủ_Đức,_tháng_12_năm_2021_(cổng_bên)_(2)_113530444.png","A metal gate with decorative patterns stands before a temple complex. The gate features a red and yellow roof with a golden dharma wheel emblem, while a green-roofed building is visible in the background."
"/Users/jenfnguyen/Documents/Dev/KIS-AAI-DM-Master/data/caption_project/vietnam_architecture/Chùa_Huê_Nghiêm_ở_Thủ_Đức,_tháng_12_năm_2021_(cổng_bên)_(3)_113530086.png","Gate of a temple featuring a tiled roof with green and gold accents, topped with a golden dharma wheel. A metal gate leads to a path with a building in the background."
"/Users/jenfnguyen/Documents/Dev/KIS-AAI-DM-Master/data/caption_project/vietnam_architecture/Chùa_Huệ_Nghiêm,_Bình_Tân_(cổng_chính),_tháng_12_năm_2021_(1)_113700005.png",Pagoda gate featuring a large arched metal entrance with gold-colored dragon motifs and lotus patterns. The stone structure above displays red lettering and decorative yellow carvings against a light-colored background.
"/Users/jenfnguyen/Documents/Dev/KIS-AAI-DM-Master/data/caption_project/vietnam_architecture/Chùa_Huệ_Nghiêm,_Bình_Tân_(cổng_chính),_tháng_12_năm_2021_(2)_113700003.png","Pagoda gate featuring a large arched golden metal gate with lotus motifs, set within stone pillars. The lintel displays red lettering and decorative yellow carvings against a light-colored concrete background."
"/Users/jenfnguyen/Documents/Dev/KIS-AAI-DM-Master/data/caption_project/vietnam_architecture/Chùa_Huệ_Nghiêm,_Bình_Tân_(cổng_sắt),_tháng_12_năm_2021_(1)_113700004.png","Metal gate featuring a golden textured finish with two dragon reliefs flanking a central wheel emblem. The gate has vertical bars and a lion head door knocker, with trees visible in the background."
"/Users/jenfnguyen/Documents/Dev/KIS-AAI-DM-Master/data/caption_project/vietnam_architecture/Chùa_Huệ_Nghiêm,_Bình_Tân_(cổng_sắt),_tháng_12_năm_2021_(2)_113700008.png",Metal gate painted in a textured gold finish features two lion head knockers and relief carvings of dragons on each panel. A rectangular sign is attached to the upper right section.
"/Users/jenfnguyen/Documents/Dev/KIS-AAI-DM-Master/data/caption_project/vietnam_architecture/Chùa_Huệ_Nghiêm,_Bình_Tân_(cổng_sắt),_tháng_12_năm_2021_(3)_113700007.png","Metal gate featuring a weathered gold finish, vertical bars, and a central panel decorated with two relief-carved dragons flanking a circular wheel motif. A lion-head door knocker is attached to the right side."
"/Users/jenfnguyen/Documents/Dev/KIS-AAI-DM-Master/data/caption_project/vietnam_architecture/Chùa_Huệ_Nghiêm,_Bình_Tân_(nhìn_bên),_tháng_12_năm_2021_(1)_113700011.png","Pagoda gate with curved tiled roof corners and a tall multi-story tower in the background. A plain wall with red roof tiles separates the structures, while pigeons perch on overhead power lines."
"/Users/jenfnguyen/Documents/Dev/KIS-AAI-DM-Master/data/caption_project/vietnam_architecture/Chùa_Huệ_Nghiêm,_Bình_Tân_(nhìn_bên),_tháng_12_năm_2021_(2)_113700012.png","Pagoda gate with curved roof corners and a tall multi-story tower in the background. The structures feature brown stone walls, red tiled roofs, and decorative details, with pigeons perched on wires and roof edges."
"/Users/jenfnguyen/Documents/Dev/KIS-AAI-DM-Master/data/caption_project/vietnam_architecture/Chùa_Huệ_Nghiêm_năm_2022,_ao_sen_(lan_can)_(10)_127250822.png","A white standing Buddha statue is positioned behind a pond filled with lotus leaves. A curved bridge with green ceramic railings crosses the pond, leading toward the statue and surrounding temple buildings."
"/Users/jenfnguyen/Documents/Dev/KIS-AAI-DM-Master/data/caption_project/vietnam_architecture/Chùa_Huệ_Nghiêm_năm_2022,_ao_sen_(lan_can)_(4)_127250817.png",Concrete bridge with a balustrade featuring dark green ceramic balusters overlooks a pond filled with large circular lily pads. A stone wall separates the water from a paved walkway and trees.
"/Users/jenfnguyen/Documents/Dev/KIS-AAI-DM-Master/data/caption_project/vietnam_architecture/Chùa_Huệ_Nghiêm_năm_2022,_ao_sen_(lan_can)_(7)_127250820.png","A stone balustrade with dark green ceramic pillars overlooks a pond filled with lotus leaves. Several yellow lotus-shaped lanterns are placed along the top edge, with pagoda structures visible in the background."
"/Users/jenfnguyen/Documents/Dev/KIS-AAI-DM-Master/data/caption_project/vietnam_architecture/Chùa_Huệ_Nghiêm_năm_2022,_trúc_viên,_chậu_hương_khảm_sành_sứ)_(1)_124242904.png","A stone statue of a deity stands on a wooden platform under a circular thatched roof, surrounded by bamboo. In the foreground, a large blue and white ceramic incense burner sits on a stone base."
"/Users/jenfnguyen/Documents/Dev/KIS-AAI-DM-Master/data/caption_project/vietnam_architecture/Chùa_Huệ_Nghiêm_năm_2022,_trúc_viên,_chậu_hương_khảm_sành_sứ)_(2)_124242903.png","A ceramic incense burner decorated with blue and white mosaic patterns stands in front of a stone wall. Behind it, a small altar holds yellow flowers, candles, and a statue in a bamboo grove."
"/Users/jenfnguyen/Documents/Dev/KIS-AAI-DM-Master/data/caption_project/vietnam_architecture/Chùa_Huệ_Nghiêm_năm_2022,_trúc_viên,_chậu_hương_khảm_sành_sứ)_(3)_124242905.png",A ceramic incense burner decorated with blue and white mosaic patterns stands on a tiled floor in front of a stone wall. A white altar table holds yellow flowers and candles.
"/Users/jenfnguyen/Documents/Dev/KIS-AAI-DM-Master/data/caption_project/vietnam_architecture/Chùa_Huệ_Nghiêm_năm_2022,_trúc_viên,_chậu_hương_khảm_sành_sứ)_(4)_124242907.png","A large ceramic incense burner decorated with blue and white mosaic tiles and floral patterns sits on a tiled floor, filled with numerous red incense sticks and a spiral coil."
"/Users/jenfnguyen/Documents/Dev/KIS-AAI-DM-Master/data/caption_project/vietnam_architecture/Chùa_Huệ_Nghiêm_năm_2022,_trúc_viên,_chậu_hương_khảm_sành_sứ)_(5)_124242906.png","Large ceramic incense burner decorated with blue and white mosaic tiles, featuring floral patterns and filled with red incense sticks. It stands on a tiled floor in front of a stone altar."
"/Users/jenfnguyen/Documents/Dev/KIS-AAI-DM-Master/data/caption_project/vietnam_architecture/Chùa_Huệ_Nghiêm_năm_2022,_trúc_viên,_chậu_hương_khảm_sành_sứ)_(6)_124242908.png","Large circular incense burner decorated with blue and white ceramic mosaic tiles, featuring floral patterns and a pedestal base. It sits on a tiled floor in front of a stone wall."
"/Users/jenfnguyen/Documents/Dev/KIS-AAI-DM-Master/data/caption_project/vietnam_architecture/Chùa_Huệ_Nghiêm_năm_2022,_trúc_viên,_chậu_hương_khảm_sành_sứ)_(7)_124242910.png",Incense burner decorated with blue and white ceramic mosaic tiles featuring floral patterns. The bowl-shaped vessel stands on a pedestal base and is filled with red incense sticks on a tiled floor.
"/Users/jenfnguyen/Documents/Dev/KIS-AAI-DM-Master/data/caption_project/vietnam_architecture/Chùa_Huệ_Nghiêm_năm_2022,_trúc_viên,_chậu_hương_khảm_sành_sứ)_(8)_124242911.png","Ceramic incense burner decorated with blue and white mosaic patterns and floral motifs stands on a tiled floor. Behind it, a stone altar features small signs with the text A DI ĐÀ PHẬT."
"/Users/jenfnguyen/Documents/Dev/KIS-AAI-DM-Master/data/caption_project/vietnam_architecture/Chùa_Huệ_Nghiêm_năm_2022,_trúc_viên_(Quan_Âm_các,_mái_tranh)_(1)_127261657.png",A stone statue of a deity stands on a wooden platform under a hexagonal bamboo structure with a thatched roof. The surrounding area features bamboo stalks and potted yellow flowers.
"/Users/jenfnguyen/Documents/Dev/KIS-AAI-DM-Master/data/caption_project/vietnam_architecture/Chùa_Huệ_Nghiêm_năm_2022,_trúc_viên_(Quan_Âm_các,_mái_tranh)_(10)_127261668.png","Small open-sided pavilion with a thatched roof supported by wooden posts, sheltering a stone statue of a deity. The structure is set on a stone-clad base surrounded by a dense bamboo grove."
"/Users/jenfnguyen/Documents/Dev/KIS-AAI-DM-Master/data/caption_project/vietnam_architecture/Chùa_Huệ_Nghiêm_năm_2022,_trúc_viên_(Quan_Âm_các,_mái_tranh)_(11)_127261669.png",A stone statue of a deity stands under a hexagonal thatched roof pavilion supported by bamboo poles. The structure is set on a stone-faced platform surrounded by dense bamboo stalks.
"/Users/jenfnguyen/Documents/Dev/KIS-AAI-DM-Master/data/caption_project/vietnam_architecture/Chùa_Huệ_Nghiêm_năm_2022,_trúc_viên_(Quan_Âm_các,_mái_tranh)_(12)_127261672.png","Small open-sided pavilion with a thatched roof supported by bamboo poles shelters a stone statue of a deity. A mosaic-tiled incense burner stands in front, surrounded by people in a bamboo grove."
"/Users/jenfnguyen/Documents/Dev/KIS-AAI-DM-Master/data/caption_project/vietnam_architecture/Chùa_Huệ_Nghiêm_năm_2022,_trúc_viên_(Quan_Âm_các,_mái_tranh)_(13)_127261674.png",A small open-air pavilion with a tiered thatched roof stands in a bamboo grove. A stone statue of a deity is placed on a raised platform with a stone base.
"/Users/jenfnguyen/Documents/Dev/KIS-AAI-DM-Master/data/caption_project/vietnam_architecture/Chùa_Huệ_Nghiêm_năm_2022,_trúc_viên_(Quan_Âm_các,_mái_tranh)_(14)_127261675.png","A stone statue of a standing figure is sheltered under a circular gazebo with a tiered thatched roof supported by wooden poles, situated within a dense bamboo grove."
"/Users/jenfnguyen/Documents/Dev/KIS-AAI-DM-Master/data/caption_project/vietnam_architecture/Chùa_Huệ_Nghiêm_năm_2022,_trúc_viên_(Quan_Âm_các,_mái_tranh)_(15)_127261676.png","Small open-sided pavilion with a two-tiered thatched roof made of dried palm leaves, supported by wooden poles, sheltering a white stone statue of a standing figure amidst a dense bamboo grove."
"/Users/jenfnguyen/Documents/Dev/KIS-AAI-DM-Master/data/caption_project/vietnam_architecture/Chùa_Huệ_Nghiêm_năm_2022,_trúc_viên_(Quan_Âm_các,_mái_tranh)_(16)_127261678.png","Bamboo gazebo with a thatched roof stands among tall bamboo stalks. A second smaller structure with a metal roof is visible in the background, surrounded by a wire fence."
"/Users/jenfnguyen/Documents/Dev/KIS-AAI-DM-Master/data/caption_project/vietnam_architecture/Chùa_Huệ_Nghiêm_năm_2022,_trúc_viên_(Quan_Âm_các,_mái_tranh)_(2)_127261658.png",A stone statue of a deity stands under a circular bamboo pavilion with a thatched roof. The structure is set on a stone-faced platform surrounded by bamboo stalks and yellow flower arrangements.
"/Users/jenfnguyen/Documents/Dev/KIS-AAI-DM-Master/data/caption_project/vietnam_architecture/Chùa_Huệ_Nghiêm_năm_2022,_trúc_viên_(Quan_Âm_các,_mái_tranh)_(3)_127261659.png",A white stone statue of a deity stands on a wooden platform under a circular thatched roof supported by bamboo poles. The structure is surrounded by bamboo trees and features small potted flowers.
"/Users/jenfnguyen/Documents/Dev/KIS-AAI-DM-Master/data/caption_project/vietnam_architecture/Chùa_Huệ_Nghiêm_năm_2022,_trúc_viên_(Quan_Âm_các,_mái_tranh)_(4)_127261661.png",A white stone statue of a deity stands under a circular bamboo pavilion with a thatched roof. The structure is set on a stone-faced platform surrounded by bamboo stalks and yellow flowers.
"/Users/jenfnguyen/Documents/Dev/KIS-AAI-DM-Master/data/caption_project/vietnam_architecture/Chùa_Huệ_Nghiêm_năm_2022,_trúc_viên_(Quan_Âm_các,_mái_tranh)_(5)_127261662.png",White stone statue of a deity stands under a circular bamboo hut with a thatched roof. The structure is built on a stone base and surrounded by bamboo stalks and potted yellow flowers.
"/Users/jenfnguyen/Documents/Dev/KIS-AAI-DM-Master/data/caption_project/vietnam_architecture/Chùa_Huệ_Nghiêm_năm_2022,_trúc_viên_(Quan_Âm_các,_mái_tranh)_(6)_127261663.png",A white stone statue of a deity stands on a circular wooden platform under a hexagonal thatched roof supported by bamboo poles. Yellow flowers and offerings are placed on the platform.
"/Users/jenfnguyen/Documents/Dev/KIS-AAI-DM-Master/data/caption_project/vietnam_architecture/Chùa_Huệ_Nghiêm_năm_2022,_trúc_viên_(Quan_Âm_các,_mái_tranh)_(7)_127261665.png",A circular pavilion with a tiered thatched roof supported by bamboo poles houses a white stone statue of a deity. The structure is set on a wooden platform surrounded by bamboo stalks.
"/Users/jenfnguyen/Documents/Dev/KIS-AAI-DM-Master/data/caption_project/vietnam_architecture/Chùa_Huệ_Nghiêm_năm_2022,_trúc_viên_(Quan_Âm_các,_mái_tranh)_(8)_127261666.png","A stone statue of a figure stands under a hexagonal bamboo gazebo with a thatched roof. The structure is surrounded by green bamboo stalks, and the roof features a visible wooden frame."
"/Users/jenfnguyen/Documents/Dev/KIS-AAI-DM-Master/data/caption_project/vietnam_architecture/Chùa_Huệ_Nghiêm_năm_2022,_trúc_viên_(Quan_Âm_các,_mái_tranh)_(9)_127261667.png","A stone statue of a deity stands under a circular thatched roof pavilion supported by bamboo poles. The base is constructed from gray stones, surrounded by a dense bamboo grove."
"/Users/jenfnguyen/Documents/Dev/KIS-AAI-DM-Master/data/caption_project/vietnam_architecture/Chùa_Huệ_Nghiêm_năm_2022,_trúc_viên_(khóm_trúc)_(1)_127262510.png",A metal fence with vertical bars stands in front of a dense cluster of tall green bamboo stalks. The ground is covered with fallen dry leaves and some scattered ceramic pots.
"/Users/jenfnguyen/Documents/Dev/KIS-AAI-DM-Master/data/caption_project/vietnam_architecture/Chùa_Huệ_Nghiêm_năm_2022,_trúc_viên_(khóm_trúc)_(2)_127262509.png","A cluster of tall green bamboo stalks grows within a hexagonal planter box made of light-colored tiles. In the background, a multi-story building with yellow walls and a tiled courtyard is visible."
"/Users/jenfnguyen/Documents/Dev/KIS-AAI-DM-Master/data/caption_project/vietnam_architecture/Chùa_Huệ_Nghiêm_năm_2022,_trúc_viên_(khóm_trúc)_(3)_127262512.png","Bamboo stalks with carved graffiti stand in front of a house featuring a corrugated metal roof, yellow walls, and a metal gate. The ground is covered with fallen dry bamboo leaves."
"/Users/jenfnguyen/Documents/Dev/KIS-AAI-DM-Master/data/caption_project/vietnam_architecture/Chùa_Huệ_Nghiêm_năm_2022,_trúc_viên_(khóm_trúc)_(4)_127262516.png","Tall green bamboo stalks stand in the foreground, partially obscuring a building with a red tiled roof and yellow walls. The ground is covered with scattered dry bamboo leaves."
"/Users/jenfnguyen/Documents/Dev/KIS-AAI-DM-Master/data/caption_project/vietnam_architecture/Chùa_Huệ_Nghiêm_năm_2022,_trúc_viên_(khóm_trúc)_(5)_127262517.png","Tall green bamboo stalks stand in a cluster with carved inscriptions on their surfaces. In the background, a portion of a light-colored building with a grid-patterned wall is partially visible."
"/Users/jenfnguyen/Documents/Dev/KIS-AAI-DM-Master/data/caption_project/vietnam_architecture/Chùa_Huệ_Nghiêm_năm_2022,_trúc_viên_(lối_đi)_(1)_127262519.png","Bamboo grove surrounds a small structure with a thatched roof and a stone base, featuring a stone-paved path leading through the trees and several potted plants placed on the ground."
"/Users/jenfnguyen/Documents/Dev/KIS-AAI-DM-Master/data/caption_project/vietnam_architecture/Chùa_Huệ_Nghiêm_năm_2022,_trúc_viên_(lối_đi)_(2)_127262536.png","A small structure with a thatched roof sits behind a dense bamboo grove. A stone path leads through the area, which is filled with numerous potted plants and scattered dry leaves."
"/Users/jenfnguyen/Documents/Dev/KIS-AAI-DM-Master/data/caption_project/vietnam_architecture/Chùa_Huệ_Nghiêm_năm_2022,_trúc_viên_(lối_đi)_(3)_127262522.png","A small structure with a thatched roof stands amidst a dense bamboo grove. A stone-paved path leads toward the building, while potted plants are placed along the ground covered in fallen leaves."
"/Users/jenfnguyen/Documents/Dev/KIS-AAI-DM-Master/data/caption_project/vietnam_architecture/Chùa_Huệ_Nghiêm_năm_2022,_trúc_viên_(lối_đi)_(4)_127262521.png","A small structure with a thatched roof and stone base sits nestled within a dense bamboo grove. A stone pathway leads through the garden, which is scattered with fallen leaves and potted plants."
"/Users/jenfnguyen/Documents/Dev/KIS-AAI-DM-Master/data/caption_project/vietnam_architecture/Chùa_Huệ_Nghiêm_năm_2022,_trúc_viên_(quang_cảnh)_(1)_127262529.png",Courtyard paved with rectangular stone tiles surrounded by tall trees and bamboo. A small building with a red tiled roof and yellow walls stands on the right side of the paved area.
"/Users/jenfnguyen/Documents/Dev/KIS-AAI-DM-Master/data/caption_project/vietnam_architecture/Chùa_Huệ_Nghiêm_năm_2022,_trúc_viên_(quang_cảnh)_(2)_127262524.png","Outdoor courtyard paved with stone tiles featuring a small building with a blue door and metal roof. The area is surrounded by bamboo stalks, various potted plants, and tall trees."
"/Users/jenfnguyen/Documents/Dev/KIS-AAI-DM-Master/data/caption_project/vietnam_architecture/Chùa_Huệ_Nghiêm_năm_2022,_trúc_viên_(rừng_trúc)_(1)_127262727.png",Tall green bamboo stalks grow in a garden setting with paved stone paths and terracotta pots. A partial view of a building structure with a tiled roof is visible in the background.
"/Users/jenfnguyen/Documents/Dev/KIS-AAI-DM-Master/data/caption_project/vietnam_architecture/Chùa_Huệ_Nghiêm_năm_2022,_trúc_viên_(rừng_trúc)_(10)_127262739.png","A dense bamboo grove partially obscures a small structure with a thatched roof and stone base. The ground is covered in fallen leaves, and the scene is dominated by tall green bamboo stalks."
"/Users/jenfnguyen/Documents/Dev/KIS-AAI-DM-Master/data/caption_project/vietnam_architecture/Chùa_Huệ_Nghiêm_năm_2022,_trúc_viên_(rừng_trúc)_(11)_127262742.png",Bamboo stalks grow in a dense cluster in front of a yellow building with a tiled roof. The ground is covered with fallen leaves and several potted plants are placed near the base.
"/Users/jenfnguyen/Documents/Dev/KIS-AAI-DM-Master/data/caption_project/vietnam_architecture/Chùa_Huệ_Nghiêm_năm_2022,_trúc_viên_(rừng_trúc)_(12)_127262743.png","A dense grove of tall green bamboo stalks dominates the frame, partially obscuring a small structure with a thatched roof visible at the bottom edge of the image."
"/Users/jenfnguyen/Documents/Dev/KIS-AAI-DM-Master/data/caption_project/vietnam_architecture/Chùa_Huệ_Nghiêm_năm_2022,_trúc_viên_(rừng_trúc)_(13)_127262745.png","Small gazebo with a thatched roof stands amidst a dense bamboo grove. A light-colored statue is partially visible under the shelter, surrounded by tall green bamboo stalks and foliage."
"/Users/jenfnguyen/Documents/Dev/KIS-AAI-DM-Master/data/caption_project/vietnam_architecture/Chùa_Huệ_Nghiêm_năm_2022,_trúc_viên_(rừng_trúc)_(14)_127262746.png",Small gazebo with a thatched roof and wooden frame stands amidst a dense bamboo grove. A white stone statue of a figure is positioned inside the open-sided structure.
"/Users/jenfnguyen/Documents/Dev/KIS-AAI-DM-Master/data/caption_project/vietnam_architecture/Chùa_Huệ_Nghiêm_năm_2022,_trúc_viên_(rừng_trúc)_(15)_127262747.png","A yellow statue of a character stands among tall bamboo stalks in a courtyard. In the background, a multi-story building with a red-tiled roof and yellow walls is partially visible."
"/Users/jenfnguyen/Documents/Dev/KIS-AAI-DM-Master/data/caption_project/vietnam_architecture/Chùa_Huệ_Nghiêm_năm_2022,_trúc_viên_(rừng_trúc)_(16)_127262753.png","Dense bamboo stalks fill the foreground, partially obscuring a building with a yellow wall and a tiled roof visible in the lower portion of the frame."
"/Users/jenfnguyen/Documents/Dev/KIS-AAI-DM-Master/data/caption_project/vietnam_architecture/Chùa_Huệ_Nghiêm_năm_2022,_trúc_viên_(rừng_trúc)_(2)_127262728.png","Bamboo grove with tall green stalks dominates the scene, partially obscuring a small structure with a thatched roof and a metal frame building in the background. The ground is covered with fallen dry leaves."
"/Users/jenfnguyen/Documents/Dev/KIS-AAI-DM-Master/data/caption_project/vietnam_architecture/Chùa_Huệ_Nghiêm_năm_2022,_trúc_viên_(rừng_trúc)_(3)_127262729.png","A small hut with a thatched roof made of dried leaves stands beside a dense grove of tall, dark green bamboo stalks. A multi-story building with light-colored walls is visible in the background."
"/Users/jenfnguyen/Documents/Dev/KIS-AAI-DM-Master/data/caption_project/vietnam_architecture/Chùa_Huệ_Nghiêm_năm_2022,_trúc_viên_(rừng_trúc)_(4)_127262731.png",Small hut with a thatched roof nestled within a dense grove of tall green bamboo stalks. The structure features wooden supports and is partially obscured by the surrounding vegetation.
"/Users/jenfnguyen/Documents/Dev/KIS-AAI-DM-Master/data/caption_project/vietnam_architecture/Chùa_Huệ_Nghiêm_năm_2022,_trúc_viên_(rừng_trúc)_(5)_127262733.png",A small structure with a thatched roof is partially obscured by a dense thicket of tall green bamboo stalks. The structure features a conical roof made of dried palm leaves or straw.
"/Users/jenfnguyen/Documents/Dev/KIS-AAI-DM-Master/data/caption_project/vietnam_architecture/Chùa_Huệ_Nghiêm_năm_2022,_trúc_viên_(rừng_trúc)_(6)_127262732.png","Dense bamboo stalks with green leaves fill the frame, extending upwards towards the sky. A small portion of a thatched roof structure is visible at the very bottom left corner."
"/Users/jenfnguyen/Documents/Dev/KIS-AAI-DM-Master/data/caption_project/vietnam_architecture/Chùa_Huệ_Nghiêm_năm_2022,_trúc_viên_(rừng_trúc)_(7)_127262735.png","Dense bamboo stalks fill the frame, partially obscuring a small structure with a thatched roof made of dried straw located in the lower right corner of the image."
"/Users/jenfnguyen/Documents/Dev/KIS-AAI-DM-Master/data/caption_project/vietnam_architecture/Chùa_Huệ_Nghiêm_năm_2022,_trúc_viên_(rừng_trúc)_(8)_127262734.png","Dense bamboo grove surrounding a small structure with a thatched roof and a red ceramic pot on the ground, set within a natural outdoor environment with scattered green foliage."
"/Users/jenfnguyen/Documents/Dev/KIS-AAI-DM-Master/data/caption_project/vietnam_architecture/Chùa_Huệ_Nghiêm_năm_2022,_trúc_viên_(rừng_trúc)_(9)_127262736.png",A two-story building with a red tiled roof and yellow walls is partially obscured by dense bamboo and tree foliage. The structure features a balcony with wooden railings and dark window frames.
"/Users/jenfnguyen/Documents/Dev/KIS-AAI-DM-Master/data/caption_project/vietnam_architecture/Chùa_Huệ_Nghiêm_năm_2022,_vườn_thông_(toàn_cảnh,_nhìn_ngang,_nhà_hậu_viện_(4)_119132478.png","Buddhist garden area featuring several stone statues of figures, a central rock inscribed with text, and a wooden building with a red-painted railing visible in the background among trees and rocks."
"/Users/jenfnguyen/Documents/Dev/KIS-AAI-DM-Master/data/caption_project/vietnam_architecture/Chùa_Huệ_Nghiêm_năm_2022,_vườn_thông_(toàn_cảnh,_nhìn_ngang,_nhà_hậu_viện_(5)_119132477.png","A stone statue of a seated monk sits in a garden with rocks and green plants. In the background, a building with a tiled roof and wooden balcony is partially visible."
/Users/jenfnguyen/Documents/Dev/KIS-AAI-DM-Master/data/caption_project/vietnam_architecture/Chùa_Huệ_Nghiêm_năm_2022_(Bậc_thang_ở_Di_Lặc_Phật_điện)_(1)_124489393.png,A red-painted wooden staircase with railings leads down into a courtyard featuring a tall white statue of a standing figure. The area is landscaped with potted trees and stone paving.
/Users/jenfnguyen/Documents/Dev/KIS-AAI-DM-Master/data/caption_project/vietnam_architecture/Chùa_Huệ_Nghiêm_năm_2022_(Bậc_thang_ở_Di_Lặc_Phật_điện)_(2)_124489394.png,Red wooden staircase with decorative railings leads down to a courtyard paved with rectangular grey stone blocks and green grass growing in the gaps. Several potted evergreen trees stand nearby.
/Users/jenfnguyen/Documents/Dev/KIS-AAI-DM-Master/data/caption_project/vietnam_architecture/Chùa_Huệ_Nghiêm_năm_2022_(Bậc_thang_ở_Di_Lặc_Phật_điện)_(2a)_124489392.png,"Red wooden staircase with decorative railings leads down to a courtyard paved with rectangular stone blocks. Green grass grows between the stones, and potted plants are placed on the ground and stairs."
/Users/jenfnguyen/Documents/Dev/KIS-AAI-DM-Master/data/caption_project/vietnam_architecture/Chùa_Huệ_Nghiêm_năm_2022_(Bậc_thang_ở_Di_Lặc_Phật_điện)_(3)_124489396.png,Red wooden railings with geometric lattice patterns line a set of stone steps. The stairs descend toward a courtyard paved with rectangular stone blocks interspersed with green grass.
/Users/jenfnguyen/Documents/Dev/KIS-AAI-DM-Master/data/caption_project/vietnam_architecture/Chùa_Huệ_Nghiêm_năm_2022_(Bậc_thang_ở_Di_Lặc_Phật_điện)_(3a)_124489397.png,A stone staircase descends between red painted wooden railings featuring geometric lattice patterns and square posts topped with carved finials. The steps are made of light-colored stone tiles.
/Users/jenfnguyen/Documents/Dev/KIS-AAI-DM-Master/data/caption_project/vietnam_architecture/Chùa_Huệ_Nghiêm_năm_2022_(Bậc_thang_ở_Di_Lặc_Phật_điện)_(4)_124489398.png,Stone staircase with reddish-brown painted wooden railings featuring geometric patterns and square posts topped with carved finials. The stairs lead down to a paved courtyard with potted green plants.
/Users/jenfnguyen/Documents/Dev/KIS-AAI-DM-Master/data/caption_project/vietnam_architecture/Chùa_Huệ_Nghiêm_năm_2022_(Bậc_thang_ở_Di_Lặc_Phật_điện)_(5)_124489400.png,"Red wooden bridge with geometric railings and stone steps leads to a yellow building. Potted shrubs are placed along the walkway, and a lamp post stands near the stairs in an outdoor setting."
/Users/jenfnguyen/Documents/Dev/KIS-AAI-DM-Master/data/caption_project/vietnam_architecture/Chùa_Huệ_Nghiêm_năm_2022_(Bậc_thang_ở_Di_Lặc_Phật_điện)_(5a)_124489399.png,"A red arched bridge with stone steps and wooden railings leads to a multi-story building. The surrounding garden features trimmed green bushes, trees, and tall street lamps in a courtyard setting."
/Users/jenfnguyen/Documents/Dev/KIS-AAI-DM-Master/data/caption_project/vietnam_architecture/Chùa_Huệ_Nghiêm_năm_2022_(Bậc_thang_ở_Di_Lặc_Phật_điện)_(6)_124489401.png,"Stone staircase with red-painted wooden railings leads upward. The steps are made of polished orange stone, and several pairs of shoes are placed on the stone-paved ground at the base of the stairs."
/Users/jenfnguyen/Documents/Dev/KIS-AAI-DM-Master/data/caption_project/vietnam_architecture/Chùa_Huệ_Nghiêm_năm_2022_(Bậc_thang_ở_Di_Lặc_Phật_điện)_(6a)_124489402.png,"Red stone staircase with matching wooden railings leads upward. The steps feature non-slip strips, and the base is surrounded by stone paving, grass, and several pairs of sandals left on a mat."
/Users/jenfnguyen/Documents/Dev/KIS-AAI-DM-Master/data/caption_project/vietnam_architecture/Chùa_Huệ_Nghiêm_năm_2022_(Bậc_thang_ở_Di_Lặc_Phật_điện)_(6b)_124489403.png,Stone staircase with reddish-brown steps and matching wooden railings featuring geometric patterns. The structure is set outdoors near potted bonsai trees on a paved ground surface.
/Users/jenfnguyen/Documents/Dev/KIS-AAI-DM-Master/data/caption_project/vietnam_architecture/Chùa_Huệ_Nghiêm_năm_2022_(Bậc_thang_ở_Di_Lặc_Phật_điện)_(6c)_124489404.png,Red stone staircase with matching wooden railings leads upward. The structure features decorative posts and is surrounded by potted green plants and a paved courtyard with patches of grass.
/Users/jenfnguyen/Documents/Dev/KIS-AAI-DM-Master/data/caption_project/vietnam_architecture/Chùa_Huệ_Nghiêm_năm_2022_(bảo_tháp)_(1)_127296667.png,"Tall multi-story pagoda tower constructed from grey concrete with white decorative panels on each level. The structure features a small entrance with a gabled roof, surrounded by green trees and potted plants."
/Users/jenfnguyen/Documents/Dev/KIS-AAI-DM-Master/data/caption_project/vietnam_architecture/Chùa_Huệ_Nghiêm_năm_2022_(bảo_tháp)_(2)_127296665.png,"Tall multi-story pagoda with a dark grey facade and a gold-colored tiered roof stands behind trees. A red wooden railing is in the foreground, with a smaller temple structure and a white bus visible nearby."
/Users/jenfnguyen/Documents/Dev/KIS-AAI-DM-Master/data/caption_project/vietnam_architecture/Chùa_Huệ_Nghiêm_năm_2022_(bảo_tháp)_(3)_127296666.png,"A multi-story pagoda with a dark grey facade and a tiered roof stands behind a courtyard. A red wooden railing is in the foreground, with trees and a white bus visible."
/Users/jenfnguyen/Documents/Dev/KIS-AAI-DM-Master/data/caption_project/vietnam_architecture/Chùa_Huệ_Nghiêm_năm_2022_(bảo_tháp)_(4)_127296668.png,"Tall pagoda tower with a dark grey facade featuring white decorative panels and horizontal gold lines. The structure is topped with a tiered roof and a golden finial, surrounded by green tree branches."
/Users/jenfnguyen/Documents/Dev/KIS-AAI-DM-Master/data/caption_project/vietnam_architecture/Chùa_Huệ_Nghiêm_năm_2022_(bảo_tháp)_(5)_127296669.png,"Tall pagoda tower with a grey concrete facade featuring white rectangular relief panels and a golden top section. The structure has a flared roof with a small golden spire, surrounded by green trees."
/Users/jenfnguyen/Documents/Dev/KIS-AAI-DM-Master/data/caption_project/vietnam_architecture/Chùa_Huệ_Nghiêm_năm_2022_(bảo_tháp)_(6)_127296670.png,"Multi-story pagoda tower featuring a grey stone facade with white decorative panels and a golden emblem near the top. The structure stands in a garden area with trees, a paved walkway, and a hanging lantern."
/Users/jenfnguyen/Documents/Dev/KIS-AAI-DM-Master/data/caption_project/vietnam_architecture/Chùa_Huệ_Nghiêm_năm_2022_(bảo_tháp)_(7)_127296674.png,"Multi-story pagoda tower featuring a grey concrete facade with white decorative panels and a golden roof finial. The structure is accessed through a gate, surrounded by trees and hanging red lanterns."
/Users/jenfnguyen/Documents/Dev/KIS-AAI-DM-Master/data/caption_project/vietnam_architecture/Chùa_Huệ_Nghiêm_năm_2022_(bậc_thềm_tam_cấp_ở_hậu_viện)_(1)_124489291.png,"Red granite steps lead to a landing featuring an engraved white lotus flower outline. The polished stone surface reflects light, creating a smooth texture across the multiple levels of the staircase."
/Users/jenfnguyen/Documents/Dev/KIS-AAI-DM-Master/data/caption_project/vietnam_architecture/Chùa_Huệ_Nghiêm_năm_2022_(bậc_thềm_tam_cấp_ở_hậu_viện)_(2)_124489289.png,"Red polished granite steps lead up to a wooden door. A stylized lotus flower design is engraved into the landing platform, contrasting with the plain, textured stone surface of the stairs."
/Users/jenfnguyen/Documents/Dev/KIS-AAI-DM-Master/data/caption_project/vietnam_architecture/Chùa_Huệ_Nghiêm_năm_2022_(bậc_thềm_tam_cấp_ở_hậu_viện)_(2a)_124489290.png,"Red stone steps lead to a set of wooden folding doors. A large lotus flower outline is engraved into the landing of the stairs, which are made of polished red granite."
/Users/jenfnguyen/Documents/Dev/KIS-AAI-DM-Master/data/caption_project/vietnam_architecture/Chùa_Huệ_Nghiêm_năm_2022_(bậc_thềm_tam_cấp_ở_hậu_viện)_(3)_124489292.png,"Double wooden doors with glass panels are set into a pale yellow wall. A set of red granite stairs leads up to the entrance, featuring a carved lotus pattern on the landing."
/Users/jenfnguyen/Documents/Dev/KIS-AAI-DM-Master/data/caption_project/vietnam_architecture/Chùa_Huệ_Nghiêm_năm_2022_(bậc_thềm_tam_cấp_ở_hậu_viện)_(3a)_124489294.png,"Stone steps leading to a building entrance feature alternating red and yellow granite treads. A square pillar stands on the landing, and wooden doors are visible against a light-colored wall."
/Users/jenfnguyen/Documents/Dev/KIS-AAI-DM-Master/data/caption_project/vietnam_architecture/Chùa_Huệ_Nghiêm_năm_2022_(bậc_thềm_tam_cấp_ở_hậu_viện)_(4)_124489293.png,Exterior of a building featuring a long veranda with brown pillars and multiple wooden doors. The structure has yellow walls and wide steps made of alternating red and yellow stone tiles.
/Users/jenfnguyen/Documents/Dev/KIS-AAI-DM-Master/data/caption_project/vietnam_architecture/Chùa_Huệ_Nghiêm_năm_2022_(bậc_thềm_tam_cấp_ở_hậu_viện)_(6)_124489295.png,"Stone steps lead to a building entrance with wooden doors and a brown railing. The steps feature alternating red and yellow granite tiles, with a lotus flower design etched into the landing."
/Users/jenfnguyen/Documents/Dev/KIS-AAI-DM-Master/data/caption_project/vietnam_architecture/Chùa_Huệ_Nghiêm_năm_2022_(cái_lu)_(1)_119470328.png,Dark wooden doors with intricate geometric lattice panels stand against a light yellow wall on a tiled porch. A large brown ceramic jar with a lid sits in the foreground.
/Users/jenfnguyen/Documents/Dev/KIS-AAI-DM-Master/data/caption_project/vietnam_architecture/Chùa_Huệ_Nghiêm_năm_2022_(cái_lu)_(2)_119470333.png,Large brown ceramic water jar sits on a tiled porch in front of a building with dark red wooden doors featuring intricate geometric lattice panels and a stone-clad base.
/Users/jenfnguyen/Documents/Dev/KIS-AAI-DM-Master/data/caption_project/vietnam_architecture/Chùa_Huệ_Nghiêm_năm_2022_(cầu_thang_nơi_hậu_viện)_124489296.png,"A set of red stone stairs leads upward to a wooden gate. The staircase is flanked by matching red railings with decorative posts, set against a yellow wall and a tiled ground."
/Users/jenfnguyen/Documents/Dev/KIS-AAI-DM-Master/data/caption_project/vietnam_architecture/Chùa_Huệ_Nghiêm_năm_2022_(cửa_gỗ_nơi_hậu_viện)_123933954.png,"Four-panel wooden folding door with glass inserts set into a light-colored wall, positioned above a set of red polished stone steps featuring an etched lotus flower design on the landing."
/Users/jenfnguyen/Documents/Dev/KIS-AAI-DM-Master/data/caption_project/vietnam_architecture/Chùa_Huệ_Nghiêm_năm_2022_(họa_tiết_trên_cửa_trong_Bảo_tháp)_(1)_123933646.png,"Interior doorway featuring a white arched lintel with gold floral carvings, topped by a circular window with a geometric pattern. A red lantern hangs in the center between two fluted columns."
/Users/jenfnguyen/Documents/Dev/KIS-AAI-DM-Master/data/caption_project/vietnam_architecture/Chùa_Huệ_Nghiêm_năm_2022_(họa_tiết_trên_cửa_trong_Bảo_tháp)_(2)_123933645.png,"Interior doorway featuring two fluted columns with gold-painted capitals, topped by a white decorative arch with gold floral carvings and a circular emblem. A red lantern hangs in the center."
/Users/jenfnguyen/Documents/Dev/KIS-AAI-DM-Master/data/caption_project/vietnam_architecture/Chùa_Huệ_Nghiêm_năm_2022_(họa_tiết_trên_cửa_trong_Bảo_tháp)_(3)_123933649.png,"Interior doorway featuring two fluted columns topped with decorative capitals and a white arched pediment with gold floral carvings. A red lantern hangs in the center, and a circular emblem is mounted above."
"/Users/jenfnguyen/Documents/Dev/KIS-AAI-DM-Master/data/caption_project/vietnam_architecture/Chùa_Huệ_Nghiêm_năm_2022_(khu_nội_viện,_bảng_hiệu_chánh_điện)_(1)_126510701.png","Wooden gate of a temple featuring a horizontal plaque with gold Chinese characters. The structure includes dark brown wooden panels and vertical balusters with carved details, set beneath a dark timber ceiling."
"/Users/jenfnguyen/Documents/Dev/KIS-AAI-DM-Master/data/caption_project/vietnam_architecture/Chùa_Huệ_Nghiêm_năm_2022_(khu_nội_viện,_bảng_hiệu_chánh_điện)_(10)_126510705.png",A golden statue of a deity sits within a wooden structure featuring a tiled roof and a large horizontal wooden plaque with gold Chinese characters mounted above a carved wooden screen.
"/Users/jenfnguyen/Documents/Dev/KIS-AAI-DM-Master/data/caption_project/vietnam_architecture/Chùa_Huệ_Nghiêm_năm_2022_(khu_nội_viện,_bảng_hiệu_chánh_điện)_(11)_126510706.png","Wooden gate of a pagoda featuring a dark brown timber frame, a tiled roof, and a central horizontal plaque with gold Chinese characters. A small golden statue sits in the upper alcove."
"/Users/jenfnguyen/Documents/Dev/KIS-AAI-DM-Master/data/caption_project/vietnam_architecture/Chùa_Huệ_Nghiêm_năm_2022_(khu_nội_viện,_bảng_hiệu_chánh_điện)_(12)_126510708.png","Wooden gate of a temple featuring dark timber beams, a tiled roof, and a horizontal wooden plaque with gold Chinese characters. A small golden statue sits in the space above the gate."
"/Users/jenfnguyen/Documents/Dev/KIS-AAI-DM-Master/data/caption_project/vietnam_architecture/Chùa_Huệ_Nghiêm_năm_2022_(khu_nội_viện,_bảng_hiệu_chánh_điện)_(13)_126510709.png",Wooden gate of a temple featuring a tiled roof and a central horizontal plaque with gold Chinese characters. A small golden statue sits in a recessed alcove above the wooden doors.
"/Users/jenfnguyen/Documents/Dev/KIS-AAI-DM-Master/data/caption_project/vietnam_architecture/Chùa_Huệ_Nghiêm_năm_2022_(khu_nội_viện,_bảng_hiệu_chánh_điện)_(7)_126510702.png","Golden statue of a deity positioned above a wooden horizontal plaque with Chinese characters. The structure features dark wooden panels, a slatted window, and a tiled roof visible in the background."
"/Users/jenfnguyen/Documents/Dev/KIS-AAI-DM-Master/data/caption_project/vietnam_architecture/Chùa_Huệ_Nghiêm_năm_2022_(khu_nội_viện,_bảng_hiệu_chánh_điện)_(8)_126510703.png",Golden statue of a deity positioned in a recessed wooden alcove above a large horizontal wooden plaque with yellow Chinese characters. The structure features dark brown wooden beams and a tiled roof.
"/Users/jenfnguyen/Documents/Dev/KIS-AAI-DM-Master/data/caption_project/vietnam_architecture/Chùa_Huệ_Nghiêm_năm_2022_(khu_nội_viện,_bảng_hiệu_chánh_điện)_(9)_126510707.png",A golden statue sits in a recessed wooden alcove above a large horizontal wooden plaque with gold Chinese characters. Below the plaque are two wooden doors featuring decorative vertical baluster railings.
"/Users/jenfnguyen/Documents/Dev/KIS-AAI-DM-Master/data/caption_project/vietnam_architecture/Chùa_Huệ_Nghiêm_năm_2022_(khu_nội_viện,_bảng_hiệu_chánh_điện,_chụp_ngang)_(1)_126510710.png","Wooden gate of a pagoda featuring a tiled roof with curved eaves, a central golden statue placed in an alcove, and horizontal wooden plaques with gold Chinese characters mounted on the dark brown timber structure."
"/Users/jenfnguyen/Documents/Dev/KIS-AAI-DM-Master/data/caption_project/vietnam_architecture/Chùa_Huệ_Nghiêm_năm_2022_(khu_nội_viện,_bảng_hiệu_chánh_điện,_chụp_ngang)_(3)_126510714.png","Wooden gate of a temple featuring dark brown timber construction, tiled roofs, and ornate carved balustrades. A golden statue sits in an upper alcove, and horizontal wooden plaques display gold-painted Chinese characters."
"/Users/jenfnguyen/Documents/Dev/KIS-AAI-DM-Master/data/caption_project/vietnam_architecture/Chùa_Huệ_Nghiêm_năm_2022_(khu_nội_viện,_bảng_hiệu_chánh_điện,_chụp_ngang)_126510713.png","Wooden structure featuring a horizontal plaque with Chinese characters mounted above a doorway. A golden statue sits in a recessed space beneath a tiled roof, surrounded by dark timber architectural elements."
"/Users/jenfnguyen/Documents/Dev/KIS-AAI-DM-Master/data/caption_project/vietnam_architecture/Chùa_Huệ_Nghiêm_năm_2022_(khu_nội_viện,_bảng_hiệu_chánh_điện,_nghiêng)_126510716.png","Wooden structure of a temple featuring dark brown timber walls, intricate spindle-style balusters, and horizontal wooden signs with gold-painted Chinese characters. A tiled roof overhangs the entrance, partially obscured by green foliage."
"/Users/jenfnguyen/Documents/Dev/KIS-AAI-DM-Master/data/caption_project/vietnam_architecture/Chùa_Huệ_Nghiêm_năm_2022_(khu_nội_viện,_cổng_tam_quan)_(1)_127034188.png",Traditional wooden gate with a multi-tiered orange tiled roof and curved eaves. The dark brown structure features golden Chinese characters on the crossbeams and is surrounded by trees and people.
"/Users/jenfnguyen/Documents/Dev/KIS-AAI-DM-Master/data/caption_project/vietnam_architecture/Chùa_Huệ_Nghiêm_năm_2022_(khu_nội_viện,_cổng_tam_quan)_(10)_127034198.png",Wooden gate of a pagoda featuring curved tiled roofs with dragon-shaped ornaments. The dark brown structure includes carved pillars with gold inscriptions and a small sign standing on the stone steps nearby.
"/Users/jenfnguyen/Documents/Dev/KIS-AAI-DM-Master/data/caption_project/vietnam_architecture/Chùa_Huệ_Nghiêm_năm_2022_(khu_nội_viện,_cổng_tam_quan)_(11)_127034200.png","Wooden temple gate with a curved tiled roof and a golden statue placed in an upper alcove. The structure features dark wood panels, vertical balusters, and gold Chinese characters inscribed on wooden plaques."
"/Users/jenfnguyen/Documents/Dev/KIS-AAI-DM-Master/data/caption_project/vietnam_architecture/Chùa_Huệ_Nghiêm_năm_2022_(khu_nội_viện,_cổng_tam_quan)_(12)_127034201.png","Wooden gate of a pagoda featuring a curved tiled roof with upturned corners. A golden statue is placed in a central alcove above the double doors, which are adorned with vertical wooden slats."
"/Users/jenfnguyen/Documents/Dev/KIS-AAI-DM-Master/data/caption_project/vietnam_architecture/Chùa_Huệ_Nghiêm_năm_2022_(khu_nội_viện,_cổng_tam_quan)_(13)_127034206.png",Wooden temple gate with a tiled roof features a central golden statue placed above a large horizontal plaque with gold Chinese characters. Vertical wooden pillars with gold inscriptions flank the doorway.
"/Users/jenfnguyen/Documents/Dev/KIS-AAI-DM-Master/data/caption_project/vietnam_architecture/Chùa_Huệ_Nghiêm_năm_2022_(khu_nội_viện,_cổng_tam_quan)_(14)_127034207.png","Traditional wooden gate of a pagoda featuring a dark brown timber frame, orange tiled roof with curved corners, and a golden statue placed in an upper alcove. Chinese characters are displayed on wooden plaques."
"/Users/jenfnguyen/Documents/Dev/KIS-AAI-DM-Master/data/caption_project/vietnam_architecture/Chùa_Huệ_Nghiêm_năm_2022_(khu_nội_viện,_cổng_tam_quan)_(15)_127034205.png","Wooden temple gate featuring a multi-tiered roof with curved ends and orange tiles. A golden statue sits in the upper central opening, and large stacks of cardboard boxes are placed in front of the dark wooden doors."
"/Users/jenfnguyen/Documents/Dev/KIS-AAI-DM-Master/data/caption_project/vietnam_architecture/Chùa_Huệ_Nghiêm_năm_2022_(khu_nội_viện,_cổng_tam_quan)_(16)_127034209.png","Wooden gate of a temple featuring a multi-tiered tiled roof with curved corners. The dark brown timber structure displays golden Chinese characters on a horizontal plaque, with vertical wooden slats forming the gate panels."
"/Users/jenfnguyen/Documents/Dev/KIS-AAI-DM-Master/data/caption_project/vietnam_architecture/Chùa_Huệ_Nghiêm_năm_2022_(khu_nội_viện,_cổng_tam_quan)_(17)_127034210.png","Wooden gate of a temple featuring curved tiled roofs with decorative finials, dark brown timber pillars, and gold Chinese characters on horizontal plaques. Green trees and foliage are visible in the background."
"/Users/jenfnguyen/Documents/Dev/KIS-AAI-DM-Master/data/caption_project/vietnam_architecture/Chùa_Huệ_Nghiêm_năm_2022_(khu_nội_viện,_cổng_tam_quan)_(18)_127034211.png","A wooden temple gate features dark brown pillars, curved tiled roofs with decorative ridge ends, and golden Chinese characters on horizontal plaques. Stacks of cardboard boxes sit on the ground in front of the gate."
"/Users/jenfnguyen/Documents/Dev/KIS-AAI-DM-Master/data/caption_project/vietnam_architecture/Chùa_Huệ_Nghiêm_năm_2022_(khu_nội_viện,_cổng_tam_quan)_(19)_127034215.png","Wooden temple gate featuring a multi-tiered roof with curved eaves and orange tiles. The dark wood structure displays gold Chinese characters on horizontal plaques, with stacks of cardboard boxes placed on the ground nearby."
"/Users/jenfnguyen/Documents/Dev/KIS-AAI-DM-Master/data/caption_project/vietnam_architecture/Chùa_Huệ_Nghiêm_năm_2022_(khu_nội_viện,_cổng_tam_quan)_(2)_127034189.png","Traditional gate structure with curved tiled roofs and dark wooden pillars, featuring gold Chinese characters on a wooden plaque. A person sits on a bench near large potted plants and trees."
"/Users/jenfnguyen/Documents/Dev/KIS-AAI-DM-Master/data/caption_project/vietnam_architecture/Chùa_Huệ_Nghiêm_năm_2022_(khu_nội_viện,_cổng_tam_quan)_(20)_127034212.png","Traditional wooden gate structure with curved tiled roofs featuring upturned corners. The dark brown timber frame is adorned with gold Chinese characters on black panels, set within a garden area with trees."
"/Users/jenfnguyen/Documents/Dev/KIS-AAI-DM-Master/data/caption_project/vietnam_architecture/Chùa_Huệ_Nghiêm_năm_2022_(khu_nội_viện,_cổng_tam_quan)_(21)_127034214.png","A wooden gate of a temple features curved tiled roofs with decorative finials. Dark brown pillars support the structure, which displays gold Chinese characters on horizontal wooden plaques above the entrance."
"/Users/jenfnguyen/Documents/Dev/KIS-AAI-DM-Master/data/caption_project/vietnam_architecture/Chùa_Huệ_Nghiêm_năm_2022_(khu_nội_viện,_cổng_tam_quan)_(22)_127034219.png","Pagoda gate featuring dark wooden pillars and a curved tiled roof with orange ceramic roof tiles. A wooden plaque with gold Chinese characters is mounted on the front, surrounded by green trees."
"/Users/jenfnguyen/Documents/Dev/KIS-AAI-DM-Master/data/caption_project/vietnam_architecture/Chùa_Huệ_Nghiêm_năm_2022_(khu_nội_viện,_cổng_tam_quan)_(23)_127034220.png","Traditional wooden gate structure with curved tiled roofs and dark brown timber pillars. The structure features gold Chinese characters on wooden panels and a wooden balustrade, set against a background of green trees."
"/Users/jenfnguyen/Documents/Dev/KIS-AAI-DM-Master/data/caption_project/vietnam_architecture/Chùa_Huệ_Nghiêm_năm_2022_(khu_nội_viện,_cổng_tam_quan)_(24)_127034221.png","Wooden temple gate features a multi-tiered roof with curved eaves and orange tiles. The structure is supported by dark brown pillars, with stacks of cardboard boxes placed in front of the central entrance."
"/Users/jenfnguyen/Documents/Dev/KIS-AAI-DM-Master/data/caption_project/vietnam_architecture/Chùa_Huệ_Nghiêm_năm_2022_(khu_nội_viện,_cổng_tam_quan)_(25)_127034226.png",Traditional wooden gate with a multi-tiered orange tiled roof featuring curved eaves. The dark brown structure has gold Chinese characters on horizontal plaques and is surrounded by green trees and a paved courtyard.
"/Users/jenfnguyen/Documents/Dev/KIS-AAI-DM-Master/data/caption_project/vietnam_architecture/Chùa_Huệ_Nghiêm_năm_2022_(khu_nội_viện,_cổng_tam_quan)_(26)_127034227.png","A pagoda gate features a dark wooden frame, orange tiled roofs with curved corners, and golden Chinese characters on the lintel. The structure is surrounded by green trees and white walls."
"/Users/jenfnguyen/Documents/Dev/KIS-AAI-DM-Master/data/caption_project/vietnam_architecture/Chùa_Huệ_Nghiêm_năm_2022_(khu_nội_viện,_cổng_tam_quan)_(27)_127034228.png","Wooden temple gate with dark brown pillars and orange tiled roofs featuring curved eaves. Gold Chinese characters are inscribed on the central wooden panels, while stacks of cardboard boxes sit on the ground."
"/Users/jenfnguyen/Documents/Dev/KIS-AAI-DM-Master/data/caption_project/vietnam_architecture/Chùa_Huệ_Nghiêm_năm_2022_(khu_nội_viện,_cổng_tam_quan)_(3)_127034190.png","Traditional wooden gate of a temple featuring dark brown timber, curved tiled roof corners, and gold-painted Chinese characters on wooden plaques. A person walks through the open doorway beside a small tree."
"/Users/jenfnguyen/Documents/Dev/KIS-AAI-DM-Master/data/caption_project/vietnam_architecture/Chùa_Huệ_Nghiêm_năm_2022_(khu_nội_viện,_cổng_tam_quan)_(4)_127034191.png","Traditional wooden structure with curved tiled roofs and red decorative eaves, featuring a dark wooden plaque with gold Chinese characters, situated next to a large tree with hanging aerial roots."
"/Users/jenfnguyen/Documents/Dev/KIS-AAI-DM-Master/data/caption_project/vietnam_architecture/Chùa_Huệ_Nghiêm_năm_2022_(khu_nội_viện,_cổng_tam_quan)_(5)_127034192.png","Wooden gate of a temple structure featuring dark brown timber, carved balusters, and Chinese characters on horizontal plaques. A golden statue is visible in the upper section under a tiled roof."
"/Users/jenfnguyen/Documents/Dev/KIS-AAI-DM-Master/data/caption_project/vietnam_architecture/Chùa_Huệ_Nghiêm_năm_2022_(khu_nội_viện,_cổng_tam_quan)_(6)_127034193.png","Wooden gate of a temple featuring dark brown timber construction, curved tile roofs with upturned eaves, and horizontal wooden plaques with gold Chinese characters. Vertical wooden balusters are integrated into the gate structure."
"/Users/jenfnguyen/Documents/Dev/KIS-AAI-DM-Master/data/caption_project/vietnam_architecture/Chùa_Huệ_Nghiêm_năm_2022_(khu_nội_viện,_cổng_tam_quan)_(7)_127034194.png","Wooden temple entrance featuring dark brown timber pillars, carved wooden balustrades, and a curved tiled roof with an ornate dragon-shaped roof finial. Gold-painted Chinese characters are inscribed on wooden plaques and pillars."
"/Users/jenfnguyen/Documents/Dev/KIS-AAI-DM-Master/data/caption_project/vietnam_architecture/Chùa_Huệ_Nghiêm_năm_2022_(khu_nội_viện,_cổng_tam_quan)_(8)_127034195.png","Wooden pagoda entrance featuring dark brown timber pillars, carved wooden lattice windows, and a curved tiled roof with decorative ends. A stone staircase leads to the doorway, adjacent to a white wall."
"/Users/jenfnguyen/Documents/Dev/KIS-AAI-DM-Master/data/caption_project/vietnam_architecture/Chùa_Huệ_Nghiêm_năm_2022_(khu_nội_viện,_cổng_tam_quan)_(9)_127034196.png","Wooden structure with a curved tiled roof and a door featuring turned spindles. A light-colored wall stands to the right, while long hanging roots from a tree drape over the building entrance."
"/Users/jenfnguyen/Documents/Dev/KIS-AAI-DM-Master/data/caption_project/vietnam_architecture/Chùa_Huệ_Nghiêm_năm_2022_(khu_nội_viện,_cửa_gỗ)_123933958.png",Dark brown wooden door featuring intricate turned balusters in the upper panel. The structure stands outdoors near a white wall with orange roof tiles and green trees in the background.
/Users/jenfnguyen/Documents/Dev/KIS-AAI-DM-Master/data/caption_project/vietnam_architecture/Chùa_Huệ_Nghiêm_năm_2022_(kiến_trúc_Di_Lặc_phật_điện)_(1)_127288307.png,"A two-story wooden pagoda building features a dark red frame, tiled roof, and a balcony with geometric railings. Potted plants line the stone-paved courtyard in front of the structure."
/Users/jenfnguyen/Documents/Dev/KIS-AAI-DM-Master/data/caption_project/vietnam_architecture/Chùa_Huệ_Nghiêm_năm_2022_(kiến_trúc_Di_Lặc_phật_điện)_(8)_127288308.png,A two-story pagoda structure features a long overhanging tiled roof with curved corners and a wooden frame painted in a reddish-brown color. An outdoor staircase leads to the upper level balcony.
/Users/jenfnguyen/Documents/Dev/KIS-AAI-DM-Master/data/caption_project/vietnam_architecture/Chùa_Huệ_Nghiêm_năm_2022_(kiến_trúc_Di_Lặc_phật_điện)_(9)_127288309.png,"A two-story wooden pagoda building features a long overhanging tiled roof, a wide staircase leading to the upper level, and a balcony with geometric railings. Potted plants line the base of the structure."
"/Users/jenfnguyen/Documents/Dev/KIS-AAI-DM-Master/data/caption_project/vietnam_architecture/Chùa_Huệ_Nghiêm_năm_2022_(kiến_trúc_Di_Lặc_phật_điện,_mái_ngói_gạch_đỏ)_(1)_126992828.png","A two-story wooden pagoda features a double-tiered tiled roof, a balcony with geometric railings, and dark red painted pillars. Several rectangular plaques with Chinese characters are mounted along the upper facade."
"/Users/jenfnguyen/Documents/Dev/KIS-AAI-DM-Master/data/caption_project/vietnam_architecture/Chùa_Huệ_Nghiêm_năm_2022_(kiến_trúc_Di_Lặc_phật_điện,_mái_ngói_gạch_đỏ)_(2)_126992838.png","Pagoda with a large orange tiled roof and curved eaves, featuring dark wooden pillars and a balcony. A green fence and a lotus pond are visible in the foreground with trees behind."
"/Users/jenfnguyen/Documents/Dev/KIS-AAI-DM-Master/data/caption_project/vietnam_architecture/Chùa_Huệ_Nghiêm_năm_2022_(kiến_trúc_Di_Lặc_phật_điện,_mái_ngói_gạch_đỏ)_(3)_126992830.png","Pagoda with a large orange tiled roof and dark wooden structure features a balcony with railings. The building is surrounded by green trees and shrubs, with a green fence in the foreground."
/Users/jenfnguyen/Documents/Dev/KIS-AAI-DM-Master/data/caption_project/vietnam_architecture/Chùa_Huệ_Nghiêm_năm_2022_(kiến_trúc_Khu_nội_viện)_(45)_127288311.png,"Two-story wooden building with a tiled roof features red painted pillars and railings. The structure is set behind a stone-paved courtyard filled with green bushes, potted plants, and tall palm trees."
"/Users/jenfnguyen/Documents/Dev/KIS-AAI-DM-Master/data/caption_project/vietnam_architecture/Chùa_Huệ_Nghiêm_năm_2022_(kiến_trúc_Khu_nội_viện,_nhà)_(19)_119470410.png","Pagoda exterior featuring a yellow wall with dark brown wooden beams and window frames. The structure has a tiled roof with overhanging eaves, a stone balustrade, and small green trees in the foreground."
"/Users/jenfnguyen/Documents/Dev/KIS-AAI-DM-Master/data/caption_project/vietnam_architecture/Chùa_Huệ_Nghiêm_năm_2022_(kiến_trúc_nội_điện,_cửa)_(1)_123933955.png",Wooden doors with intricate relief carvings of figures line a corridor in a building with orange walls. A red lantern hangs from the ceiling above the polished floor.
"/Users/jenfnguyen/Documents/Dev/KIS-AAI-DM-Master/data/caption_project/vietnam_architecture/Chùa_Huệ_Nghiêm_năm_2022_(kiến_trúc_nội_điện,_cửa)_(2)_123933956.png","Covered walkway of a building featuring red painted wooden pillars and beams, dark wooden carved doors with figures, and hanging hexagonal lanterns. The floor is made of polished red stone tiles."
"/Users/jenfnguyen/Documents/Dev/KIS-AAI-DM-Master/data/caption_project/vietnam_architecture/Chùa_Huệ_Nghiêm_năm_2022_(kiến_trúc_nội_điện,_cửa)_(3)_123933957.png",Wooden veranda of a structure featuring orange painted beams and dark carved wooden doors with intricate relief figures. Hexagonal red lanterns with white panels hang from the ceiling structure.
"/Users/jenfnguyen/Documents/Dev/KIS-AAI-DM-Master/data/caption_project/vietnam_architecture/Chùa_Huệ_Nghiêm_năm_2022_(kiến_trúc_nội_điện,_hành_lang_lầu)_(1)_127288075.png","Covered corridor of a building featuring polished red stone flooring, dark wooden pillars, and a series of dark wooden doors with carved circular motifs. Hanging lanterns are suspended from the wooden ceiling beams."
"/Users/jenfnguyen/Documents/Dev/KIS-AAI-DM-Master/data/caption_project/vietnam_architecture/Chùa_Huệ_Nghiêm_năm_2022_(kiến_trúc_nội_điện,_hành_lang_lầu)_(10)_127288086.png","Covered corridor of a building featuring red polished stone floors, wooden pillars, and a wooden railing with geometric patterns. Hanging lanterns illuminate the walkway, which overlooks trees through an open side."
"/Users/jenfnguyen/Documents/Dev/KIS-AAI-DM-Master/data/caption_project/vietnam_architecture/Chùa_Huệ_Nghiêm_năm_2022_(kiến_trúc_nội_điện,_hành_lang_lầu)_(11)_127288087.png","Red wooden pillar and railing with geometric patterns form a balcony overlooking green trees. The floor is made of polished red stone, reflecting the structure and the surrounding foliage."
"/Users/jenfnguyen/Documents/Dev/KIS-AAI-DM-Master/data/caption_project/vietnam_architecture/Chùa_Huệ_Nghiêm_năm_2022_(kiến_trúc_nội_điện,_hành_lang_lầu)_(12)_127288089.png","Covered balcony with red polished tile flooring, thick red wooden pillars, and a matching wooden railing with geometric cutouts. The structure overlooks green trees and a white building in the background."
"/Users/jenfnguyen/Documents/Dev/KIS-AAI-DM-Master/data/caption_project/vietnam_architecture/Chùa_Huệ_Nghiêm_năm_2022_(kiến_trúc_nội_điện,_hành_lang_lầu)_(13)_127288091.png","Covered veranda of a building featuring red painted wooden pillars and beams, a glossy red floor, and a wooden railing with geometric patterns. A hanging lantern is attached to the ceiling structure."
"/Users/jenfnguyen/Documents/Dev/KIS-AAI-DM-Master/data/caption_project/vietnam_architecture/Chùa_Huệ_Nghiêm_năm_2022_(kiến_trúc_nội_điện,_hành_lang_lầu)_(2)_127288076.png","Covered walkway featuring red painted wooden pillars and beams, a polished reddish floor, and a wooden railing. Hanging lanterns are suspended from the ceiling, and a doorway is visible on the right."
"/Users/jenfnguyen/Documents/Dev/KIS-AAI-DM-Master/data/caption_project/vietnam_architecture/Chùa_Huệ_Nghiêm_năm_2022_(kiến_trúc_nội_điện,_hành_lang_lầu)_(3)_127288077.png","Covered wooden corridor of a building featuring red painted pillars and beams, hanging hexagonal lanterns with white panels, and a dark wooden door with carved panels overlooking a green outdoor space."
"/Users/jenfnguyen/Documents/Dev/KIS-AAI-DM-Master/data/caption_project/vietnam_architecture/Chùa_Huệ_Nghiêm_năm_2022_(kiến_trúc_nội_điện,_hành_lang_lầu)_(4)_127288079.png","Covered veranda of a building featuring red painted wooden columns, a polished red stone floor, and intricate wooden carvings on the wall. Hanging lanterns illuminate the corridor, which overlooks green trees."
"/Users/jenfnguyen/Documents/Dev/KIS-AAI-DM-Master/data/caption_project/vietnam_architecture/Chùa_Huệ_Nghiêm_năm_2022_(kiến_trúc_nội_điện,_hành_lang_lầu)_(5)_127288080.png","Covered wooden corridor of a structure featuring red painted beams, pillars, and railings. The ceiling displays exposed rafters with bracket supports, while the floor is polished and reflects the surrounding greenery."
"/Users/jenfnguyen/Documents/Dev/KIS-AAI-DM-Master/data/caption_project/vietnam_architecture/Chùa_Huệ_Nghiêm_năm_2022_(kiến_trúc_nội_điện,_hành_lang_lầu)_(6)_127288081.png","Covered wooden corridor of a building featuring red painted pillars, carved railings, and a tiled roof. The floor is polished and reflective, with decorative stone bases visible at the bottom of the columns."
"/Users/jenfnguyen/Documents/Dev/KIS-AAI-DM-Master/data/caption_project/vietnam_architecture/Chùa_Huệ_Nghiêm_năm_2022_(kiến_trúc_nội_điện,_hành_lang_lầu)_(7)_127288083.png","Covered wooden corridor of a temple featuring red painted pillars, beams, and railings. Hexagonal lanterns hang from the ceiling, and the polished floor reflects the structure, with green trees visible outside."
"/Users/jenfnguyen/Documents/Dev/KIS-AAI-DM-Master/data/caption_project/vietnam_architecture/Chùa_Huệ_Nghiêm_năm_2022_(kiến_trúc_nội_điện,_hành_lang_lầu)_(8)_127288084.png","Covered wooden corridor of a building features bright red painted pillars and exposed beam ceiling. Hanging hexagonal lanterns and wind chimes are suspended from the structure, with dark wooden doors along the wall."
"/Users/jenfnguyen/Documents/Dev/KIS-AAI-DM-Master/data/caption_project/vietnam_architecture/Chùa_Huệ_Nghiêm_năm_2022_(kiến_trúc_nội_điện,_hành_lang_lầu)_(9)_127288085.png","Covered corridor of a wooden structure featuring red painted pillars, beams, and a polished floor. Ornate dark wood doors with carved panels line the wall, while hanging lanterns illuminate the walkway."
/Users/jenfnguyen/Documents/Dev/KIS-AAI-DM-Master/data/caption_project/vietnam_architecture/Chùa_Huệ_Nghiêm_năm_2022_(lư_hương_có_khảm_sành)_(1)_127216878.png,"Ceramic incense burner with painted dragon motifs sits on a dark wooden stand. The burner is filled with ash and several red incense sticks, placed on a red brick patio."
/Users/jenfnguyen/Documents/Dev/KIS-AAI-DM-Master/data/caption_project/vietnam_architecture/Chùa_Huệ_Nghiêm_năm_2022_(lư_hương_có_khảm_sành)_(2)_127216881.png,"A ceramic incense burner with dragon motifs sits on a dark wooden stand. The burner is placed on a red brick-paved floor, surrounded by vases filled with yellow and white flowers."
/Users/jenfnguyen/Documents/Dev/KIS-AAI-DM-Master/data/caption_project/vietnam_architecture/Chùa_Huệ_Nghiêm_năm_2022_(lư_hương_có_khảm_sành)_(3)_127216882.png,"A ceramic incense burner with dragon motifs sits on a wooden stand. Behind it, several vases filled with yellow chrysanthemums and pink lotus flowers are placed on a metal rack over orange pavers."
"/Users/jenfnguyen/Documents/Dev/KIS-AAI-DM-Master/data/caption_project/vietnam_architecture/Chùa_Huệ_Nghiêm_năm_2022_(tháp_chuông,_cầu_thang_uốn_lượn)_124489441.png",Curved staircase with light-colored treads and a dark railing ascends through a structure featuring deep red painted wooden beams and intricate floral carvings. A white ceiling medallion is visible above.
"/Users/jenfnguyen/Documents/Dev/KIS-AAI-DM-Master/data/caption_project/vietnam_architecture/Chùa_Huệ_Nghiêm_năm_2022_(tháp_chuông,_mái)_(2)_127289003.png","Curved roof corners of a pagoda structure feature terracotta tiles and decorative dragon-shaped finials. The building is surrounded by dense green foliage, with the dark wooden eaves contrasting against the bright sky."
"/Users/jenfnguyen/Documents/Dev/KIS-AAI-DM-Master/data/caption_project/vietnam_architecture/Chùa_Huệ_Nghiêm_năm_2022_(tháp_chuông,_mái)_(3)_127289004.png","Curved roof of a pagoda structure with orange tiles and decorative dragon-shaped ridge ends, partially obscured by a dense green tree in the foreground. The building features dark wooden eaves and supports."
"/Users/jenfnguyen/Documents/Dev/KIS-AAI-DM-Master/data/caption_project/vietnam_architecture/Chùa_Huệ_Nghiêm_năm_2022_(tháp_chuông,_mái_đầu_đao)_127288999.png","Pagoda roof with curved eaves, green tiles, and a wooden dragon ornament, supported by reddish-brown pillars. A white standing Buddha statue is visible in the background amidst green trees and foliage."
"/Users/jenfnguyen/Documents/Dev/KIS-AAI-DM-Master/data/caption_project/vietnam_architecture/Chùa_Huệ_Quang_ở_Thủ_Đức,_tháng_12_năm_2021_(cổng)_(1)_113530096.png",Yellow pagoda gate with a red arched opening features a rectangular sign with red text. The roof ridge is decorated with golden dragon sculptures and a central dharma wheel symbol.
"/Users/jenfnguyen/Documents/Dev/KIS-AAI-DM-Master/data/caption_project/vietnam_architecture/Chùa_Huệ_Quang_ở_Thủ_Đức,_tháng_12_năm_2021_(cổng)_(2)_113530446.png","Pagoda gate featuring a yellow structure with green tiled roofs, topped with golden dragon ornaments. The pillars are clad in irregular stone, and the entrance is closed by solid green metal gates."
"/Users/jenfnguyen/Documents/Dev/KIS-AAI-DM-Master/data/caption_project/vietnam_architecture/Chùa_Huệ_Quang_ở_Thủ_Đức,_tháng_12_năm_2021_(cổng)_(3)_113530097.png",Pagoda gate featuring a yellow roof with green tiles and golden dragon ornaments. The structure has stone-clad pillars and a large green metal gate with an inscription above the arched entrance.
"/Users/jenfnguyen/Documents/Dev/KIS-AAI-DM-Master/data/caption_project/vietnam_architecture/Chùa_Huệ_Quang_ở_Thủ_Đức,_tháng_12_năm_2021_(cổng)_(4)_113530447.png","Pagoda gate featuring a yellow arched structure with green tiled roofs, stone-clad pillars, and golden dragon sculptures on the roof ridge. A large green metal gate blocks the entrance."
"/Users/jenfnguyen/Documents/Dev/KIS-AAI-DM-Master/data/caption_project/vietnam_architecture/Chùa_Huệ_Quang_ở_Thủ_Đức,_tháng_12_năm_2021_(cổng)_(5)_113530449.png","Pagoda gate featuring a yellow curved roof with green tile edges and a golden phoenix sculpture. The structure is supported by stone-clad pillars and includes a green metal gate, with a sign nearby."
"/Users/jenfnguyen/Documents/Dev/KIS-AAI-DM-Master/data/caption_project/vietnam_architecture/Chùa_Huệ_Quang_ở_Thủ_Đức,_tháng_12_năm_2021_(cổng)_(7)_113530101.png","A gate structure features a yellow curved roof with green tiles and a decorative phoenix sculpture. The pillars are covered in irregular brown stone cladding, and the gate has solid green metal panels."
"/Users/jenfnguyen/Documents/Dev/KIS-AAI-DM-Master/data/caption_project/vietnam_architecture/Chùa_Huệ_Quang_ở_Thủ_Đức,_tháng_12_năm_2021_(cổng)_(8)_113530450.png","Pagoda entrance gate featuring a yellow arched structure with a tiled roof, stone-clad pillars, and green metal gates. A sign is attached to the gate, and trees are visible in the background."
/Users/jenfnguyen/Documents/Dev/KIS-AAI-DM-Master/data/caption_project/vietnam_architecture/Chùa_Hòa_Bình_quận_10_(cổng_chùa)_(1)_119455183.png,Gate of a structure featuring a light blue arched entrance with vertical metal bars and a small tower on the right side. The roof is covered with orange tiles and decorative carvings.
/Users/jenfnguyen/Documents/Dev/KIS-AAI-DM-Master/data/caption_project/vietnam_architecture/Chùa_Hòa_Bình_quận_10_(cổng_chùa)_(2)_119455182.png,"Gate of a pagoda featuring a curved tiled roof, a central arched metal door with lotus motifs, and tall pillars decorated with Chinese characters. The structure is painted in light blue and grey tones."
/Users/jenfnguyen/Documents/Dev/KIS-AAI-DM-Master/data/caption_project/vietnam_architecture/Chùa_Hòa_Bình_quận_10_(cổng_chùa)_(3)_119455184.png,White wall of a building features vertical Chinese characters and decorative carvings. A metal arched gate with a lotus design stands beside potted green plants on a concrete ground.
/Users/jenfnguyen/Documents/Dev/KIS-AAI-DM-Master/data/caption_project/vietnam_architecture/Chùa_Hòa_Bình_quận_10_(cổng_chùa)_(4)_119455186.png,"Gate of a building featuring a curved roof with orange tiles and a grey metal door decorated with a lotus motif. Chinese characters are inscribed on the pillars, and potted plants sit nearby."
/Users/jenfnguyen/Documents/Dev/KIS-AAI-DM-Master/data/caption_project/vietnam_architecture/Chùa_Hòa_Bình_quận_10_(cổng_chùa)_(5)_119455185.png,Gate of a building featuring a curved roof with orange tiles and two tall pillars decorated with Chinese characters. The entrance has a light green arched metal door adorned with lotus flower motifs.
/Users/jenfnguyen/Documents/Dev/KIS-AAI-DM-Master/data/caption_project/vietnam_architecture/Chùa_Hòa_Bình_quận_10_(cổng_chùa)_(6)_119455187.png,"Gate of a religious structure featuring a curved roof, light blue pillars with dark Chinese characters, and a metal gate decorated with lotus flower motifs. The structure is painted in light blue and grey tones."
/Users/jenfnguyen/Documents/Dev/KIS-AAI-DM-Master/data/caption_project/vietnam_architecture/Chùa_Hòa_Bình_quận_10_(cổng_chùa)_(có_một_chữ_nho)_(1)_119455191.png,"A light-colored wall features a large dark Chinese character centered within a rectangular frame, with a sign above displaying Chinese characters. Several potted green plants are arranged in front of the wall."
/Users/jenfnguyen/Documents/Dev/KIS-AAI-DM-Master/data/caption_project/vietnam_architecture/Chùa_Hòa_Bình_quận_10_(cổng_chùa)_(có_một_chữ_nho)_(2)_119455194.png,"Pagoda gate featuring a curved tiled roof and light blue walls with dark Chinese calligraphy. The structure includes decorative corner carvings and vertical pillars with inscribed text, surrounded by green foliage."
/Users/jenfnguyen/Documents/Dev/KIS-AAI-DM-Master/data/caption_project/vietnam_architecture/Chùa_Hòa_Bình_quận_10_(cổng_chùa)_(có_một_chữ_nho)_(3)_119455193.png,Pagoda gate featuring a light blue wall with a large dark Chinese character in the center. The structure is topped with a curved tiled roof and flanked by two pillars with vertical inscriptions.
/Users/jenfnguyen/Documents/Dev/KIS-AAI-DM-Master/data/caption_project/vietnam_architecture/Chùa_Hòa_Bình_quận_10_(cổng_chùa)_(có_một_chữ_nho)_(4)_119455196.png,Pagoda gate featuring a light blue wall with a large black Chinese character for Buddha in the center. The structure has a curved tiled roof and vertical pillars with inscribed Chinese characters.
"/Users/jenfnguyen/Documents/Dev/KIS-AAI-DM-Master/data/caption_project/vietnam_architecture/Chùa_Hòa_Bình_quận_10_(cổng_chùa,_bảng_ghi_số_nhà)_(1)_119455197.png","Pagoda gate featuring a light blue arched metal door with a lotus motif, gray pillars with Chinese characters, and a tiled roof edge. Potted plants sit on the ground in front of the wall."
"/Users/jenfnguyen/Documents/Dev/KIS-AAI-DM-Master/data/caption_project/vietnam_architecture/Chùa_Hòa_Bình_quận_10_(cổng_chùa,_bảng_ghi_số_nhà)_(2)_119455198.png","Pagoda entrance wall painted light purple featuring a blue sign with yellow text, a vertical pillar with Chinese characters, a floral relief carving, and a potted plant in a red plastic container."
"/Users/jenfnguyen/Documents/Dev/KIS-AAI-DM-Master/data/caption_project/vietnam_architecture/Chùa_Hòa_Bình_quận_10_(cổng_chùa,_bảng_ghi_số_nhà)_(3)_119455201.png","Pagoda entrance featuring a grey wall with a blue sign reading CHÙA HÒA BÌNH, a tall pillar with vertical Chinese characters, and a small roof section covered with orange clay tiles."
"/Users/jenfnguyen/Documents/Dev/KIS-AAI-DM-Master/data/caption_project/vietnam_architecture/Chùa_Hòa_Bình_quận_10_(cổng_chùa,_bảng_ghi_số_nhà)_(4)_119455202.png","Entrance gate of a pagoda featuring a light purple wall, a small tiled roof, and a vertical pillar with dark Chinese character reliefs. A sign with yellow text on a blue background is mounted on the wall."
"/Users/jenfnguyen/Documents/Dev/KIS-AAI-DM-Master/data/caption_project/vietnam_architecture/Chùa_Hòa_Bình_quận_10_(cổng_chùa,_có_một_chữ_nho,_nhìn_xiên_trái)_(1)_119455203.png","Pagoda gate featuring a large central Chinese character, curved tiled roof sections, and tall pillars with vertical inscriptions. The structure is painted in light gray with dark accents and is surrounded by green plants."
"/Users/jenfnguyen/Documents/Dev/KIS-AAI-DM-Master/data/caption_project/vietnam_architecture/Chùa_Hòa_Bình_quận_10_(cổng_chùa,_có_một_chữ_nho,_nhìn_xiên_trái)_(2)_119455207.png","Gate of a temple featuring a light blue wall with a large black Chinese character in the center. The structure has curved tiled roofs, decorative pillars with vertical inscriptions, and potted palm plants."
"/Users/jenfnguyen/Documents/Dev/KIS-AAI-DM-Master/data/caption_project/vietnam_architecture/Chùa_Hòa_Bình_quận_10_(cổng_chùa,_công_bên_nhìn_thẳng)_(1)_119455209.png","Gate of a building featuring a curved tiled roof with a central sun motif. The structure has light grey walls, vertical pillars with Chinese characters, and a metal door decorated with lotus flower patterns."
"/Users/jenfnguyen/Documents/Dev/KIS-AAI-DM-Master/data/caption_project/vietnam_architecture/Chùa_Hòa_Bình_quận_10_(cổng_chùa,_công_bên_nhìn_thẳng)_(2)_119455210.png","Gate of a religious structure featuring a curved tiled roof with a sun motif, gray metal doors with lotus designs, and white pillars decorated with black Chinese characters."
"/Users/jenfnguyen/Documents/Dev/KIS-AAI-DM-Master/data/caption_project/vietnam_architecture/Chùa_Hòa_Bình_quận_10_(cổng_chùa,_cột_ghi_chữ_nho)_(1)_119455211.png","A light-colored wall features a vertical pillar with Chinese characters, adjacent to a metal gate decorated with a lotus motif. A curved roof edge with orange tiles is visible at the top."
"/Users/jenfnguyen/Documents/Dev/KIS-AAI-DM-Master/data/caption_project/vietnam_architecture/Chùa_Hòa_Bình_quận_10_(cổng_chùa,_cột_ghi_chữ_nho)_(2)_119455212.png","Exterior wall of a building featuring a light blue surface with grey decorative corner carvings, a vertical pillar with dark Chinese characters, and an arched metal gate adorned with a lotus flower design."
"/Users/jenfnguyen/Documents/Dev/KIS-AAI-DM-Master/data/caption_project/vietnam_architecture/Chùa_Hòa_Bình_quận_10_(cổng_chùa,_cột_trụ_chữ_nho)_119455214.png","Vertical architectural detail featuring three large, dark, raised Chinese characters mounted on a light blue rectangular panel with a light brown border, set against a plain wall surface."
"/Users/jenfnguyen/Documents/Dev/KIS-AAI-DM-Master/data/caption_project/vietnam_architecture/Chùa_Hòa_Bình_quận_10_(cổng_chùa,_cửa_sắt)_119455215.png","Arched metal gate painted light gray features vertical bars and decorative lotus flower motifs at the bottom. A red rectangular sign is attached to the gate, with a glimpse of a building interior visible behind."
"/Users/jenfnguyen/Documents/Dev/KIS-AAI-DM-Master/data/caption_project/vietnam_architecture/Chùa_Hòa_Bình_quận_10_(cổng_chùa,_họa_tiết_bông_hoa)_(1)_126997129.png","A close-up of a concrete pillar featuring a relief carving of a floral motif set within a recessed panel. The pillar is painted in muted purple and white, adjacent to a metal gate."
"/Users/jenfnguyen/Documents/Dev/KIS-AAI-DM-Master/data/caption_project/vietnam_architecture/Chùa_Hòa_Bình_quận_10_(cổng_chùa,_họa_tiết_bông_hoa)_(2)_126997128.png","Detail of a wall featuring recessed panels with light blue backgrounds. The panels contain dark, raised relief carvings of a floral arrangement and a Chinese character, set within a textured, light-colored concrete frame."
"/Users/jenfnguyen/Documents/Dev/KIS-AAI-DM-Master/data/caption_project/vietnam_architecture/Chùa_Hòa_Bình_quận_10_(cổng_chùa,_họa_tiết_bông_hoa)_(3)_126997130.png",Decorative wall panel featuring a black floral relief sculpture set within a light blue recessed frame. The surrounding wall is painted in a muted grey tone with a textured finish.
"/Users/jenfnguyen/Documents/Dev/KIS-AAI-DM-Master/data/caption_project/vietnam_architecture/Chùa_Hòa_Bình_quận_10_(cổng_chùa,_họa_tiết_bông_hoa)_(4)_126997133.png",Decorative relief panel embedded in a light-colored wall featuring a dark-colored floral motif. The sculpture depicts stylized chrysanthemum flowers and leaves set against a pale blue background within a recessed frame.
