file,similarity,status,type_conflict,type_q,type_g,cap_q,cap_g,path_q,path_g
Central_Park_(246140937)_71327325.png,0.3725,manual,False,,,"A black and white close-up of a traditional Vietnamese umbrella. The dark wooden ribs radiate from a central point, showing the texture of the material.","Close-up detail of a spiral staircase featuring dark, smooth, radiating metal or wooden steps that converge at a single point on the left side of the frame.",D:\caption_project\vietnam_architecture\Central_Park_(246140937)_71327325.png,/Users/jenfnguyen/Documents/Dev/KIS-AAI-DM-Master/data/caption_project/vietnam_architecture/Central_Park_(246140937)_71327325.png
Afternoon_on_Tú_Mỡ_Street_06-03-2026._Two_backpackers_185599262.png,0.4028,manual,False,,,"Two people stand on a paved sidewalk next to a tree with cleaning supplies, including a broom and buckets. Across the street are multi-story white colonial buildings, parked cars, and a small guard booth.","A small, square, white guard booth with a peaked roof sits on a paved sidewalk near a street. In the background, multi-story white residential buildings with balconies and dark window frames are visible.",D:\caption_project\vietnam_architecture\Afternoon_on_Tú_Mỡ_Street_06-03-2026._Two_backpackers_185599262.png,/Users/jenfnguyen/Documents/Dev/KIS-AAI-DM-Master/data/caption_project/vietnam_architecture/Afternoon_on_Tú_Mỡ_Street_06-03-2026._Two_backpackers_185599262.png
"Chùa_Huệ_Nghiêm_năm_2022_(kiến_trúc_nội_điện,_hành_lang_lầu)_(2)_127288076.png",0.4726,manual,False,pagoda/temple,,Interior corridor of a traditional Vietnamese communal house with polished terracotta tile flooring and rows of massive lacquered wooden columns supporting an intricate dark wood ceiling.,"Covered walkway featuring red painted wooden pillars and beams, a polished reddish floor, and a wooden railing. Hanging lanterns are suspended from the ceiling, and a doorway is visible on the right.","D:\caption_project\vietnam_architecture\Chùa_Huệ_Nghiêm_năm_2022_(kiến_trúc_nội_điện,_hành_lang_lầu)_(2)_127288076.png","/Users/jenfnguyen/Documents/Dev/KIS-AAI-DM-Master/data/caption_project/vietnam_architecture/Chùa_Huệ_Nghiêm_năm_2022_(kiến_trúc_nội_điện,_hành_lang_lầu)_(2)_127288076.png"
"30_phot._d'Annam_et_du_Tonkin,_par_P._Dieulefils,_Pérot,_Rigal,_don_Camille_Paris_en_1892_-_btv1b53174374v_(04_of_30)_154541286.png",0.4818,manual,False,,,"A sepia-toned historical photograph showing the Royal Palace of Hue with its traditional curved tiled roofs and wooden structures. The postcard includes handwritten text such as 'Annam', 'Hue', and 'Le palais royal.'","A black and white photograph showing a traditional gate structure with multiple tiled roofs and a solid masonry base. The building features symmetrical pavilions on either side and is situated on a flat, open ground.","D:\caption_project\vietnam_architecture\30_phot._d'Annam_et_du_Tonkin,_par_P._Dieulefils,_Pérot,_Rigal,_don_Camille_Paris_en_1892_-_btv1b53174374v_(04_of_30)_154541286.png","/Users/jenfnguyen/Documents/Dev/KIS-AAI-DM-Master/data/caption_project/vietnam_architecture/30_phot._d'Annam_et_du_Tonkin,_par_P._Dieulefils,_Pérot,_Rigal,_don_Camille_Paris_en_1892_-_btv1b53174374v_(04_of_30)_154541286.png"
Chùa_Giác_Sanh_năm_2022_(cổng_chùa)_(11)_116026101.png,0.5004,manual,False,,pagoda/temple,"A blue sign reading GIA GIAC SANH above a black metal gate with golden lotus motifs, flanked by a stone pillar and adorned with colorful flags.","Pagoda entrance featuring a black metal gate with gold lotus motifs, leading to a multi-story building with a green tiled roof. Numerous red lanterns and Buddhist flags hang across the courtyard.",D:\caption_project\vietnam_architecture\Chùa_Giác_Sanh_năm_2022_(cổng_chùa)_(11)_116026101.png,/Users/jenfnguyen/Documents/Dev/KIS-AAI-DM-Master/data/caption_project/vietnam_architecture/Chùa_Giác_Sanh_năm_2022_(cổng_chùa)_(11)_116026101.png
Annam._Sur_la_route_Mandarine._Tours_cham_au_n(ord)_de_Phan-rang_-_(photogr.)_A._S(alles)_-_btv1b531722880_(2_of_3)_161969143.png,0.5041,manual,False,pagoda/temple,,"A weathered stone ruin of a temple stands on a hill, its upper section broken and overgrown with vegetation against a dark sky.","Negative photographic image of a brick tower structure with a tiered roof, featuring vertical pilasters and arched niches on its exterior walls, surrounded by vegetation and trees in an open landscape.",D:\caption_project\vietnam_architecture\Annam._Sur_la_route_Mandarine._Tours_cham_au_n(ord)_de_Phan-rang_-_(photogr.)_A._S(alles)_-_btv1b531722880_(2_of_3)_161969143.png,/Users/jenfnguyen/Documents/Dev/KIS-AAI-DM-Master/data/caption_project/vietnam_architecture/Annam._Sur_la_route_Mandarine._Tours_cham_au_n(ord)_de_Phan-rang_-_(photogr.)_A._S(alles)_-_btv1b531722880_(2_of_3)_161969143.png
Bạch_dinh-Quạt_trần_24868174.png,0.5059,manual,False,,,A close-up of a weathered beige combination lock mounted on a textured wall. The lock features a circular dial with numbers and a small rectangular plate above it.,"Vintage beige electrical fan speed controller with a circular dial numbered one to five mounted on a textured white interior wall, featuring a small metal label near the top.",D:\caption_project\vietnam_architecture\Bạch_dinh-Quạt_trần_24868174.png,/Users/jenfnguyen/Documents/Dev/KIS-AAI-DM-Master/data/caption_project/vietnam_architecture/Bạch_dinh-Quạt_trần_24868174.png
"Chùa_Huệ_Nghiêm_năm_2022_(khu_nội_viện,_cổng_tam_quan)_(7)_127034194.png",0.5086,manual,False,pagoda/temple,pagoda/temple,A wooden communal house with a curved tiled roof and carved pillars stands next to a white wall. Green trees fill the background behind the traditional structure.,"Wooden temple entrance featuring dark brown timber pillars, carved wooden balustrades, and a curved tiled roof with an ornate dragon-shaped roof finial. Gold-painted Chinese characters are inscribed on wooden plaques and pillars.","D:\caption_project\vietnam_architecture\Chùa_Huệ_Nghiêm_năm_2022_(khu_nội_viện,_cổng_tam_quan)_(7)_127034194.png","/Users/jenfnguyen/Documents/Dev/KIS-AAI-DM-Master/data/caption_project/vietnam_architecture/Chùa_Huệ_Nghiêm_năm_2022_(khu_nội_viện,_cổng_tam_quan)_(7)_127034194.png"
2013-07-18_My_An_Onsen_Resort_ミーアン温泉_DSCF1268_107169950.png,0.5206,manual,False,,,A large white sign with green and blue text on an exterior wall lists the effects of Mỹ An Hot Mineral Water for skin and health conditions.,"A large rectangular information sign is mounted on a plain white wall next to a doorway. A round analog clock is positioned above the sign, and a small potted plant sits below.",D:\caption_project\vietnam_architecture\2013-07-18_My_An_Onsen_Resort_ミーアン温泉_DSCF1268_107169950.png,/Users/jenfnguyen/Documents/Dev/KIS-AAI-DM-Master/data/caption_project/vietnam_architecture/2013-07-18_My_An_Onsen_Resort_ミーアン温泉_DSCF1268_107169950.png
"2025-02-09_Quan_Temple,_Lao_Cai_City_(Đền_Quan_Lào_Cai)_05_160984206.png",0.5233,manual,False,pagoda/temple,pagoda/temple,"A traditional Vietnamese communal house with a curved roof, white walls, and wooden doors, flanked by stone guardian statues and colorful flags.","Gate of a temple featuring a curved tiled roof, white pillars, and dark wooden doors. Two stone elephant statues flank the entrance, and colorful flags are visible on both sides of the structure.","D:\caption_project\vietnam_architecture\2025-02-09_Quan_Temple,_Lao_Cai_City_(Đền_Quan_Lào_Cai)_05_160984206.png","/Users/jenfnguyen/Documents/Dev/KIS-AAI-DM-Master/data/caption_project/vietnam_architecture/2025-02-09_Quan_Temple,_Lao_Cai_City_(Đền_Quan_Lào_Cai)_05_160984206.png"
Annam._Sur_la_route_Mandarine._Tours_cham_au_n(ord)_de_Phan-rang_-_(photogr.)_A._S(alles)_-_btv1b531722880_(1_of_3)_161969131.png,0.526,manual,False,pagoda/temple,pagoda/temple,A stone pagoda ruin stands on a grassy hillside with mountains in the background. Vegetation grows over the top of the structure.,"Brick Cham tower with a tiered, pyramidal roof structure standing on a grassy hill. The exterior walls feature vertical pilasters and arched niches, surrounded by sparse vegetation and distant mountains under a clear sky.",D:\caption_project\vietnam_architecture\Annam._Sur_la_route_Mandarine._Tours_cham_au_n(ord)_de_Phan-rang_-_(photogr.)_A._S(alles)_-_btv1b531722880_(1_of_3)_161969131.png,/Users/jenfnguyen/Documents/Dev/KIS-AAI-DM-Master/data/caption_project/vietnam_architecture/Annam._Sur_la_route_Mandarine._Tours_cham_au_n(ord)_de_Phan-rang_-_(photogr.)_A._S(alles)_-_btv1b531722880_(1_of_3)_161969131.png
Chùa_Bảo_Đàm_năm_2022_(cổng_chùa_phía_trước_nhìn_bên)_(7)_115831992.png,0.5271,manual,False,pagoda/temple,pagoda/temple,A gray communal house gate with curved tiled roofs and intricate carvings stands behind a metal fence. Potted plants line the street in front of the entrance.,"Pagoda exterior featuring a curved tiled roof with ornate grey dragon sculptures on the ridge. The light grey facade is decorated with vertical Chinese character inscriptions and geometric patterns, partially obscured by potted plants.",D:\caption_project\vietnam_architecture\Chùa_Bảo_Đàm_năm_2022_(cổng_chùa_phía_trước_nhìn_bên)_(7)_115831992.png,/Users/jenfnguyen/Documents/Dev/KIS-AAI-DM-Master/data/caption_project/vietnam_architecture/Chùa_Bảo_Đàm_năm_2022_(cổng_chùa_phía_trước_nhìn_bên)_(7)_115831992.png
"Chùa_Bảo_Đàm,_năm_2022_(song_sắt)_(2)_115832004.png",0.5272,manual,False,,pagoda/temple,A black metal fence with yellow lettering stands before a light blue colonial building with ornate white trim and a traditional tiled roof.,"Pagoda building featuring a light blue facade with a golden relief panel and a black metal fence in the foreground. The fence displays yellow lettering reading ""NAM MÔ A DI ĐÀ PHẬT"".","D:\caption_project\vietnam_architecture\Chùa_Bảo_Đàm,_năm_2022_(song_sắt)_(2)_115832004.png","/Users/jenfnguyen/Documents/Dev/KIS-AAI-DM-Master/data/caption_project/vietnam_architecture/Chùa_Bảo_Đàm,_năm_2022_(song_sắt)_(2)_115832004.png"
"21-5-31,_inauguration_du_pavillon_d'Annam_à_l'Exposition_coloniale_(défilé_d'Annamites)_-_btv1b53245070m_161080435.png",0.5361,manual,False,,pagoda/temple,A black and white photograph shows a procession of people carrying large woven baskets on poles over their shoulders. They are walking across an open field with buildings visible in the background.,"Group of men in traditional uniforms carry ceremonial umbrellas across an open field, with a temple-like structure featuring multiple spires and curved rooflines visible in the background under a cloudy sky.","D:\caption_project\vietnam_architecture\21-5-31,_inauguration_du_pavillon_d'Annam_à_l'Exposition_coloniale_(défilé_d'Annamites)_-_btv1b53245070m_161080435.png","/Users/jenfnguyen/Documents/Dev/KIS-AAI-DM-Master/data/caption_project/vietnam_architecture/21-5-31,_inauguration_du_pavillon_d'Annam_à_l'Exposition_coloniale_(défilé_d'Annamites)_-_btv1b53245070m_161080435.png"
Cemetery_in_Huế_(39766619094)_110974816.png,0.5364,manual,False,pagoda/temple,pagoda/temple,"A Vietnamese communal house with a curved tile roof, yellow walls, red pillars, and decorative ridge ornaments, situated behind a wooden fence along a street corner.","A single-story temple with a red tile roof and yellow walls sits behind a red wooden fence. The roof ridge features colorful dragon sculptures and Chinese characters, while a blue sign stands on the sidewalk.",D:\caption_project\vietnam_architecture\Cemetery_in_Huế_(39766619094)_110974816.png,/Users/jenfnguyen/Documents/Dev/KIS-AAI-DM-Master/data/caption_project/vietnam_architecture/Cemetery_in_Huế_(39766619094)_110974816.png
"Cap_Saint-Jacques_-_Villa_du_Gouverneur_Général,_Promenade_de_la_Corniche_167607597.png",0.5366,manual,False,house,,"A vintage postcard depicts the Villa du Gouverneur Général at Cap Saint-Jacques in Cochinchine, situated on a coastal promenade overlooking the sea with vegetation and a stone wall.","Colonial building with a hipped roof and a multi-story tower situated on a hillside overlooking the sea. A stone balustrade runs along the coastal promenade, connecting to the structure and surrounding landscape.","D:\caption_project\vietnam_architecture\Cap_Saint-Jacques_-_Villa_du_Gouverneur_Général,_Promenade_de_la_Corniche_167607597.png","/Users/jenfnguyen/Documents/Dev/KIS-AAI-DM-Master/data/caption_project/vietnam_architecture/Cap_Saint-Jacques_-_Villa_du_Gouverneur_Général,_Promenade_de_la_Corniche_167607597.png"
"04052023_Ponagar_Hindu_temples_complex,_Nha_Trang_Vietnam_-_115_130722377.png",0.5398,manual,False,pagoda/temple,pagoda/temple,A weathered brick temple with a stepped pyramid roof and a carved stone relief above the entrance. Two people stand at the doorway surrounded by small trees.,Cham tower constructed from weathered orange bricks features a tiered roof and a stone doorway topped with a sculpted relief. A person in a red shirt stands inside the dark entrance.,"D:\caption_project\vietnam_architecture\04052023_Ponagar_Hindu_temples_complex,_Nha_Trang_Vietnam_-_115_130722377.png","/Users/jenfnguyen/Documents/Dev/KIS-AAI-DM-Master/data/caption_project/vietnam_architecture/04052023_Ponagar_Hindu_temples_complex,_Nha_Trang_Vietnam_-_115_130722377.png"
Chùa_Bảo_Đàm_năm_2022_(cổng_chùa_phía_trước_nhìn_bên)_(6)_115831991.png,0.5404,manual,True,house,pagoda/temple,A grey stone gate with ornate dragon roof ridges and curved eaves stands in front of a house. Potted plants line the foreground beneath overhead power lines.,Pagoda exterior featuring gray concrete walls with intricate relief carvings and curved roof corners adorned with decorative ceramic figures. Green tiled roof sections and potted plants are visible in the foreground.,D:\caption_project\vietnam_architecture\Chùa_Bảo_Đàm_năm_2022_(cổng_chùa_phía_trước_nhìn_bên)_(6)_115831991.png,/Users/jenfnguyen/Documents/Dev/KIS-AAI-DM-Master/data/caption_project/vietnam_architecture/Chùa_Bảo_Đàm_năm_2022_(cổng_chùa_phía_trước_nhìn_bên)_(6)_115831991.png
"0040423_Thap_Canh_Tien_Cham_Hindu_temple,_Binh_Dinh_Vietnam_021_132519272.png",0.5433,manual,False,,pagoda/temple,"A weathered brick tower with a stepped roof and arched doorway stands on a grassy field under a clear blue sky, approached by a paved walkway lined with trees.","Cham tower constructed from orange-brown bricks features a tiered, tapering roof with decorative carvings. A central arched entrance leads into the structure, which is situated on a grassy lawn with a brick pathway.","D:\caption_project\vietnam_architecture\0040423_Thap_Canh_Tien_Cham_Hindu_temple,_Binh_Dinh_Vietnam_021_132519272.png","/Users/jenfnguyen/Documents/Dev/KIS-AAI-DM-Master/data/caption_project/vietnam_architecture/0040423_Thap_Canh_Tien_Cham_Hindu_temple,_Binh_Dinh_Vietnam_021_132519272.png"
At_the_Saigon_Central_Post_Office_34418275.png,0.5439,manual,False,,,A woman smiles at the camera inside a hall with arched ceilings and striped beams. Other people sit on wooden benches in the background.,"Interior of a large public building featuring a high vaulted ceiling with arched supports, a portrait hanging on the back wall, and long wooden benches where people are sitting.",D:\caption_project\vietnam_architecture\At_the_Saigon_Central_Post_Office_34418275.png,/Users/jenfnguyen/Documents/Dev/KIS-AAI-DM-Master/data/caption_project/vietnam_architecture/At_the_Saigon_Central_Post_Office_34418275.png
Annam._Qui-Nhon._Tours_chams_vues_du_n(ord)-e(st)_-_(photogr.)_A._S(alles)_-_btv1b53013201r_(1_of_2)_161448469.png,0.5475,manual,False,,pagoda/temple,A weathered stone tower with carved reliefs stands amidst dense vegetation at the base of rolling hills.,Brick Cham tower featuring a tiered roof and arched niches on the exterior walls. The structure stands in a field with low vegetation and is backed by a large mountain range.,D:\caption_project\vietnam_architecture\Annam._Qui-Nhon._Tours_chams_vues_du_n(ord)-e(st)_-_(photogr.)_A._S(alles)_-_btv1b53013201r_(1_of_2)_161448469.png,/Users/jenfnguyen/Documents/Dev/KIS-AAI-DM-Master/data/caption_project/vietnam_architecture/Annam._Qui-Nhon._Tours_chams_vues_du_n(ord)-e(st)_-_(photogr.)_A._S(alles)_-_btv1b53013201r_(1_of_2)_161448469.png
"Bi_đình_tưởng_niệm_Chiến_sĩ_trận_vong_tại_Hà_Nội,_thời_Pháp_thuộc_94564378.png",0.5505,manual,False,pagoda/temple,,A traditional Vietnamese communal house with a curved tiled roof stands on a raised platform surrounded by trees and gravel paths.,"Open-sided stone pavilion with a traditional curved tiled roof supported by four pillars, sheltering a central stone stele. The structure sits on a tiered stone base in a park with trees.","D:\caption_project\vietnam_architecture\Bi_đình_tưởng_niệm_Chiến_sĩ_trận_vong_tại_Hà_Nội,_thời_Pháp_thuộc_94564378.png","/Users/jenfnguyen/Documents/Dev/KIS-AAI-DM-Master/data/caption_project/vietnam_architecture/Bi_đình_tưởng_niệm_Chiến_sĩ_trận_vong_tại_Hà_Nội,_thời_Pháp_thuộc_94564378.png"
"Bức_tường_nghĩa_địa_dài_như_dải_Gaza_ở_BHHA_xa_diệu_vợi,_ng18th12n2022_(1)_127455750.png",0.5524,manual,False,,,A long concrete wall covered in blue and grey graffiti art runs alongside a paved street under green trees.,A long concrete wall covered in colorful graffiti runs along a narrow paved street in Vietnam. A person on a motorbike is parked near a utility pole covered with paper advertisements.,"D:\caption_project\vietnam_architecture\Bức_tường_nghĩa_địa_dài_như_dải_Gaza_ở_BHHA_xa_diệu_vợi,_ng18th12n2022_(1)_127455750.png","/Users/jenfnguyen/Documents/Dev/KIS-AAI-DM-Master/data/caption_project/vietnam_architecture/Bức_tường_nghĩa_địa_dài_như_dải_Gaza_ở_BHHA_xa_diệu_vợi,_ng18th12n2022_(1)_127455750.png"
Chuakeothaibinh_3653518.png,0.5536,manual,False,pagoda/temple,pagoda/temple,A large wooden communal house with a multi-tiered curved tiled roof and decorative ridge ornaments. People stand on the porch while surrounded by trees.,"Pagoda with multiple tiers of curved roofs covered in brown clay tiles, featuring intricate wooden bracket systems and dark timber construction. People walk in the courtyard near a stone wall and palm trees.",D:\caption_project\vietnam_architecture\Chuakeothaibinh_3653518.png,/Users/jenfnguyen/Documents/Dev/KIS-AAI-DM-Master/data/caption_project/vietnam_architecture/Chuakeothaibinh_3653518.png
"30_phot._d'Annam_et_du_Tonkin,_par_P._Dieulefils,_Pérot,_Rigal,_don_Camille_Paris_en_1892_-_btv1b53174374v_(03_of_30)_154541282.png",0.5633,manual,False,,,"A sepia-toned photograph depicts a traditional gate and building behind it, with two people walking on a path. The surrounding area features trees and vegetation.",A traditional gate with tall stone pillars stands before a single-story building with a tiled roof. Two men in long robes stand on a stone courtyard in front of the structure.,"D:\caption_project\vietnam_architecture\30_phot._d'Annam_et_du_Tonkin,_par_P._Dieulefils,_Pérot,_Rigal,_don_Camille_Paris_en_1892_-_btv1b53174374v_(03_of_30)_154541282.png","/Users/jenfnguyen/Documents/Dev/KIS-AAI-DM-Master/data/caption_project/vietnam_architecture/30_phot._d'Annam_et_du_Tonkin,_par_P._Dieulefils,_Pérot,_Rigal,_don_Camille_Paris_en_1892_-_btv1b53174374v_(03_of_30)_154541282.png"
Chùa_Diệu_Pháp_(Cổng_mái)_(7)_126873647.png,0.5636,manual,False,,,"A traditional Vietnamese gate with dark wood pillars and intricate carved roof details stands over a stone path. Beyond the gate, motorbikes are parked near blue buildings surrounded by trees.","Wooden pavilion structure with dark polished pillars and intricate carved beams framing a view of a paved courtyard. A white bench sits near a tree, with motorcycles parked in the background.",D:\caption_project\vietnam_architecture\Chùa_Diệu_Pháp_(Cổng_mái)_(7)_126873647.png,/Users/jenfnguyen/Documents/Dev/KIS-AAI-DM-Master/data/caption_project/vietnam_architecture/Chùa_Diệu_Pháp_(Cổng_mái)_(7)_126873647.png
"2013-07-16_Hue_Railway_Station,North–South_Railway_(Vietnam)_DSCF9858_58443933.png",0.5655,manual,False,,,"A small open-front shop stocked with shelves of packaged snacks, canned goods, bottled drinks, and instant noodles under fluorescent lights.","A small roadside stall constructed with a metal frame and shelves displays a large variety of packaged food, snacks, and bottled drinks. Two red decorative fans are placed on the top shelf.","D:\caption_project\vietnam_architecture\2013-07-16_Hue_Railway_Station,North–South_Railway_(Vietnam)_DSCF9858_58443933.png","/Users/jenfnguyen/Documents/Dev/KIS-AAI-DM-Master/data/caption_project/vietnam_architecture/2013-07-16_Hue_Railway_Station,North–South_Railway_(Vietnam)_DSCF9858_58443933.png"
"04052023_Ponagar_Hindu_temples_complex,_Nha_Trang_Vietnam_-_5_130722385.png",0.5669,manual,False,pagoda/temple,,"The ruins of Cham towers at My Son Sanctuary feature cylindrical brick structures with arched openings, surrounded by greenery and paved pathways under a clear blue sky.","Multiple octagonal brick pillars stand in an open area, surrounded by potted plants and trees. A stone marker with an inscription sits in the foreground on a paved stone path.","D:\caption_project\vietnam_architecture\04052023_Ponagar_Hindu_temples_complex,_Nha_Trang_Vietnam_-_5_130722385.png","/Users/jenfnguyen/Documents/Dev/KIS-AAI-DM-Master/data/caption_project/vietnam_architecture/04052023_Ponagar_Hindu_temples_complex,_Nha_Trang_Vietnam_-_5_130722385.png"
"Annam._Sur_la_route_mandarine._Tour_Cham,_au_n(ord)_de_Phan-rang_-_(photogr.)_A._S(alles)_-_btv1b531724750_(1_of_3)_160603623.png",0.5724,manual,False,pagoda/temple,,"A weathered stone temple ruin overgrown with grass and small trees, featuring ornate carved pillars and a partially collapsed structure surrounded by dense vegetation.","Brick tower structure with a tiered roof and intricate carvings on the exterior walls. The building is weathered and surrounded by sparse vegetation, with trees growing from the top of the structure.","D:\caption_project\vietnam_architecture\Annam._Sur_la_route_mandarine._Tour_Cham,_au_n(ord)_de_Phan-rang_-_(photogr.)_A._S(alles)_-_btv1b531724750_(1_of_3)_160603623.png","/Users/jenfnguyen/Documents/Dev/KIS-AAI-DM-Master/data/caption_project/vietnam_architecture/Annam._Sur_la_route_mandarine._Tour_Cham,_au_n(ord)_de_Phan-rang_-_(photogr.)_A._S(alles)_-_btv1b531724750_(1_of_3)_160603623.png"
"0040323_Thap_Doi_Cham_Hindu_complex,_Quy_Nhon,_Binh_Dinh_Vietnam_119_132483207.png",0.5756,manual,False,,pagoda/temple,A tall brick tower with arched niches and a rectangular roof rises from a stone base against a clear blue sky.,"Cham tower constructed from orange bricks features a square base, tiered roof structure, and arched niches on the exterior walls. Small plants grow from the crevices of the weathered brick masonry.","D:\caption_project\vietnam_architecture\0040323_Thap_Doi_Cham_Hindu_complex,_Quy_Nhon,_Binh_Dinh_Vietnam_119_132483207.png","/Users/jenfnguyen/Documents/Dev/KIS-AAI-DM-Master/data/caption_project/vietnam_architecture/0040323_Thap_Doi_Cham_Hindu_complex,_Quy_Nhon,_Binh_Dinh_Vietnam_119_132483207.png"
Bronze_mortar_and_pestle_16090707.png,0.5786,manual,False,,,A weathered green bronze cup with a flared rim and pedestal base sits beside a long corroded metal tool on a white cloth surface.,"A weathered metal mortar and a long, cylindrical metal pestle are displayed on a plain, light-colored surface. These objects appear to be artifacts from an exhibition, showing signs of oxidation and age.",D:\caption_project\vietnam_architecture\Bronze_mortar_and_pestle_16090707.png,/Users/jenfnguyen/Documents/Dev/KIS-AAI-DM-Master/data/caption_project/vietnam_architecture/Bronze_mortar_and_pestle_16090707.png
"0040323_Thap_Banh_It_complex,_Nhon_Hoa,_Binh_Dinh_Vietnam_109_132478857.png",0.5817,manual,False,,pagoda/temple,A tall brick tower with a tiered roof structure against a blue sky. Vegetation grows on top and around the weathered red brick walls.,"Cham tower constructed from weathered orange bricks features a tiered, pyramidal roof with stone carvings. The structure stands against a clear blue sky, displaying vertical pilasters and a central arched niche.","D:\caption_project\vietnam_architecture\0040323_Thap_Banh_It_complex,_Nhon_Hoa,_Binh_Dinh_Vietnam_109_132478857.png","/Users/jenfnguyen/Documents/Dev/KIS-AAI-DM-Master/data/caption_project/vietnam_architecture/0040323_Thap_Banh_It_complex,_Nhon_Hoa,_Binh_Dinh_Vietnam_109_132478857.png"
"0040423_Thap_Canh_Tien_Cham_Hindu_temple,_Binh_Dinh_Vietnam_002_132519274.png",0.5839,manual,False,,pagoda/temple,"A tall brick tower with a tiered roof stands on a grassy hill, surrounded by green trees and shrubs under a clear blue sky.",Cham tower constructed from weathered red bricks featuring a tiered roof structure with decorative carvings. The tower stands on a grassy hill behind a metal fence with an information sign in the foreground.,"D:\caption_project\vietnam_architecture\0040423_Thap_Canh_Tien_Cham_Hindu_temple,_Binh_Dinh_Vietnam_002_132519274.png","/Users/jenfnguyen/Documents/Dev/KIS-AAI-DM-Master/data/caption_project/vietnam_architecture/0040423_Thap_Canh_Tien_Cham_Hindu_temple,_Binh_Dinh_Vietnam_002_132519274.png"
Chùa_Bảo_Đàm_năm_2022_(cổng_chùa_song_sắt)_(1)_115831994.png,0.5847,manual,False,,,Several potted green plants sit on a paved patio area in front of a white building facade with ornate black metal gates and decorative architectural elements.,A grey concrete pillar with vertical Chinese characters stands behind several potted plants. A black metal gate with a lotus design is visible on the left side of the frame.,D:\caption_project\vietnam_architecture\Chùa_Bảo_Đàm_năm_2022_(cổng_chùa_song_sắt)_(1)_115831994.png,/Users/jenfnguyen/Documents/Dev/KIS-AAI-DM-Master/data/caption_project/vietnam_architecture/Chùa_Bảo_Đàm_năm_2022_(cổng_chùa_song_sắt)_(1)_115831994.png
Annam._Qui-Nhon._Tours_chams_vues_du_N(ord)_-_(photogr.)_A._S(alles)_-_btv1b53013228q_(2_of_2)_161085325.png,0.5866,manual,False,drawing/map,pagoda/temple,"A black and white architectural drawing depicts a multi-tiered pagoda with an arched entrance, set on a grassy hill against a dark sky.",Negative image of a tall brick tower temple featuring a tiered roof with decorative niches. The structure is surrounded by vegetation and set against a backdrop of hills in an open field.,D:\caption_project\vietnam_architecture\Annam._Qui-Nhon._Tours_chams_vues_du_N(ord)_-_(photogr.)_A._S(alles)_-_btv1b53013228q_(2_of_2)_161085325.png,/Users/jenfnguyen/Documents/Dev/KIS-AAI-DM-Master/data/caption_project/vietnam_architecture/Annam._Qui-Nhon._Tours_chams_vues_du_N(ord)_-_(photogr.)_A._S(alles)_-_btv1b53013228q_(2_of_2)_161085325.png
A_Monument_to_the_Brotherhood_of_Men_-_43_Nations_Aid_South_Vietnam_(p20)_138664945.png,0.5875,manual,False,,,A printed page displays an article about a monument with a photograph of a stone pillar engraved with names from forty-three nations. The headline reads '43 NATIONS AID'.,"Tall rectangular monument pillar featuring a relief of a lotus flower at the top and a list of countries engraved on the surface, standing on a bronze tortoise base in a park setting.",D:\caption_project\vietnam_architecture\A_Monument_to_the_Brotherhood_of_Men_-_43_Nations_Aid_South_Vietnam_(p20)_138664945.png,/Users/jenfnguyen/Documents/Dev/KIS-AAI-DM-Master/data/caption_project/vietnam_architecture/A_Monument_to_the_Brotherhood_of_Men_-_43_Nations_Aid_South_Vietnam_(p20)_138664945.png
"04052023_Ponagar_Hindu_temples_complex,_Nha_Trang_Vietnam_-_170_130722357.png",0.5895,manual,False,pagoda/temple,pagoda/temple,A brick pagoda with a tall spire and an attached arched structure under a clear blue sky. A paved courtyard surrounds the temple.,Cham tower constructed from weathered orange bricks features a tall pyramidal roof and a recessed entrance with stone pillars. The structure stands on a paved courtyard surrounded by trees under a clear blue sky.,"D:\caption_project\vietnam_architecture\04052023_Ponagar_Hindu_temples_complex,_Nha_Trang_Vietnam_-_170_130722357.png","/Users/jenfnguyen/Documents/Dev/KIS-AAI-DM-Master/data/caption_project/vietnam_architecture/04052023_Ponagar_Hindu_temples_complex,_Nha_Trang_Vietnam_-_170_130722357.png"
52734_danh_thom_luong_trieu_89609787.png,0.5941,manual,False,pagoda/temple,pagoda/temple,A large pink and white gate with decorative roof ridges leads to a temple courtyard. A person wearing a conical hat rides a bicycle past the open metal gates.,"Entrance gate of a temple complex featuring two tall pillars topped with decorative finials. Behind the open metal gates, a single-story building with a tiled roof stands in a paved courtyard.",D:\caption_project\vietnam_architecture\52734_danh_thom_luong_trieu_89609787.png,/Users/jenfnguyen/Documents/Dev/KIS-AAI-DM-Master/data/caption_project/vietnam_architecture/52734_danh_thom_luong_trieu_89609787.png
Chùa_Giác_Sanh_năm_2022_(họa_tiết_bàn_thờ_Phật_trong_chánh_điện)_(5)_126961753.png,0.5944,manual,False,,,Close-up of a golden circular medallion with intricate carved floral motifs on a dark blue painted wooden surface.,"Detail of a dark surface featuring a circular relief carving of a golden dragon. The dragon is stylized with flowing, curved forms, set against a deep black background with gold-painted borders.",D:\caption_project\vietnam_architecture\Chùa_Giác_Sanh_năm_2022_(họa_tiết_bàn_thờ_Phật_trong_chánh_điện)_(5)_126961753.png,/Users/jenfnguyen/Documents/Dev/KIS-AAI-DM-Master/data/caption_project/vietnam_architecture/Chùa_Giác_Sanh_năm_2022_(họa_tiết_bàn_thờ_Phật_trong_chánh_điện)_(5)_126961753.png
"001_Cổng_làng_Văn_Trì,_Hà_Nội_137891921.png",0.5945,manual,False,,,A traditional gate with a tiled roof and stone pillars marks the entrance to Chùa Bồ Đề Thôn Ngọa Long. The pathway leads into a narrow alley lined with buildings under a bright sky.,Village gate with a weathered tiled roof and yellow stucco walls spans a narrow street. The structure features decorative finials on the pillars and a sign with Chinese characters above the passageway.,"D:\caption_project\vietnam_architecture\001_Cổng_làng_Văn_Trì,_Hà_Nội_137891921.png","/Users/jenfnguyen/Documents/Dev/KIS-AAI-DM-Master/data/caption_project/vietnam_architecture/001_Cổng_làng_Văn_Trì,_Hà_Nội_137891921.png"
"Chum_kiểng_tu_viện_Vinh_Sơn,_Quận_3_(23)_115803839.png",0.5945,manual,False,,,A large brown ceramic pot with climbing vines sits against a white and blue wall. The pot is framed by stone carvings on its sides and base.,"A large brown ceramic jar sits against a light-colored wall, framed by a textured concrete base. Thin, bare branches with small green leaves grow from the jar, positioned on a tiled sidewalk.","D:\caption_project\vietnam_architecture\Chum_kiểng_tu_viện_Vinh_Sơn,_Quận_3_(23)_115803839.png","/Users/jenfnguyen/Documents/Dev/KIS-AAI-DM-Master/data/caption_project/vietnam_architecture/Chum_kiểng_tu_viện_Vinh_Sơn,_Quận_3_(23)_115803839.png"
"Bridge,_Nam_Dinh_province,_Le_Trung_Hung_dynasty,_late_18th_century,_stone_-_National_Museum_of_Vietnamese_History_-_Han_40593798.png",0.5949,manual,True,tomb,bridge,A weathered stone tomb with a flat roof and carved animal supports stands on steps in an outdoor courtyard surrounded by greenery and white chairs.,Stone bridge with a curved arch spans a narrow water channel in a garden setting. The structure features carved stone animal statues at its base and is surrounded by white metal outdoor furniture.,"D:\caption_project\vietnam_architecture\Bridge,_Nam_Dinh_province,_Le_Trung_Hung_dynasty,_late_18th_century,_stone_-_National_Museum_of_Vietnamese_History_-_Han_40593798.png","/Users/jenfnguyen/Documents/Dev/KIS-AAI-DM-Master/data/caption_project/vietnam_architecture/Bridge,_Nam_Dinh_province,_Le_Trung_Hung_dynasty,_late_18th_century,_stone_-_National_Museum_of_Vietnamese_History_-_Han_40593798.png"
BaiDing_Cong_TamQuan_8298937.png,0.5958,manual,False,pagoda/temple,pagoda/temple,"A traditional Vietnamese communal house with a multi-tiered curved roof and ornate ridges. The structure features reddish-brown walls, dark wooden doors, and stone guardian statues flanking the wide entrance steps.","Pagoda exterior featuring a multi-tiered dark tiled roof with curved eaves, brick walls, and wooden doors. Two stone lion statues flank the wide stone staircase leading to the entrance in a courtyard.",D:\caption_project\vietnam_architecture\BaiDing_Cong_TamQuan_8298937.png,/Users/jenfnguyen/Documents/Dev/KIS-AAI-DM-Master/data/caption_project/vietnam_architecture/BaiDing_Cong_TamQuan_8298937.png
04269-Hanoi_(32007894323)_111460526.png,0.5964,manual,False,,pagoda/temple,"Two traditional Vietnamese memorial towers stand on a paved courtyard. The left tower is built of light-colored stone with decorative carvings and an arched niche, while the right tower is constructed from red brick. Both feature curved, ornate roofs.","Two square brick stupas with tiered roofs stand on a paved courtyard. The left stupa is grey with Chinese characters, while the right one is red brick, both surrounded by trees.",D:\caption_project\vietnam_architecture\04269-Hanoi_(32007894323)_111460526.png,/Users/jenfnguyen/Documents/Dev/KIS-AAI-DM-Master/data/caption_project/vietnam_architecture/04269-Hanoi_(32007894323)_111460526.png
2013-07-18_My_An_Onsen_Resort_ミーアン温泉_DSCF1170_107169919.png,0.6,manual,False,,,"Two people are at a swimming pool edge, with one person pouring water from a red bucket. Lounge chairs and green foliage are visible in the background.",A swimming pool area features tiled edges and metal lounge chairs placed on a stone patio. A blue sign with white text is visible in the background near green trees.,D:\caption_project\vietnam_architecture\2013-07-18_My_An_Onsen_Resort_ミーアン温泉_DSCF1170_107169919.png,/Users/jenfnguyen/Documents/Dev/KIS-AAI-DM-Master/data/caption_project/vietnam_architecture/2013-07-18_My_An_Onsen_Resort_ミーアン温泉_DSCF1170_107169919.png
"Chùa_Giác_Lâm,_tháng_01_năm_2022_(cổng_chùa)_(10)_115832714.png",0.6019,manual,False,,pagoda/temple,"An orange gate with a green tiled roof and golden decorative elements marks the entrance to Tổ Đình Giác Lâm. The main sign reads ""TỔ ĐÌNH GIÁC LÂM"" above the central archway, flanked by vertical signs with Vietnamese text.","Orange gate of a temple featuring a multi-tiered roof with dark green tiles and golden dragon ornaments. A dharma wheel sits at the center of the roof ridge, flanked by two flags.","D:\caption_project\vietnam_architecture\Chùa_Giác_Lâm,_tháng_01_năm_2022_(cổng_chùa)_(10)_115832714.png","/Users/jenfnguyen/Documents/Dev/KIS-AAI-DM-Master/data/caption_project/vietnam_architecture/Chùa_Giác_Lâm,_tháng_01_năm_2022_(cổng_chùa)_(10)_115832714.png"
Australian-funded_Learn_to_Swim_Program_will_save_lives._Vietnam_2009._Photo-_AusAID_(10676177076)_32167953.png,0.6037,manual,False,,,"People participate in a baptism ceremony inside a large blue temporary pool with metal supports, while a crowd watches from behind a fence and brick buildings.","A portable blue above-ground swimming pool with a metal frame is set up outdoors. The side of the pool features white banners with text and logos, while children wearing swim caps stand inside.",D:\caption_project\vietnam_architecture\Australian-funded_Learn_to_Swim_Program_will_save_lives._Vietnam_2009._Photo-_AusAID_(10676177076)_32167953.png,/Users/jenfnguyen/Documents/Dev/KIS-AAI-DM-Master/data/caption_project/vietnam_architecture/Australian-funded_Learn_to_Swim_Program_will_save_lives._Vietnam_2009._Photo-_AusAID_(10676177076)_32167953.png
Chùa_Bảo_Đàm_năm_2022_(cổng_chính_nhìn_chính_diện_phía_trước)_(4)_114398973.png,0.6051,manual,False,pagoda/temple,pagoda/temple,"The ornate exterior of a Vietnamese temple features a gray tiled roof with decorative ridges, intricate white carvings, and large vertical pillars supporting the facade.","Pagoda entrance gate featuring a curved roof with ornate ceramic decorations, grey concrete pillars with vertical Chinese script, and a black metal gate with lotus motifs, surrounded by potted plants.",D:\caption_project\vietnam_architecture\Chùa_Bảo_Đàm_năm_2022_(cổng_chính_nhìn_chính_diện_phía_trước)_(4)_114398973.png,/Users/jenfnguyen/Documents/Dev/KIS-AAI-DM-Master/data/caption_project/vietnam_architecture/Chùa_Bảo_Đàm_năm_2022_(cổng_chính_nhìn_chính_diện_phía_trước)_(4)_114398973.png
"0040423_Thap_Binh_Lam_Cham_Hindu_temple,_Phuoc_Hoa,_Binh_Dinh_Vietnam_007_132498782.png",0.6053,manual,False,,pagoda/temple,"A tall, tiered brick tower with a stepped pyramidal roof and ornate stone carvings around an arched entrance stands against a clear blue sky, surrounded by trees and dry grass behind a chain-link fence.","Cham tower constructed from orange bricks with a tiered, pyramidal roof structure. The exterior walls feature vertical pilasters and decorative stone carvings, set against a clear blue sky with surrounding trees.","D:\caption_project\vietnam_architecture\0040423_Thap_Binh_Lam_Cham_Hindu_temple,_Phuoc_Hoa,_Binh_Dinh_Vietnam_007_132498782.png","/Users/jenfnguyen/Documents/Dev/KIS-AAI-DM-Master/data/caption_project/vietnam_architecture/0040423_Thap_Binh_Lam_Cham_Hindu_temple,_Phuoc_Hoa,_Binh_Dinh_Vietnam_007_132498782.png"
"Chum_kiểng_tu_viện_Vinh_Sơn,_Quận_3_(26)_115803845.png",0.6056,manual,False,,,A large brown ceramic pot with climbing branches and green leaves sits on a stone base against a white wall with a blue lower section.,"Large brown ceramic jar used as a planter, set against a light blue wall with a dark blue base. The jar is framed by textured grey concrete molding and contains thin, leafless woody branches.","D:\caption_project\vietnam_architecture\Chum_kiểng_tu_viện_Vinh_Sơn,_Quận_3_(26)_115803845.png","/Users/jenfnguyen/Documents/Dev/KIS-AAI-DM-Master/data/caption_project/vietnam_architecture/Chum_kiểng_tu_viện_Vinh_Sơn,_Quận_3_(26)_115803845.png"
"0040423_Thap_Binh_Lam_Cham_Hindu_temple,_Phuoc_Hoa,_Binh_Dinh_Vietnam_016_132498783.png",0.6058,manual,False,,pagoda/temple,A tall brick tower with a stepped pyramidal roof and an arched entrance. Green vegetation grows from the top and middle sections of the reddish-brown brick structure under a clear blue sky.,"Cham tower constructed from weathered orange bricks features a tiered pyramidal roof and a tall, pointed arched entrance. The exterior walls display vertical pilasters and decorative brickwork under a clear blue sky.","D:\caption_project\vietnam_architecture\0040423_Thap_Binh_Lam_Cham_Hindu_temple,_Phuoc_Hoa,_Binh_Dinh_Vietnam_016_132498783.png","/Users/jenfnguyen/Documents/Dev/KIS-AAI-DM-Master/data/caption_project/vietnam_architecture/0040423_Thap_Binh_Lam_Cham_Hindu_temple,_Phuoc_Hoa,_Binh_Dinh_Vietnam_016_132498783.png"
Annam._Qui-Nhon._Tours_chams_vues_du_n(ord)-e(st)_-_(photogr.)_A._S(alles)_-_btv1b53013201r_(2_of_2)_161448477.png,0.6062,manual,True,tomb,pagoda/temple,"A black and white photograph of a multi-tiered stone tomb with arched openings, standing on a hill surrounded by dense vegetation under a dark sky.",Negative image of a brick temple tower featuring a tiered roof and arched doorways. The structure is surrounded by vegetation and set against a backdrop of rolling hills in a landscape.,D:\caption_project\vietnam_architecture\Annam._Qui-Nhon._Tours_chams_vues_du_n(ord)-e(st)_-_(photogr.)_A._S(alles)_-_btv1b53013201r_(2_of_2)_161448477.png,/Users/jenfnguyen/Documents/Dev/KIS-AAI-DM-Master/data/caption_project/vietnam_architecture/Annam._Qui-Nhon._Tours_chams_vues_du_n(ord)-e(st)_-_(photogr.)_A._S(alles)_-_btv1b53013201r_(2_of_2)_161448477.png
296Phuc_Kien_Assembly_Hall_46270878.png,0.6097,manual,False,statue,statue,A decorative fountain with a central ceramic dragon sculpture surrounded by white bird statues and lotus flowers sits within a circular pool featuring yellow wave patterns on its concrete edge.,A clover-shaped pond features a central mosaic sculpture of fish and clouds in front of a wall with a large red circle. Small white bird figures are placed among the rocks.,D:\caption_project\vietnam_architecture\296Phuc_Kien_Assembly_Hall_46270878.png,/Users/jenfnguyen/Documents/Dev/KIS-AAI-DM-Master/data/caption_project/vietnam_architecture/296Phuc_Kien_Assembly_Hall_46270878.png
"0040423_Thap_Canh_Tien_Cham_Hindu_temple,_Binh_Dinh_Vietnam_034_132519276.png",0.61,manual,False,,pagoda/temple,A brick tower with a curved roof and ornate carvings stands on a stone platform surrounded by grass under a clear blue sky.,"Cham tower constructed from reddish-brown bricks features a square base, tiered roof structure, and intricate stone carvings on the facade. The structure stands on a stone platform surrounded by grass and trees.","D:\caption_project\vietnam_architecture\0040423_Thap_Canh_Tien_Cham_Hindu_temple,_Binh_Dinh_Vietnam_034_132519276.png","/Users/jenfnguyen/Documents/Dev/KIS-AAI-DM-Master/data/caption_project/vietnam_architecture/0040423_Thap_Canh_Tien_Cham_Hindu_temple,_Binh_Dinh_Vietnam_034_132519276.png"
"0040323_Thap_Banh_It_complex,_Nhon_Hoa,_Binh_Dinh_Vietnam_214_132478881.png",0.6113,manual,False,pagoda/temple,,"A weathered brick temple stands under a blue sky, its red-brown structure showing signs of age with patches of white lichen and green vegetation growing on the roof.","Brick tower with a tiered, curved roof and vertical pilasters stands on a grassy field. The structure features weathered red brick walls with moss and small plants growing on the upper levels.","D:\caption_project\vietnam_architecture\0040323_Thap_Banh_It_complex,_Nhon_Hoa,_Binh_Dinh_Vietnam_214_132478881.png","/Users/jenfnguyen/Documents/Dev/KIS-AAI-DM-Master/data/caption_project/vietnam_architecture/0040323_Thap_Banh_It_complex,_Nhon_Hoa,_Binh_Dinh_Vietnam_214_132478881.png"
"002_Cổng_làng_Văn_Trì,_Hà_Nội_137892022.png",0.6121,manual,False,,statue,An old stone and brick gate with a traditional curved red-tiled roof stands at the entrance to a narrow alleyway where people ride motorbikes under a bright sky.,"Traditional stone gate with a tiled roof and decorative mythical creature statues on top. The structure features weathered yellow walls and a wooden panel with inscriptions, spanning a narrow street with motorbikes.","D:\caption_project\vietnam_architecture\002_Cổng_làng_Văn_Trì,_Hà_Nội_137892022.png","/Users/jenfnguyen/Documents/Dev/KIS-AAI-DM-Master/data/caption_project/vietnam_architecture/002_Cổng_làng_Văn_Trì,_Hà_Nội_137892022.png"
2023-12-10_Stupa_of_Bodhisattva_Thích_Quảng_Đức_(Bảo_tháp_Thích_Quảng_Đức)_05_142882853.png,0.6137,manual,True,pagoda/temple,tomb,A stone shrine with a multi-tiered roof stands behind yellow pillars and a gate at a street corner. A monk in brown robes stands on the paved sidewalk nearby.,"Hexagonal stone tomb structure featuring a tiered roof with decorative elements and a central relief carving. Yellow pillars with Chinese characters flank the entrance, while a person in brown robes stands praying nearby.",D:\caption_project\vietnam_architecture\2023-12-10_Stupa_of_Bodhisattva_Thích_Quảng_Đức_(Bảo_tháp_Thích_Quảng_Đức)_05_142882853.png,/Users/jenfnguyen/Documents/Dev/KIS-AAI-DM-Master/data/caption_project/vietnam_architecture/2023-12-10_Stupa_of_Bodhisattva_Thích_Quảng_Đức_(Bảo_tháp_Thích_Quảng_Đức)_05_142882853.png
Burial_Artifacts_(10076315576)_102411531.png,0.6147,manual,False,drawing/map,drawing/map,"A museum display panel featuring black line drawings of archaeological artifacts on a beige background. The illustrations depict circular objects and tools, with Chinese text labels and measurements below the diagrams.","Technical drawing on a light-colored board illustrating the distribution of relics inside a coffin. The diagram features numerous numbered circular and linear shapes, accompanied by a detailed list of items at the bottom.",D:\caption_project\vietnam_architecture\Burial_Artifacts_(10076315576)_102411531.png,/Users/jenfnguyen/Documents/Dev/KIS-AAI-DM-Master/data/caption_project/vietnam_architecture/Burial_Artifacts_(10076315576)_102411531.png
20250913_Model_of_the_sluice_site_of_Nam_Việt_in_the_Southern_Han_Mausoleums_Museum_175063658.png,0.6147,manual,False,,,"A brown architectural model of a fortification with wooden structures and walls on a flat base. A small sign reads ""Do not touch"".",Scale model of a fortified trench system featuring earthen embankments reinforced with wooden stakes and beams. The display is presented in a rectangular frame with a warning sign placed on the central wall.,D:\caption_project\vietnam_architecture\20250913_Model_of_the_sluice_site_of_Nam_Việt_in_the_Southern_Han_Mausoleums_Museum_175063658.png,/Users/jenfnguyen/Documents/Dev/KIS-AAI-DM-Master/data/caption_project/vietnam_architecture/20250913_Model_of_the_sluice_site_of_Nam_Việt_in_the_Southern_Han_Mausoleums_Museum_175063658.png
Bao_tang_Dak_Lak_11_11560926.png,0.6157,manual,False,,house,A two-story building with a brown tiled gabled roof and beige concrete base stands surrounded by green trees. Several red flags hang from the open-air upper balcony.,"Two-story house featuring a brown tiled gabled roof, wooden upper walls, and a concrete lower level. The structure includes an external staircase, a small thatched hut nearby, and several benches on the lawn.",D:\caption_project\vietnam_architecture\Bao_tang_Dak_Lak_11_11560926.png,/Users/jenfnguyen/Documents/Dev/KIS-AAI-DM-Master/data/caption_project/vietnam_architecture/Bao_tang_Dak_Lak_11_11560926.png
Across_Tú_Mỡ_Street_11-03-2026._Autumn_shadow_in_the_spring_E1_185922513.png,0.6181,manual,False,,,"A black metal gate with decorative scrollwork and a red banner stands before large trees with bare branches, while a white multi-story building is visible across the street.",A white colonial style building with multiple stories stands behind a metal fence with decorative finials. Large trees with sparse leaves are visible in the foreground and near the building.,D:\caption_project\vietnam_architecture\Across_Tú_Mỡ_Street_11-03-2026._Autumn_shadow_in_the_spring_E1_185922513.png,/Users/jenfnguyen/Documents/Dev/KIS-AAI-DM-Master/data/caption_project/vietnam_architecture/Across_Tú_Mỡ_Street_11-03-2026._Autumn_shadow_in_the_spring_E1_185922513.png
Chùa_Bảo_Đàm_năm_2022_(cổng_chùa_song_sắt)_(2)_115831995.png,0.619,manual,False,,,A white gate with an ornate gray tiled roof and a Vietnamese flag stands beside a black iron fence covered in greenery.,"Curved roof corner with detailed floral ceramic ornamentation overhangs a stone pillar topped with a small lantern. A metal fence, a Vietnamese flag, and green palm foliage are visible in the foreground.",D:\caption_project\vietnam_architecture\Chùa_Bảo_Đàm_năm_2022_(cổng_chùa_song_sắt)_(2)_115831995.png,/Users/jenfnguyen/Documents/Dev/KIS-AAI-DM-Master/data/caption_project/vietnam_architecture/Chùa_Bảo_Đàm_năm_2022_(cổng_chùa_song_sắt)_(2)_115831995.png
2024_-_Phu_Dien_Tower_(Tháp_Phú_Diên)_-_img_14_151093126.png,0.6196,manual,False,tomb,,"A small, weathered brick tomb or shrine sits on a gravel path surrounded by grass. A low wooden fence encloses it, with dense green trees in the background and a modern blue-roofed structure to the right.","A weathered brick pedestal stands in an open area, surrounded by a low metal fence. A modern blue-framed glass structure is visible to the right, with trees in the background.",D:\caption_project\vietnam_architecture\2024_-_Phu_Dien_Tower_(Tháp_Phú_Diên)_-_img_14_151093126.png,/Users/jenfnguyen/Documents/Dev/KIS-AAI-DM-Master/data/caption_project/vietnam_architecture/2024_-_Phu_Dien_Tower_(Tháp_Phú_Diên)_-_img_14_151093126.png
Chùa_Bảo_Đàm_năm_2022_(cổng_chùa_phía_trước_nhìn_bên)_(5)_115831990.png,0.6198,manual,False,house,,A white house entrance with ornate grey carvings and a tiled roof overhang is surrounded by potted green plants on a paved courtyard.,"A concrete gate structure features light gray pillars adorned with vertical Chinese character inscriptions. The roof has a curved edge with decorative carvings, while various potted plants are placed in front of the entrance.",D:\caption_project\vietnam_architecture\Chùa_Bảo_Đàm_năm_2022_(cổng_chùa_phía_trước_nhìn_bên)_(5)_115831990.png,/Users/jenfnguyen/Documents/Dev/KIS-AAI-DM-Master/data/caption_project/vietnam_architecture/Chùa_Bảo_Đàm_năm_2022_(cổng_chùa_phía_trước_nhìn_bên)_(5)_115831990.png
2024_-_Phu_Dien_Tower_(Tháp_Phú_Diên)_-_img_18_151093130.png,0.6201,manual,False,,tomb,A modern glass and white steel arched structure sits on a hillside surrounded by green pine trees.,"A modern glass and metal structure with an arched roof protects an older brick tomb. The building is situated in a wooded area, accessed by a set of brick stairs in the foreground.",D:\caption_project\vietnam_architecture\2024_-_Phu_Dien_Tower_(Tháp_Phú_Diên)_-_img_18_151093130.png,/Users/jenfnguyen/Documents/Dev/KIS-AAI-DM-Master/data/caption_project/vietnam_architecture/2024_-_Phu_Dien_Tower_(Tháp_Phú_Diên)_-_img_18_151093130.png
2023-12-10_Stupa_of_Bodhisattva_Thích_Quảng_Đức_(Bảo_tháp_Thích_Quảng_Đức)_01_142882850.png,0.6203,manual,False,pagoda/temple,pagoda/temple,"A stone shrine with a multi-tiered roof and ornate carvings stands between two yellow pillars bearing Chinese characters. A person tends to offerings near the base, surrounded by trees and urban buildings.","Octagonal stone stupa featuring a central relief sculpture, topped with a tiered roof and decorative finials. The structure is flanked by yellow pillars with Chinese characters, situated in an urban area.",D:\caption_project\vietnam_architecture\2023-12-10_Stupa_of_Bodhisattva_Thích_Quảng_Đức_(Bảo_tháp_Thích_Quảng_Đức)_01_142882850.png,/Users/jenfnguyen/Documents/Dev/KIS-AAI-DM-Master/data/caption_project/vietnam_architecture/2023-12-10_Stupa_of_Bodhisattva_Thích_Quảng_Đức_(Bảo_tháp_Thích_Quảng_Đức)_01_142882850.png
Bao_tang_Dak_Lak_6_11560873.png,0.6211,manual,False,,,A paved driveway leads to a small building with a gabled roof and white columns at the end of a tree-lined path. A flagpole stands in front of the structure within a grassy area.,"A concrete walkway leads through a garden towards a small open-air pavilion with a gabled roof. The path is lined with white planters and trees, with a flagpole standing in the center.",D:\caption_project\vietnam_architecture\Bao_tang_Dak_Lak_6_11560873.png,/Users/jenfnguyen/Documents/Dev/KIS-AAI-DM-Master/data/caption_project/vietnam_architecture/Bao_tang_Dak_Lak_6_11560873.png
Champa_Po_Nagar_Nha_Trang_3397220.png,0.6212,manual,False,,pagoda/temple,A group of weathered brick towers with stepped pyramidal roofs stands on a paved courtyard surrounded by green trees under a cloudy sky.,Cham temple complex constructed from weathered red bricks featuring tiered pyramidal towers with pointed roofs. The structures stand on a paved courtyard surrounded by green trees under a cloudy sky.,D:\caption_project\vietnam_architecture\Champa_Po_Nagar_Nha_Trang_3397220.png,/Users/jenfnguyen/Documents/Dev/KIS-AAI-DM-Master/data/caption_project/vietnam_architecture/Champa_Po_Nagar_Nha_Trang_3397220.png
2013-07-18_My_An_Onsen_Resort_ミーアン温泉_DSCF1152_107169898.png,0.6216,manual,False,,,Large thatched umbrellas provide shade over a swimming pool area with lounge chairs. A person relaxes in the turquoise water under the large umbrella.,"Swimming pool area featuring several circular thatched-roof structures supported by wooden posts. The pool has light green water, tiled edges, and wooden lounge chairs placed around the perimeter in an outdoor setting.",D:\caption_project\vietnam_architecture\2013-07-18_My_An_Onsen_Resort_ミーアン温泉_DSCF1152_107169898.png,/Users/jenfnguyen/Documents/Dev/KIS-AAI-DM-Master/data/caption_project/vietnam_architecture/2013-07-18_My_An_Onsen_Resort_ミーアン温泉_DSCF1152_107169898.png
"Chùa_Huệ_Nghiêm_năm_2022_(kiến_trúc_Khu_nội_viện,_nhà)_(19)_119470410.png",0.6221,manual,False,pagoda/temple,pagoda/temple,"A low-angle view of a temple featuring a curved tiled roof with ornate ridges, cream and brown walls, dark wooden doors, and an intricately carved stone balcony surrounded by green trees.","Pagoda exterior featuring a yellow wall with dark brown wooden beams and window frames. The structure has a tiled roof with overhanging eaves, a stone balustrade, and small green trees in the foreground.","D:\caption_project\vietnam_architecture\Chùa_Huệ_Nghiêm_năm_2022_(kiến_trúc_Khu_nội_viện,_nhà)_(19)_119470410.png","/Users/jenfnguyen/Documents/Dev/KIS-AAI-DM-Master/data/caption_project/vietnam_architecture/Chùa_Huệ_Nghiêm_năm_2022_(kiến_trúc_Khu_nội_viện,_nhà)_(19)_119470410.png"
"0040423_Thap_Binh_Lam_Cham_Hindu_temple,_Phuoc_Hoa,_Binh_Dinh_Vietnam_081_132498786.png",0.6229,manual,False,pagoda/temple,,"A weathered brick temple with stepped towers and decorative carvings, set against a blue sky with green trees nearby.","Brick tower structure featuring vertical pilasters and intricate carvings on the exterior walls. The weathered red brick surface shows signs of age, with small plants growing from the upper sections.","D:\caption_project\vietnam_architecture\0040423_Thap_Binh_Lam_Cham_Hindu_temple,_Phuoc_Hoa,_Binh_Dinh_Vietnam_081_132498786.png","/Users/jenfnguyen/Documents/Dev/KIS-AAI-DM-Master/data/caption_project/vietnam_architecture/0040423_Thap_Binh_Lam_Cham_Hindu_temple,_Phuoc_Hoa,_Binh_Dinh_Vietnam_081_132498786.png"
"Chùa_Huệ_Nghiêm_năm_2022_(kiến_trúc_nội_điện,_hành_lang_lầu)_(7)_127288083.png",0.6243,manual,False,pagoda/temple,pagoda/temple,The interior of a traditional Vietnamese communal house with polished wooden floors and walls. Thick red pillars support an ornate ceiling with exposed beams and decorative hanging lanterns.,"Covered wooden corridor of a temple featuring red painted pillars, beams, and railings. Hexagonal lanterns hang from the ceiling, and the polished floor reflects the structure, with green trees visible outside.","D:\caption_project\vietnam_architecture\Chùa_Huệ_Nghiêm_năm_2022_(kiến_trúc_nội_điện,_hành_lang_lầu)_(7)_127288083.png","/Users/jenfnguyen/Documents/Dev/KIS-AAI-DM-Master/data/caption_project/vietnam_architecture/Chùa_Huệ_Nghiêm_năm_2022_(kiến_trúc_nội_điện,_hành_lang_lầu)_(7)_127288083.png"
4.4_Hue-49_(36627171105)_64886297.png,0.6244,manual,False,,tomb,A large colonial building with a white facade and ornate dark roof ridge stands at the top of wide stone stairs. Green trees frame the structure on both sides.,"Tomb structure with a wide stone staircase leading to a central platform. The building features ornate dark roof decorations, white walls with intricate carvings, and three sets of yellow wooden doors.",D:\caption_project\vietnam_architecture\4.4_Hue-49_(36627171105)_64886297.png,/Users/jenfnguyen/Documents/Dev/KIS-AAI-DM-Master/data/caption_project/vietnam_architecture/4.4_Hue-49_(36627171105)_64886297.png
Chùa_Diệu_Pháp_(Cổng_mái)_(14)_126873650.png,0.6255,manual,False,pagoda/temple,,A traditional Vietnamese communal house with a green-tiled curved roof and dark wooden pillars stands on a paved courtyard surrounded by trees.,"Open-sided pavilion with a two-tiered green tiled roof supported by dark wooden pillars, situated in a paved courtyard with trees and benches. A vertical sign stands in front of the structure.",D:\caption_project\vietnam_architecture\Chùa_Diệu_Pháp_(Cổng_mái)_(14)_126873650.png,/Users/jenfnguyen/Documents/Dev/KIS-AAI-DM-Master/data/caption_project/vietnam_architecture/Chùa_Diệu_Pháp_(Cổng_mái)_(14)_126873650.png
"Chum_kiểng_tu_viện_Vinh_Sơn,_Quận_3_(25)_115803844.png",0.626,manual,False,,,A large brown glazed ceramic pot with a rough stone base and flanking supports sits against a white wall with a blue stripe on a patterned pavement.,"A large, brown ceramic jar is embedded into a textured, grey concrete base against a light-colored wall. The jar contains thin, bare branches and sits on a patterned tiled sidewalk.","D:\caption_project\vietnam_architecture\Chum_kiểng_tu_viện_Vinh_Sơn,_Quận_3_(25)_115803844.png","/Users/jenfnguyen/Documents/Dev/KIS-AAI-DM-Master/data/caption_project/vietnam_architecture/Chum_kiểng_tu_viện_Vinh_Sơn,_Quận_3_(25)_115803844.png"
"Chum_kiểng_tu_viện_Vinh_Sơn,_Quận_3_(1)_115803841.png",0.6261,manual,False,,,A large brown ceramic pot with a glossy glaze sits against a white wall with a blue lower section. The pot is surrounded by a rough stone border and contains several bare branches with some green leaves.,"A large brown ceramic jar sits against a light-colored wall, embedded in a textured concrete base. Thin, bare branches extend upward from the jar, set against a paved sidewalk surface.","D:\caption_project\vietnam_architecture\Chum_kiểng_tu_viện_Vinh_Sơn,_Quận_3_(1)_115803841.png","/Users/jenfnguyen/Documents/Dev/KIS-AAI-DM-Master/data/caption_project/vietnam_architecture/Chum_kiểng_tu_viện_Vinh_Sơn,_Quận_3_(1)_115803841.png"
"Bahnar_Communal_House,_Museum_of_Ethnology,_Hanoi_(4)_(24623305738)_64218404.png",0.6264,manual,True,house,pagoda/temple,"A large traditional Vietnamese stilt house with a steep thatched roof stands on wooden stilts in a park setting, surrounded by green grass and trees.","Communal house on stilts featuring a tall, steeply pitched thatched roof and wooden walls. The structure is elevated on thick wooden pillars, with a wooden staircase leading to the entrance.","D:\caption_project\vietnam_architecture\Bahnar_Communal_House,_Museum_of_Ethnology,_Hanoi_(4)_(24623305738)_64218404.png","/Users/jenfnguyen/Documents/Dev/KIS-AAI-DM-Master/data/caption_project/vietnam_architecture/Bahnar_Communal_House,_Museum_of_Ethnology,_Hanoi_(4)_(24623305738)_64218404.png"
"Ancient_Tomb_Complex_in_Phước_Vĩnh_Đông_Commune,_Cần_Giuộc,_Việt_Nam_(23)_198204679.png",0.6277,manual,False,,tomb,A weathered stone pillar with a pyramidal cap stands amidst overgrown green foliage and dry vines.,Stone post of a tomb structure featuring a square cap and a rectangular base with carved Chinese characters. The weathered gray stone is surrounded by green vegetation and dry plant debris.,"D:\caption_project\vietnam_architecture\Ancient_Tomb_Complex_in_Phước_Vĩnh_Đông_Commune,_Cần_Giuộc,_Việt_Nam_(23)_198204679.png","/Users/jenfnguyen/Documents/Dev/KIS-AAI-DM-Master/data/caption_project/vietnam_architecture/Ancient_Tomb_Complex_in_Phước_Vĩnh_Đông_Commune,_Cần_Giuộc,_Việt_Nam_(23)_198204679.png"
Chùa_Bửu_Quang_(Cổng_chùa)_(7)_116025952.png,0.6294,manual,True,house,pagoda/temple,"A multi-story yellow house with dark wooden balconies and intricate carvings, featuring a tiled roof and decorative flags strung across the front against a blue sky.","Multi-story pagoda building featuring yellow walls, dark brown wooden railings with lotus carvings, and a gate topped with a bird sculpture. Buddhist prayer flags hang above in the evening sky.",D:\caption_project\vietnam_architecture\Chùa_Bửu_Quang_(Cổng_chùa)_(7)_116025952.png,/Users/jenfnguyen/Documents/Dev/KIS-AAI-DM-Master/data/caption_project/vietnam_architecture/Chùa_Bửu_Quang_(Cổng_chùa)_(7)_116025952.png
"Cau_Dien_Bien_phu,_thap_nuoc,Phường_15,_Bình_Thạnh,_TPHCM,_Việt_Nam_-_panoramio_60297660.png",0.6295,manual,False,,,"A tall, weathered brick smokestack stands beside a street with motorbikes and colorful billboards under a cloudy sky.","Tall, cylindrical concrete chimney tower stands prominently against a cloudy sky, featuring the vertical letters S, I, G, O, N. Nearby buildings are covered with large advertising billboards displaying sunflowers and a woman.","D:\caption_project\vietnam_architecture\Cau_Dien_Bien_phu,_thap_nuoc,Phường_15,_Bình_Thạnh,_TPHCM,_Việt_Nam_-_panoramio_60297660.png","/Users/jenfnguyen/Documents/Dev/KIS-AAI-DM-Master/data/caption_project/vietnam_architecture/Cau_Dien_Bien_phu,_thap_nuoc,Phường_15,_Bình_Thạnh,_TPHCM,_Việt_Nam_-_panoramio_60297660.png"
"Album_photographique_amateur_de_l'Exposition_Universelle_de_1900_Pagode_de_Cholon,_Paris_Musées_20230901200420_136774835.png",0.6298,manual,False,pagoda/temple,pagoda/temple,A traditional communal house exterior with a curved tiled roof and ornate wooden pillars. A vertical sign with Chinese characters is visible on the right side of the building.,Traditional temple building with a tiled roof and wooden facade featuring intricate carvings and dark panels. People in colonial-era clothing stand on the stone steps in front of the entrance.,"D:\caption_project\vietnam_architecture\Album_photographique_amateur_de_l'Exposition_Universelle_de_1900_Pagode_de_Cholon,_Paris_Musées_20230901200420_136774835.png","/Users/jenfnguyen/Documents/Dev/KIS-AAI-DM-Master/data/caption_project/vietnam_architecture/Album_photographique_amateur_de_l'Exposition_Universelle_de_1900_Pagode_de_Cholon,_Paris_Musées_20230901200420_136774835.png"
"0040323_Thap_Banh_It_complex,_Nhon_Hoa,_Binh_Dinh_Vietnam_137_132478866.png",0.6302,manual,False,pagoda/temple,,"A weathered brick pagoda with stepped tiers and a terracotta roof rises against a clear blue sky. Green vegetation grows from its upper surfaces and at the base, which sits on a grassy field.","Brick tower structure featuring layered, stepped masonry walls and vertical pilasters. The weathered orange and dark brown exterior shows signs of erosion, with small patches of vegetation growing along the tiered base and roofline.","D:\caption_project\vietnam_architecture\0040323_Thap_Banh_It_complex,_Nhon_Hoa,_Binh_Dinh_Vietnam_137_132478866.png","/Users/jenfnguyen/Documents/Dev/KIS-AAI-DM-Master/data/caption_project/vietnam_architecture/0040323_Thap_Banh_It_complex,_Nhon_Hoa,_Binh_Dinh_Vietnam_137_132478866.png"
"Chùa_Hòa_Bình_quận_10_(cổng_chùa,_họa_tiết_bông_hoa)_(1)_126997129.png",0.6306,manual,False,,,"A close-up of a decorative gate post featuring a floral relief and an ornate metal handle, set against a muted wall with green foliage.","A close-up of a concrete pillar featuring a relief carving of a floral motif set within a recessed panel. The pillar is painted in muted purple and white, adjacent to a metal gate.","D:\caption_project\vietnam_architecture\Chùa_Hòa_Bình_quận_10_(cổng_chùa,_họa_tiết_bông_hoa)_(1)_126997129.png","/Users/jenfnguyen/Documents/Dev/KIS-AAI-DM-Master/data/caption_project/vietnam_architecture/Chùa_Hòa_Bình_quận_10_(cổng_chùa,_họa_tiết_bông_hoa)_(1)_126997129.png"
Cham_dancers_at_Po_Nagar_16038229.png,0.6309,manual,False,,,"Four women in traditional yellow and red patterned costumes perform a dance on a long red carpet laid over paved stone ground. They are surrounded by spectators standing before an old, weathered brick tower with carved details.","Brick tower with a tiered, square-based structure and arched entrance stands behind a group of people performing a traditional dance on a red carpet in an outdoor paved area.",D:\caption_project\vietnam_architecture\Cham_dancers_at_Po_Nagar_16038229.png,/Users/jenfnguyen/Documents/Dev/KIS-AAI-DM-Master/data/caption_project/vietnam_architecture/Cham_dancers_at_Po_Nagar_16038229.png
Bảo_tàng_hoa_24486185.png,0.6312,manual,False,,house,"The wooden exterior of the Bảo Tàng Hoa Thuyền museum building features a gabled roof, carved wooden pillars, and an arched entrance, surrounded by outdoor seating on a paved courtyard.",Wooden house with a gable roof and intricate carved wooden panels on the facade. The building features an open entrance and is situated on a paved courtyard with outdoor seating arrangements.,D:\caption_project\vietnam_architecture\Bảo_tàng_hoa_24486185.png,/Users/jenfnguyen/Documents/Dev/KIS-AAI-DM-Master/data/caption_project/vietnam_architecture/Bảo_tàng_hoa_24486185.png
Banh_It2_15672292.png,0.6313,manual,False,pagoda/temple,pagoda/temple,A red brick pagoda with a tiered roof structure and decorative towers is partially overgrown with green vegetation against a clear blue sky.,"Red brick Cham tower featuring a tiered pyramidal roof and a smaller adjacent structure with a curved roof. The masonry is weathered with vegetation growing in the crevices, surrounded by green trees.",D:\caption_project\vietnam_architecture\Banh_It2_15672292.png,/Users/jenfnguyen/Documents/Dev/KIS-AAI-DM-Master/data/caption_project/vietnam_architecture/Banh_It2_15672292.png
Chiếc_bình_hồ_lô_vàng_trong_Nghĩa_trang_Trung_Minh_ng25th9n2022_(1)_123411177.png,0.6336,manual,False,,,A close-up of a glossy orange ceramic gourd finial atop a building corner with white stone trim and red textured walls against a blue sky.,Gourd-shaped ceramic ornament in a glossy orange finish sits atop a square pillar. The pillar is constructed with dark red panels framed by light-colored stone or concrete borders against a blue sky.,D:\caption_project\vietnam_architecture\Chiếc_bình_hồ_lô_vàng_trong_Nghĩa_trang_Trung_Minh_ng25th9n2022_(1)_123411177.png,/Users/jenfnguyen/Documents/Dev/KIS-AAI-DM-Master/data/caption_project/vietnam_architecture/Chiếc_bình_hồ_lô_vàng_trong_Nghĩa_trang_Trung_Minh_ng25th9n2022_(1)_123411177.png
"Chùa_Huệ_Nghiêm_năm_2022_(kiến_trúc_nội_điện,_hành_lang_lầu)_(9)_127288085.png",0.6369,manual,False,pagoda/temple,,"The interior of a traditional Vietnamese communal house with polished orange floors, red wooden pillars and beams, carved dark wood doors, and hanging lanterns along the corridor.","Covered corridor of a wooden structure featuring red painted pillars, beams, and a polished floor. Ornate dark wood doors with carved panels line the wall, while hanging lanterns illuminate the walkway.","D:\caption_project\vietnam_architecture\Chùa_Huệ_Nghiêm_năm_2022_(kiến_trúc_nội_điện,_hành_lang_lầu)_(9)_127288085.png","/Users/jenfnguyen/Documents/Dev/KIS-AAI-DM-Master/data/caption_project/vietnam_architecture/Chùa_Huệ_Nghiêm_năm_2022_(kiến_trúc_nội_điện,_hành_lang_lầu)_(9)_127288085.png"
"Bui_Thi_Xuan_High_School,_Da_Lat_01_14100047.png",0.6376,manual,False,,,"A blue arched entrance gate with stone pillars supports a large sign reading 'TRƯỜNG TRUNG HỌC PHỔ THÔNG BÙI THỊ XUÂN'. Several colorful flags are mounted above the sign, and a yellow banner hangs on a fence to the left.","School gate structure featuring two stone pillars and a blue metal archway with white text. Colorful flags are attached to the top, and a yellow banner is visible on the left side.","D:\caption_project\vietnam_architecture\Bui_Thi_Xuan_High_School,_Da_Lat_01_14100047.png","/Users/jenfnguyen/Documents/Dev/KIS-AAI-DM-Master/data/caption_project/vietnam_architecture/Bui_Thi_Xuan_High_School,_Da_Lat_01_14100047.png"
Chùa_Giác_Sanh_năm_2022_(cổng_chùa)_(12)_116026100.png,0.6376,manual,False,pagoda/temple,pagoda/temple,"A blue sign with white text reading GIÁC SANH and DT: 028 3860 3260 is mounted above an ornate black metal gate, leading to a temple building decorated with red lanterns and flags under a clear sky.","A temple entrance features a black metal gate with a lotus design, viewed through a stone pillar. The temple building behind has a green tiled roof, yellow walls, and numerous red lanterns and colorful flags.",D:\caption_project\vietnam_architecture\Chùa_Giác_Sanh_năm_2022_(cổng_chùa)_(12)_116026100.png,/Users/jenfnguyen/Documents/Dev/KIS-AAI-DM-Master/data/caption_project/vietnam_architecture/Chùa_Giác_Sanh_năm_2022_(cổng_chùa)_(12)_116026100.png
"04052023_Ponagar_Hindu_temples_complex,_Nha_Trang_Vietnam_-_98_130722376.png",0.6378,manual,False,,pagoda/temple,"A weathered brick tower with tiered levels and decorative carvings stands under a clear blue sky, flanked by green trees and potted plants on a paved courtyard.",Cham tower constructed from weathered orange bricks featuring a stepped pyramidal roof and vertical pilasters. The structure stands on a paved courtyard with small potted plants placed at the base.,"D:\caption_project\vietnam_architecture\04052023_Ponagar_Hindu_temples_complex,_Nha_Trang_Vietnam_-_98_130722376.png","/Users/jenfnguyen/Documents/Dev/KIS-AAI-DM-Master/data/caption_project/vietnam_architecture/04052023_Ponagar_Hindu_temples_complex,_Nha_Trang_Vietnam_-_98_130722376.png"
"An_Dihn_Palace,_Hue_(48836433988)_113257219.png",0.6381,manual,False,pagoda/temple,,A covered walkway with large fluted columns and a balustrade overlooks a garden with palm trees. A traditional Vietnamese pagoda with an ornate roof stands in the background among the greenery.,Colonial style building featuring yellow fluted columns with ornate capitals and a stone balustrade. The structure overlooks a garden with palm trees and a smaller pavilion with a tiled roof.,"D:\caption_project\vietnam_architecture\An_Dihn_Palace,_Hue_(48836433988)_113257219.png","/Users/jenfnguyen/Documents/Dev/KIS-AAI-DM-Master/data/caption_project/vietnam_architecture/An_Dihn_Palace,_Hue_(48836433988)_113257219.png"
"Annam._Binh-dinh._Panorama_des_tours_cham,_en_deux_phototype_-_(photogr.)_A._S(alles)_-_btv1b53013111s_(2_of_2)_154461640.png",0.6382,manual,False,,tomb,A weathered stone tower ruin with tiered levels and carved panels stands against a dark background.,"Negative photographic image of a stone tomb structure with a curved roof and tiered base. The masonry shows signs of weathering and erosion, situated in an open, sparsely vegetated outdoor environment.","D:\caption_project\vietnam_architecture\Annam._Binh-dinh._Panorama_des_tours_cham,_en_deux_phototype_-_(photogr.)_A._S(alles)_-_btv1b53013111s_(2_of_2)_154461640.png","/Users/jenfnguyen/Documents/Dev/KIS-AAI-DM-Master/data/caption_project/vietnam_architecture/Annam._Binh-dinh._Panorama_des_tours_cham,_en_deux_phototype_-_(photogr.)_A._S(alles)_-_btv1b53013111s_(2_of_2)_154461640.png"
Chùa_Bình_An_năm_2022_(hành_lang_cửa_sổ)_(2)_116395153.png,0.6393,manual,False,pagoda/temple,,The interior of a Vietnamese communal house with dark wooden windows and shutters set into a yellow wall. A carved wooden screen is visible in the background.,"Interior corridor of a building featuring dark polished wooden windows with slatted panels and carved details. The walls are painted yellow, and the floor is covered with brown tiles under a wooden ceiling structure.",D:\caption_project\vietnam_architecture\Chùa_Bình_An_năm_2022_(hành_lang_cửa_sổ)_(2)_116395153.png,/Users/jenfnguyen/Documents/Dev/KIS-AAI-DM-Master/data/caption_project/vietnam_architecture/Chùa_Bình_An_năm_2022_(hành_lang_cửa_sổ)_(2)_116395153.png
Benhairiver2_2178086.png,0.6399,manual,False,,,"A large orange archway gate with a circular emblem on top and the text ""HỒ CHỦ TỊCH MUÔN NĂM"" above the arch. The structure has two thick pillars with stone bases, set against a cloudy sky near water.","Yellow concrete arched gate stands by a river, featuring a central emblem and text on the pediment. The base is constructed with stone masonry, and a road leads through the structure.",D:\caption_project\vietnam_architecture\Benhairiver2_2178086.png,/Users/jenfnguyen/Documents/Dev/KIS-AAI-DM-Master/data/caption_project/vietnam_architecture/Benhairiver2_2178086.png
"0040423_Thap_Phu_Loc,_Cham_Hindu_temple,_Nhon_Thanh_Vietnam_065_132544932.png",0.6412,manual,False,,pagoda/temple,A weathered brick tower stands on a grassy hill under a clear blue sky. The reddish-brown structure shows signs of age with visible damage and vegetation growing from its upper sections.,"Cham tower constructed from weathered red bricks stands on a grassy hill under a clear blue sky. The structure features tiered levels, vertical pilasters, and carved stone reliefs on its exterior walls.","D:\caption_project\vietnam_architecture\0040423_Thap_Phu_Loc,_Cham_Hindu_temple,_Nhon_Thanh_Vietnam_065_132544932.png","/Users/jenfnguyen/Documents/Dev/KIS-AAI-DM-Master/data/caption_project/vietnam_architecture/0040423_Thap_Phu_Loc,_Cham_Hindu_temple,_Nhon_Thanh_Vietnam_065_132544932.png"
Chùa_Giác_Tánh_(Cổng_chùa)_(14)_119454412.png,0.6418,manual,False,,pagoda/temple,A traditional gate with a curved tiled roof and decorative ridge ornaments displays the text 'TUỆ THỊ NGHIỆP' above an entrance flanked by stone pillars and Vietnamese flags.,"Gate of a pagoda featuring a dark sign with gold lettering, green tiled roof edges, and golden dragon ornaments. A yellow notice board stands on the right, with motorbikes parked in front.",D:\caption_project\vietnam_architecture\Chùa_Giác_Tánh_(Cổng_chùa)_(14)_119454412.png,/Users/jenfnguyen/Documents/Dev/KIS-AAI-DM-Master/data/caption_project/vietnam_architecture/Chùa_Giác_Tánh_(Cổng_chùa)_(14)_119454412.png
"Chùa_Giác_Sanh_năm_2022_(trong_chánh_điện,_sảnh)_(4)_126962096.png",0.6419,manual,False,pagoda/temple,,"The interior of a Vietnamese communal house features polished tile floors, red lanterns hanging from a coffered ceiling, and ornate carved wooden pillars and screens.","Interior of a building featuring a large open hall with tiled floors and red lanterns hanging from the ceiling. Two prominent pillars are adorned with golden dragon carvings, framing three open doorways.","D:\caption_project\vietnam_architecture\Chùa_Giác_Sanh_năm_2022_(trong_chánh_điện,_sảnh)_(4)_126962096.png","/Users/jenfnguyen/Documents/Dev/KIS-AAI-DM-Master/data/caption_project/vietnam_architecture/Chùa_Giác_Sanh_năm_2022_(trong_chánh_điện,_sảnh)_(4)_126962096.png"
"Campus,_University_of_Da_Lat_01_14098244.png",0.6437,manual,False,,,"A white sign with red text reading 'KHU NỘI TRÚ SINH VIÊN - ĐẠI HỌC ĐÀ LẠT' spans a paved entrance road flanked by stone pillars and metal gates, with colorful flags strung above against a backdrop of trees.","Entrance gate to a student dormitory featuring stone-patterned pillars and a large white sign with red text. The gate is surrounded by trees and a metal fence, with colorful flags hanging above.","D:\caption_project\vietnam_architecture\Campus,_University_of_Da_Lat_01_14098244.png","/Users/jenfnguyen/Documents/Dev/KIS-AAI-DM-Master/data/caption_project/vietnam_architecture/Campus,_University_of_Da_Lat_01_14098244.png"
Annam._Sur_la_route_Mandarine._Tours_cham_au_n(ord)_de_Phan-rang_-_(photogr.)_A._S(alles)_-_btv1b531722880_(3_of_3)_161969152.png,0.6442,manual,False,,pagoda/temple,"A handwritten inscription on aged paper reads Annam, Sur la route Mandarine, Tour Cham au N.de Phan-rang, 29 Avril 1898, and par W Molfeni.","Handwritten text on a light brown paper background provides information about a Cham tower located north of Phan-rang, dated April 29, 1898, with the name Molteni written at the bottom.",D:\caption_project\vietnam_architecture\Annam._Sur_la_route_Mandarine._Tours_cham_au_n(ord)_de_Phan-rang_-_(photogr.)_A._S(alles)_-_btv1b531722880_(3_of_3)_161969152.png,/Users/jenfnguyen/Documents/Dev/KIS-AAI-DM-Master/data/caption_project/vietnam_architecture/Annam._Sur_la_route_Mandarine._Tours_cham_au_n(ord)_de_Phan-rang_-_(photogr.)_A._S(alles)_-_btv1b531722880_(3_of_3)_161969152.png
"30_phot._d'Annam_et_du_Tonkin,_par_P._Dieulefils,_Pérot,_Rigal,_don_Camille_Paris_en_1892_-_btv1b53174374v_(09_of_30)_154541334.png",0.6445,manual,False,,bridge,"A sepia-toned historical photograph of a fortified gate leading to a tower, mounted on an album page with handwritten annotations and a circular stamp.","Stone bridge leading to a gate structure with a two-tiered roof. The structure features arched openings and a central pavilion, captured in a black and white photograph with handwritten notes on the border.","D:\caption_project\vietnam_architecture\30_phot._d'Annam_et_du_Tonkin,_par_P._Dieulefils,_Pérot,_Rigal,_don_Camille_Paris_en_1892_-_btv1b53174374v_(09_of_30)_154541334.png","/Users/jenfnguyen/Documents/Dev/KIS-AAI-DM-Master/data/caption_project/vietnam_architecture/30_phot._d'Annam_et_du_Tonkin,_par_P._Dieulefils,_Pérot,_Rigal,_don_Camille_Paris_en_1892_-_btv1b53174374v_(09_of_30)_154541334.png"
Chùa_Giác_Sanh_năm_2022_(cổng_chùa)_(23)_116026105.png,0.645,manual,False,pagoda/temple,pagoda/temple,"The entrance gate to Chùa Giác with a blue sign reading 'GIÁO HỘI PHẬT GIÁO VIỆT NAM CHÙA GIÁC'. Through the open black metal gates, the temple's ornate yellow and red buildings are visible under a bright sky.","Pagoda entrance featuring a large blue sign, decorative metal gates, and a yellow building with a green tiled roof. Buddhist prayer flags are strung across the courtyard, and an external staircase leads upward.",D:\caption_project\vietnam_architecture\Chùa_Giác_Sanh_năm_2022_(cổng_chùa)_(23)_116026105.png,/Users/jenfnguyen/Documents/Dev/KIS-AAI-DM-Master/data/caption_project/vietnam_architecture/Chùa_Giác_Sanh_năm_2022_(cổng_chùa)_(23)_116026105.png
"Chùa_Giác_Sanh_năm_2022_(trong_chánh_điện,_sảnh)_(3)_126962094.png",0.645,manual,False,pagoda/temple,pagoda/temple,"The interior of a Vietnamese communal house features high ceilings with recessed panels and red lanterns. A large wooden screen with intricate carvings spans the back wall, flanked by golden dragon pillars.","Interior of a temple featuring a large tiled floor, beige walls, and a coffered ceiling with hanging red lanterns. Two large, golden dragon-carved pillars support an ornate wooden beam across the room.","D:\caption_project\vietnam_architecture\Chùa_Giác_Sanh_năm_2022_(trong_chánh_điện,_sảnh)_(3)_126962094.png","/Users/jenfnguyen/Documents/Dev/KIS-AAI-DM-Master/data/caption_project/vietnam_architecture/Chùa_Giác_Sanh_năm_2022_(trong_chánh_điện,_sảnh)_(3)_126962094.png"
"2025-02-09_Cấm_Temple_(Đền_Cấm),_Lào_Cai_City,_Vietnam_老街禁祠_21_160983355.png",0.6451,manual,False,pagoda/temple,,A traditional Vietnamese communal house with a curved tiled roof and wooden pillars stands behind a large rock formation surrounded by trees decorated with red lanterns and colorful flags.,"A two-story wooden structure with curved tiled roofs stands in a garden setting. The area features a stone monument, red lanterns hanging from bare trees, and a low white perimeter wall.","D:\caption_project\vietnam_architecture\2025-02-09_Cấm_Temple_(Đền_Cấm),_Lào_Cai_City,_Vietnam_老街禁祠_21_160983355.png","/Users/jenfnguyen/Documents/Dev/KIS-AAI-DM-Master/data/caption_project/vietnam_architecture/2025-02-09_Cấm_Temple_(Đền_Cấm),_Lào_Cai_City,_Vietnam_老街禁祠_21_160983355.png"
Apollo_Cafe_daytime_street_view_Sunset_Town_Phu_Quoc_Vietnam_188753883.png,0.6463,manual,False,,,"A whimsical colonial building shaped like a large clock features a glass elevator shaft and a giant red bow on its facade, surrounded by flowers and pedestrians.",A modern cafe building features a cylindrical structure decorated with a large red bow and a prominent glass-walled tower. The facade incorporates metallic gear-like details and a sun-shaped logo above the entrance.,D:\caption_project\vietnam_architecture\Apollo_Cafe_daytime_street_view_Sunset_Town_Phu_Quoc_Vietnam_188753883.png,/Users/jenfnguyen/Documents/Dev/KIS-AAI-DM-Master/data/caption_project/vietnam_architecture/Apollo_Cafe_daytime_street_view_Sunset_Town_Phu_Quoc_Vietnam_188753883.png
"Chum_kiểng_tu_viện_Vinh_Sơn,_Quận_3_(45)_115803855.png",0.6466,manual,False,,,A large brown ceramic pot with climbing vines sits against a white wall with blue trim on patterned concrete tiles.,A brown ceramic jar sits on a textured concrete base against a white and blue painted wall. A thin plant with sparse green leaves grows out of the jar onto the tiled ground.,"D:\caption_project\vietnam_architecture\Chum_kiểng_tu_viện_Vinh_Sơn,_Quận_3_(45)_115803855.png","/Users/jenfnguyen/Documents/Dev/KIS-AAI-DM-Master/data/caption_project/vietnam_architecture/Chum_kiểng_tu_viện_Vinh_Sơn,_Quận_3_(45)_115803855.png"
"Bank,_Hanoi_(23183320539)_181298253.png",0.6471,manual,False,,,A large stone colonial building with a central dome and columns features red Vietnamese text along its roofline. Motorbikes and a taxi are visible on the street in front.,"Colonial-style building with a light pink stone facade, a central rotunda, and a flat roof topped with a flag. The exterior features vertical columns, decorative circular motifs, and long inscriptions along the roofline.","D:\caption_project\vietnam_architecture\Bank,_Hanoi_(23183320539)_181298253.png","/Users/jenfnguyen/Documents/Dev/KIS-AAI-DM-Master/data/caption_project/vietnam_architecture/Bank,_Hanoi_(23183320539)_181298253.png"
Annam._Sur_la_route_mandarine._Tours_chams_au_n(ord)_de_Phan-rang_-_(photogr.)_A._S(alles)_-_btv1b53172352f_(2_of_3)_162502019.png,0.6471,manual,False,,,A black and white photograph showing two people standing with a horse near ruins of structures overgrown with vegetation under a dark sky.,"Negative photographic image showing several brick towers with tiered roofs situated in a field. A person stands next to a horse in the foreground, with trees and hills visible in the background.",D:\caption_project\vietnam_architecture\Annam._Sur_la_route_mandarine._Tours_chams_au_n(ord)_de_Phan-rang_-_(photogr.)_A._S(alles)_-_btv1b53172352f_(2_of_3)_162502019.png,/Users/jenfnguyen/Documents/Dev/KIS-AAI-DM-Master/data/caption_project/vietnam_architecture/Annam._Sur_la_route_mandarine._Tours_chams_au_n(ord)_de_Phan-rang_-_(photogr.)_A._S(alles)_-_btv1b53172352f_(2_of_3)_162502019.png
13_phot._et_2_dessins_donnés_en_1983_par_Mme_Francine_Garnier_et_provenant_des_archives_de_Léon_Garnier-_portraits_de_Lé_154340143.png,0.6479,manual,False,statue,statue,"A sepia-toned photograph of a public square featuring a large statue on a pedestal. The scene includes trees, a horse-drawn carriage, and people near benches.","Bronze statue of a standing man in military uniform atop a stone pedestal located in a public park. The scene includes wooden benches, trees, and a horse-drawn carriage in the background.",D:\caption_project\vietnam_architecture\13_phot._et_2_dessins_donnés_en_1983_par_Mme_Francine_Garnier_et_provenant_des_archives_de_Léon_Garnier-_portraits_de_Lé_154340143.png,/Users/jenfnguyen/Documents/Dev/KIS-AAI-DM-Master/data/caption_project/vietnam_architecture/13_phot._et_2_dessins_donnés_en_1983_par_Mme_Francine_Garnier_et_provenant_des_archives_de_Léon_Garnier-_portraits_de_Lé_154340143.png
Annam._Sur_la_route_mandarine._Tours_chams_au_n(ord)_de_Phan-rang_-_(photogr.)_A._S(alles)_-_btv1b53172352f_(1_of_3)_160764846.png,0.6484,manual,False,pagoda/temple,pagoda/temple,A black and white photograph showing two stone temple towers with weathered facades rising above dense shrubs on a grassy plain. A person stands beside an ox-drawn cart on a dirt path in the foreground.,"Three brick temple towers stand in a field with a person leading a horse in the foreground. The structures are weathered and partially ruined, set against a backdrop of hills and sparse vegetation.",D:\caption_project\vietnam_architecture\Annam._Sur_la_route_mandarine._Tours_chams_au_n(ord)_de_Phan-rang_-_(photogr.)_A._S(alles)_-_btv1b53172352f_(1_of_3)_160764846.png,/Users/jenfnguyen/Documents/Dev/KIS-AAI-DM-Master/data/caption_project/vietnam_architecture/Annam._Sur_la_route_mandarine._Tours_chams_au_n(ord)_de_Phan-rang_-_(photogr.)_A._S(alles)_-_btv1b53172352f_(1_of_3)_160764846.png
"Chùa_Huệ_Nghiêm_năm_2022_(khu_nội_viện,_cổng_tam_quan)_(9)_127034196.png",0.6504,manual,False,,,"A traditional wooden gate with a curved tiled roof stands beneath a large banyan tree with hanging aerial roots. A prominent sign above the door reads 'Biệt Giải Thoát', and vertical calligraphy is visible on the wooden pillars.","Wooden structure with a curved tiled roof and a door featuring turned spindles. A light-colored wall stands to the right, while long hanging roots from a tree drape over the building entrance.","D:\caption_project\vietnam_architecture\Chùa_Huệ_Nghiêm_năm_2022_(khu_nội_viện,_cổng_tam_quan)_(9)_127034196.png","/Users/jenfnguyen/Documents/Dev/KIS-AAI-DM-Master/data/caption_project/vietnam_architecture/Chùa_Huệ_Nghiêm_năm_2022_(khu_nội_viện,_cổng_tam_quan)_(9)_127034196.png"
Chùa_Diên_Hựu_48713783.png,0.6505,manual,False,pagoda/temple,pagoda/temple,"A yellow pagoda with a curved roof stands behind a white wall and bare tree, next to a building with a tiled roof. Blue chairs line steps on a brick courtyard surrounded by green trees.","Temple entrance gate featuring a multi-tiered roof with curved corners, painted in yellow and white. The structure is situated in a courtyard with red tiled flooring, surrounded by trees and a low white wall.",D:\caption_project\vietnam_architecture\Chùa_Diên_Hựu_48713783.png,/Users/jenfnguyen/Documents/Dev/KIS-AAI-DM-Master/data/caption_project/vietnam_architecture/Chùa_Diên_Hựu_48713783.png
"Chum_kiểng_tu_viện_Vinh_Sơn,_Quận_3_(46)_115803856.png",0.651,manual,False,,,"A large brown ceramic pot sits against a white and blue wall, surrounded by stone. Vines with green leaves grow from the pot onto the wall above.",Large brown ceramic jar used as a planter sits against a white and blue painted wall. The jar is set within a textured concrete base on a patterned tiled ground surface.,"D:\caption_project\vietnam_architecture\Chum_kiểng_tu_viện_Vinh_Sơn,_Quận_3_(46)_115803856.png","/Users/jenfnguyen/Documents/Dev/KIS-AAI-DM-Master/data/caption_project/vietnam_architecture/Chum_kiểng_tu_viện_Vinh_Sơn,_Quận_3_(46)_115803856.png"
"Chùa_Giác_Lâm,_tháng_01_năm_2022_(cổng_chùa)_(8)_115832710.png",0.6538,manual,False,pagoda/temple,pagoda/temple,A bright orange temple gate with a curved green-tiled roof and intricate golden details stands under a blue sky filled with colorful flags. A person on a motorbike passes through the ornate metal gates.,"A pagoda gate features orange walls, green tiled roofs, and golden decorative carvings. The entrance has a large metal gate with geometric patterns, topped by a dharma wheel symbol and many colorful flags.","D:\caption_project\vietnam_architecture\Chùa_Giác_Lâm,_tháng_01_năm_2022_(cổng_chùa)_(8)_115832710.png","/Users/jenfnguyen/Documents/Dev/KIS-AAI-DM-Master/data/caption_project/vietnam_architecture/Chùa_Giác_Lâm,_tháng_01_năm_2022_(cổng_chùa)_(8)_115832710.png"
"Chùa_Hòa_Bình_quận_10_(cổng_chùa,_bảng_ghi_số_nhà)_(1)_119455197.png",0.6544,manual,False,pagoda/temple,pagoda/temple,"A concrete gate entrance to Chua Hoa Binh temple, featuring a lotus motif on the metal door and a sign with visible text 'CHUA HOA BINH'.","Pagoda gate featuring a light blue arched metal door with a lotus motif, gray pillars with Chinese characters, and a tiled roof edge. Potted plants sit on the ground in front of the wall.","D:\caption_project\vietnam_architecture\Chùa_Hòa_Bình_quận_10_(cổng_chùa,_bảng_ghi_số_nhà)_(1)_119455197.png","/Users/jenfnguyen/Documents/Dev/KIS-AAI-DM-Master/data/caption_project/vietnam_architecture/Chùa_Hòa_Bình_quận_10_(cổng_chùa,_bảng_ghi_số_nhà)_(1)_119455197.png"
"Ancient_Tomb_Complex_in_Phước_Vĩnh_Đông_Commune,_Cần_Giuộc,_Việt_Nam_(32)_198204701.png",0.6544,manual,False,,,A weathered stone finial with a hexagonal top sits atop a rectangular pedestal. Green foliage and small red flowers are visible in the background.,"Stone post cap with a square, tiered design sits atop a weathered concrete pillar. The structure is part of a low wall, surrounded by green grass and small orange and purple flowers.","D:\caption_project\vietnam_architecture\Ancient_Tomb_Complex_in_Phước_Vĩnh_Đông_Commune,_Cần_Giuộc,_Việt_Nam_(32)_198204701.png","/Users/jenfnguyen/Documents/Dev/KIS-AAI-DM-Master/data/caption_project/vietnam_architecture/Ancient_Tomb_Complex_in_Phước_Vĩnh_Đông_Commune,_Cần_Giuộc,_Việt_Nam_(32)_198204701.png"
"Chùa_Bảo_Quang,_Tân_Phú,_tháng_01_năm_2022_(cổng_chùa_nhìn_từ_bên_trong)_(3)_114342742.png",0.6545,manual,False,,,A black metal gate with vertical bars and an arched top under a dark tiled roof. A sign above reads PHAP LUAN THUONG CHUA.,"Gate of a building featuring a dark metal grill, grey stone walls, and a wooden horizontal plaque with carved text. Vertical wooden panels with carved characters are attached to the gate pillars.","D:\caption_project\vietnam_architecture\Chùa_Bảo_Quang,_Tân_Phú,_tháng_01_năm_2022_(cổng_chùa_nhìn_từ_bên_trong)_(3)_114342742.png","/Users/jenfnguyen/Documents/Dev/KIS-AAI-DM-Master/data/caption_project/vietnam_architecture/Chùa_Bảo_Quang,_Tân_Phú,_tháng_01_năm_2022_(cổng_chùa_nhìn_từ_bên_trong)_(3)_114342742.png"
"0040423_Thap_Canh_Tien_Cham_Hindu_temple,_Binh_Dinh_Vietnam_010_132519273.png",0.6547,manual,False,,pagoda/temple,A weathered brick tower with a pointed roof stands on a grassy field under a blue sky. The structure has an arched doorway and is surrounded by trees in the distance.,Cham tower constructed from orange-brown bricks features a multi-tiered roof with pointed decorative elements. The structure stands on a stone base within a grassy field surrounded by trees under a clear sky.,"D:\caption_project\vietnam_architecture\0040423_Thap_Canh_Tien_Cham_Hindu_temple,_Binh_Dinh_Vietnam_010_132519273.png","/Users/jenfnguyen/Documents/Dev/KIS-AAI-DM-Master/data/caption_project/vietnam_architecture/0040423_Thap_Canh_Tien_Cham_Hindu_temple,_Binh_Dinh_Vietnam_010_132519273.png"
"Chùa_Huê_Nghiêm_ở_Thủ_Đức,_tháng_12_năm_2021_(Cổng_chính)_(1)_113328236.png",0.6552,manual,False,pagoda/temple,pagoda/temple,"An ornate entrance gate to a Vietnamese Buddhist temple, featuring golden decorative elements and intricate metalwork on white doors. A sign above reads ""CHÙA HUẾ NGHIÊM"".","Pagoda gate featuring a tiled roof with golden ornaments, stone pillars with gold-painted Chinese characters, and a white metal gate. A building is visible through the gate entrance in the background.","D:\caption_project\vietnam_architecture\Chùa_Huê_Nghiêm_ở_Thủ_Đức,_tháng_12_năm_2021_(Cổng_chính)_(1)_113328236.png","/Users/jenfnguyen/Documents/Dev/KIS-AAI-DM-Master/data/caption_project/vietnam_architecture/Chùa_Huê_Nghiêm_ở_Thủ_Đức,_tháng_12_năm_2021_(Cổng_chính)_(1)_113328236.png"
Bộ_tư_lệnh_Hải_quân_94043343.png,0.6556,manual,False,,,"A peach-colored entrance gate with a central arched doorway and flanking arches topped by white balustrades, set beneath large leafy trees.","Colonial building entrance featuring a yellow facade with a series of arched openings and a central gate. A red sign with yellow text is mounted above the main archway, surrounded by large trees.",D:\caption_project\vietnam_architecture\Bộ_tư_lệnh_Hải_quân_94043343.png,/Users/jenfnguyen/Documents/Dev/KIS-AAI-DM-Master/data/caption_project/vietnam_architecture/Bộ_tư_lệnh_Hải_quân_94043343.png
"0040423_Thap_Binh_Lam_Cham_Hindu_temple,_Phuoc_Hoa,_Binh_Dinh_Vietnam_116_132498793.png",0.6561,manual,False,,,"A close-up of a stone archway with vertical brick ribs and terracotta-colored mortar, set against a blue sky.","Pointed arch gateway constructed from stacked brown bricks, featuring a stepped corbelled design. The structure is made of weathered masonry with visible texture and some vegetation growing on the top edge.","D:\caption_project\vietnam_architecture\0040423_Thap_Binh_Lam_Cham_Hindu_temple,_Phuoc_Hoa,_Binh_Dinh_Vietnam_116_132498793.png","/Users/jenfnguyen/Documents/Dev/KIS-AAI-DM-Master/data/caption_project/vietnam_architecture/0040423_Thap_Binh_Lam_Cham_Hindu_temple,_Phuoc_Hoa,_Binh_Dinh_Vietnam_116_132498793.png"
"Chùa_Giác_Hải_ở_Bình_Tân,_tháng_12_năm_2021_(cổng_vào)_(2)_113532582.png",0.6573,manual,False,pagoda/temple,pagoda/temple,"A yellow and red temple gate with traditional curved rooflines stands at the entrance to a paved courtyard, surrounded by green trees under an overcast sky.","Yellow pagoda gate with three arched entrances, featuring red metal gates, Chinese characters, and a swastika symbol on the central roof section. The structure is set against green trees and a paved courtyard.","D:\caption_project\vietnam_architecture\Chùa_Giác_Hải_ở_Bình_Tân,_tháng_12_năm_2021_(cổng_vào)_(2)_113532582.png","/Users/jenfnguyen/Documents/Dev/KIS-AAI-DM-Master/data/caption_project/vietnam_architecture/Chùa_Giác_Hải_ở_Bình_Tân,_tháng_12_năm_2021_(cổng_vào)_(2)_113532582.png"
Canh_11_1655909.png,0.6574,manual,False,pagoda/temple,,Interior of a communal house with white walls and concrete pillars. Wooden tables and chairs are arranged on the floor. Red and gold vertical banners hang from the ceiling between arches.,"Interior of a building featuring white arched walls, concrete pillars, and wooden furniture. Ornate vertical wooden panels with carved Chinese characters are mounted on the pillars, alongside rectangular plaques with text.",D:\caption_project\vietnam_architecture\Canh_11_1655909.png,/Users/jenfnguyen/Documents/Dev/KIS-AAI-DM-Master/data/caption_project/vietnam_architecture/Canh_11_1655909.png
Across_Trung_Kính_Hạ_Patron_Temple_11-03-2026_E02_185922490.png,0.6584,manual,False,pagoda/temple,pagoda/temple,"A grey and white temple gate with curved tiled roofs, arched doorways, and ornate carvings stands behind a metal fence. A red banner with yellow text hangs on the left side of the entrance structure.","Pagoda entrance gate featuring light purple walls, two tiered towers with curved orange tiled roofs, and ornate golden metal doors. The structure is enclosed by a low concrete fence and surrounded by trees.",D:\caption_project\vietnam_architecture\Across_Trung_Kính_Hạ_Patron_Temple_11-03-2026_E02_185922490.png,/Users/jenfnguyen/Documents/Dev/KIS-AAI-DM-Master/data/caption_project/vietnam_architecture/Across_Trung_Kính_Hạ_Patron_Temple_11-03-2026_E02_185922490.png
2024_-_Phu_Dien_Tower_(Tháp_Phú_Diên)_-_img_22_151093134.png,0.6588,manual,False,,,A coastal landscape with tall pine trees framing a sandy beach and calm sea under an overcast sky.,"Sandy ground with sparse grass and pine trees leads to a beach and the ocean. A small sign stands near the shoreline, with no buildings or architectural structures visible in the scene.",D:\caption_project\vietnam_architecture\2024_-_Phu_Dien_Tower_(Tháp_Phú_Diên)_-_img_22_151093134.png,/Users/jenfnguyen/Documents/Dev/KIS-AAI-DM-Master/data/caption_project/vietnam_architecture/2024_-_Phu_Dien_Tower_(Tháp_Phú_Diên)_-_img_22_151093134.png
Ba_Dinh_Hall_1462359227_71b04ee08a_10459217.png,0.6588,manual,False,,,A large white colonial-style building with red accents and tall columns stands behind a wide green lawn. A Vietnamese flag flies above a long red banner with yellow text reading DANG CONG SAN VIET NAM QUANG VINH MUON NAM!,"Large rectangular government building with a flat roof, white walls, and dark red recessed sections featuring vertical pillars and grid patterns. A red flag flies above the structure, which is fronted by a lawn.",D:\caption_project\vietnam_architecture\Ba_Dinh_Hall_1462359227_71b04ee08a_10459217.png,/Users/jenfnguyen/Documents/Dev/KIS-AAI-DM-Master/data/caption_project/vietnam_architecture/Ba_Dinh_Hall_1462359227_71b04ee08a_10459217.png
"AAVH_AP0801_Sogny_Marien_–_Hué,_1923_–_La_gare_de_Hué,_point_de_départ_des_Huéens_vers_les_champs_de_bataille_européens._107721585.png",0.6591,manual,False,house,,A colonial-style shophouse with a central clock tower and arched ground-floor openings stands on a street corner where uniformed guards stand watch near vintage automobiles.,Colonial building with a central clock on the pediment and a long covered walkway supported by metal brackets. People in white uniforms and vintage cars are positioned in front of the structure.,"D:\caption_project\vietnam_architecture\AAVH_AP0801_Sogny_Marien_–_Hué,_1923_–_La_gare_de_Hué,_point_de_départ_des_Huéens_vers_les_champs_de_bataille_européens._107721585.png","/Users/jenfnguyen/Documents/Dev/KIS-AAI-DM-Master/data/caption_project/vietnam_architecture/AAVH_AP0801_Sogny_Marien_–_Hué,_1923_–_La_gare_de_Hué,_point_de_départ_des_Huéens_vers_les_champs_de_bataille_européens._107721585.png"
Chùa_Di_Lặc_2022_(nhà_chánh_điện)_(3)_116591577.png,0.6596,manual,False,pagoda/temple,pagoda/temple,A traditional Vietnamese communal house with a curved red-tiled roof and dark wooden pillars. The foreground features golden lotus sculptures and carved dragon details against cream-colored walls.,"Pagoda exterior featuring a curved tiled roof with dragon ornaments on the ridge. The structure has dark red wooden pillars and beige walls, with a golden lotus-shaped incense burner in the foreground.",D:\caption_project\vietnam_architecture\Chùa_Di_Lặc_2022_(nhà_chánh_điện)_(3)_116591577.png,/Users/jenfnguyen/Documents/Dev/KIS-AAI-DM-Master/data/caption_project/vietnam_architecture/Chùa_Di_Lặc_2022_(nhà_chánh_điện)_(3)_116591577.png
Chùa_Diệu_Pháp_(mái_trần_trong_Chánh_điện)_(2)_127033122.png,0.6597,manual,False,pagoda/temple,pagoda/temple,"Interior of a wooden communal house with an ornate red lacquered ceiling featuring a central medallion and recessed lighting, supported by large pillars, overlooking a hall with a polished floor.","Interior of a temple featuring extensive polished wood paneling on the walls and ceiling. A large, dark wooden altar with a statue sits at the back, illuminated by recessed lighting in the ceiling.",D:\caption_project\vietnam_architecture\Chùa_Diệu_Pháp_(mái_trần_trong_Chánh_điện)_(2)_127033122.png,/Users/jenfnguyen/Documents/Dev/KIS-AAI-DM-Master/data/caption_project/vietnam_architecture/Chùa_Diệu_Pháp_(mái_trần_trong_Chánh_điện)_(2)_127033122.png
Anh-dep-nghia-trang-thien-duc-01290416_48440195.png,0.6602,manual,False,,,A concrete entrance sign reading THIÊN ĐỨC VĨNH HẠNH VIÊN stands beside a paved road lined with palm trees and cacti under a blue sky.,"Large light-colored stone slab featuring dark lettering stands beside a paved road lined with palm trees. The surrounding landscape includes green grass, various shrubs, and trees under a clear sky.",D:\caption_project\vietnam_architecture\Anh-dep-nghia-trang-thien-duc-01290416_48440195.png,/Users/jenfnguyen/Documents/Dev/KIS-AAI-DM-Master/data/caption_project/vietnam_architecture/Anh-dep-nghia-trang-thien-duc-01290416_48440195.png
Buon_Ma_Thuot_3004527.png,0.6605,manual,False,statue,statue,"A public square features a tall monument with dark statues atop a stone pillar, surrounded by a circular fountain and paved walkways where people walk and motorbikes drive. In the background stands a large modern building with a reddish-brown roof.","A roundabout features a tall concrete monument topped with a bronze sculpture and a tank positioned beneath a curved arch, surrounded by a fountain and a large multi-story building in the background.",D:\caption_project\vietnam_architecture\Buon_Ma_Thuot_3004527.png,/Users/jenfnguyen/Documents/Dev/KIS-AAI-DM-Master/data/caption_project/vietnam_architecture/Buon_Ma_Thuot_3004527.png
"Chùa_Huệ_Nghiêm_năm_2022_(khu_nội_viện,_cổng_tam_quan)_(4)_127034191.png",0.6606,manual,False,,,"A wooden gate with a curved, tiled roof stands beside dense green trees and hanging vines. A sign with Vietnamese characters is visible on the gate.","Traditional wooden structure with curved tiled roofs and red decorative eaves, featuring a dark wooden plaque with gold Chinese characters, situated next to a large tree with hanging aerial roots.","D:\caption_project\vietnam_architecture\Chùa_Huệ_Nghiêm_năm_2022_(khu_nội_viện,_cổng_tam_quan)_(4)_127034191.png","/Users/jenfnguyen/Documents/Dev/KIS-AAI-DM-Master/data/caption_project/vietnam_architecture/Chùa_Huệ_Nghiêm_năm_2022_(khu_nội_viện,_cổng_tam_quan)_(4)_127034191.png"
04499-Hanoi_(32139779823)_111460292.png,0.661,manual,False,pagoda/temple,,"A traditional Vietnamese temple with a curved tile roof stands by water, surrounded by greenery. Two flags fly on tall poles nearby.","Small pavilion with a tiled hip roof and curved eaves sits on a stone platform by the water. Two tall flagpoles stand in front, surrounded by trees and urban buildings in the background.",D:\caption_project\vietnam_architecture\04499-Hanoi_(32139779823)_111460292.png,/Users/jenfnguyen/Documents/Dev/KIS-AAI-DM-Master/data/caption_project/vietnam_architecture/04499-Hanoi_(32139779823)_111460292.png
"Buddhist_temple,_Hanoi_(32423639148)_105755540.png",0.6643,manual,False,pagoda/temple,pagoda/temple,"A traditional Vietnamese communal house with a dark tiled roof and wooden structure is seen from a distance. White flowers and potted plants decorate the stone staircase leading to the entrance, surrounded by green trees.","A small wooden pagoda structure with a curved tiled roof stands on a stone platform, accessed by a set of stone stairs. The surrounding area features potted plants, trees, and Buddhist flags.","D:\caption_project\vietnam_architecture\Buddhist_temple,_Hanoi_(32423639148)_105755540.png","/Users/jenfnguyen/Documents/Dev/KIS-AAI-DM-Master/data/caption_project/vietnam_architecture/Buddhist_temple,_Hanoi_(32423639148)_105755540.png"
"Ancient_Tomb_Complex_in_Phước_Vĩnh_Đông_Commune,_Cần_Giuộc,_Việt_Nam_(6)_198204643.png",0.6646,manual,False,,,"Close-up of a weathered stone architectural detail featuring an intricately carved dragon motif along its upper edge. Green leafy plants grow around the base and alongside the rough, textured grey stone surface.",Stone stele featuring a carved relief of clouds at the top and vertical columns of Chinese characters engraved in the center. The weathered grey surface is surrounded by bright green foliage.,"D:\caption_project\vietnam_architecture\Ancient_Tomb_Complex_in_Phước_Vĩnh_Đông_Commune,_Cần_Giuộc,_Việt_Nam_(6)_198204643.png","/Users/jenfnguyen/Documents/Dev/KIS-AAI-DM-Master/data/caption_project/vietnam_architecture/Ancient_Tomb_Complex_in_Phước_Vĩnh_Đông_Commune,_Cần_Giuộc,_Việt_Nam_(6)_198204643.png"
"Chùa_Huệ_Nghiêm_năm_2022_(khu_nội_viện,_cổng_tam_quan)_(24)_127034221.png",0.6649,manual,False,,pagoda/temple,"A traditional Vietnamese gate with a curved red-tiled roof and dark wooden pillars. A large central sign displays golden Chinese characters, while stacks of cardboard boxes sit on the paved ground in front.","Wooden temple gate features a multi-tiered roof with curved eaves and orange tiles. The structure is supported by dark brown pillars, with stacks of cardboard boxes placed in front of the central entrance.","D:\caption_project\vietnam_architecture\Chùa_Huệ_Nghiêm_năm_2022_(khu_nội_viện,_cổng_tam_quan)_(24)_127034221.png","/Users/jenfnguyen/Documents/Dev/KIS-AAI-DM-Master/data/caption_project/vietnam_architecture/Chùa_Huệ_Nghiêm_năm_2022_(khu_nội_viện,_cổng_tam_quan)_(24)_127034221.png"
"Ancient_Tomb_Complex_in_Phước_Vĩnh_Đông_Commune,_Cần_Giuộc,_Việt_Nam_(14)_198204662.png",0.6666,manual,False,tomb,,"Close-up of a weathered stone grave marker with a pyramidal cap and square base, surrounded by green foliage and dried plants.","A stone post with a square, tiered cap stands in an outdoor setting. The dark, weathered stone surface features faint, illegible carvings, surrounded by green plants and dry foliage.","D:\caption_project\vietnam_architecture\Ancient_Tomb_Complex_in_Phước_Vĩnh_Đông_Commune,_Cần_Giuộc,_Việt_Nam_(14)_198204662.png","/Users/jenfnguyen/Documents/Dev/KIS-AAI-DM-Master/data/caption_project/vietnam_architecture/Ancient_Tomb_Complex_in_Phước_Vĩnh_Đông_Commune,_Cần_Giuộc,_Việt_Nam_(14)_198204662.png"
Chùa_Bửu_Quang_(Cổng_chùa)_(4)_116025948.png,0.6678,manual,False,pagoda/temple,pagoda/temple,The ornate gate of Chua Bau Quang pagoda features intricate golden carvings and a prominent sign displaying its name above metal gates with decorative patterns.,"Pagoda entrance gate at night featuring a brown metal fence, a large illuminated sign with gold lettering, and decorative wooden carvings above the gate. Potted plants are positioned in the foreground.",D:\caption_project\vietnam_architecture\Chùa_Bửu_Quang_(Cổng_chùa)_(4)_116025948.png,/Users/jenfnguyen/Documents/Dev/KIS-AAI-DM-Master/data/caption_project/vietnam_architecture/Chùa_Bửu_Quang_(Cổng_chùa)_(4)_116025948.png
"Chùa_Bửu_Đà,_Q10_(cổng_chùa,_trong_sân)_119432073.png",0.6682,manual,False,,,"A black metal gate leads into a courtyard with traditional Vietnamese-style roofs and ornate white decorations on stone pillars. A red sign stands in front of the gate, next to a parked scooter and potted plants.",A metal gate with two stone pillars topped by small decorative roof structures stands at the entrance of a narrow alley. A red sign on a stand sits in the foreground on a concrete surface.,"D:\caption_project\vietnam_architecture\Chùa_Bửu_Đà,_Q10_(cổng_chùa,_trong_sân)_119432073.png","/Users/jenfnguyen/Documents/Dev/KIS-AAI-DM-Master/data/caption_project/vietnam_architecture/Chùa_Bửu_Đà,_Q10_(cổng_chùa,_trong_sân)_119432073.png"
2024_-_Phu_Dien_Tower_(Tháp_Phú_Diên)_-_img_08_151093118.png,0.6685,manual,False,pagoda/temple,pagoda/temple,"The stone ruins of a Cham tower are preserved inside a modern metal and glass shelter with a blue translucent roof, viewed through the enclosure's window panels.",Brick temple structure with weathered walls and carved details enclosed within a modern metal frame building featuring blue tinted glass panels and an arched roof section.,D:\caption_project\vietnam_architecture\2024_-_Phu_Dien_Tower_(Tháp_Phú_Diên)_-_img_08_151093118.png,/Users/jenfnguyen/Documents/Dev/KIS-AAI-DM-Master/data/caption_project/vietnam_architecture/2024_-_Phu_Dien_Tower_(Tháp_Phú_Diên)_-_img_08_151093118.png
Chùa_Giác_Tánh_(Cổng_chùa)_(2)_119454407.png,0.6686,manual,False,,pagoda/temple,A yellow sign with red Vietnamese text reading 'NGUYỆN TẤT CẢ THIỆN' hangs above a street entrance next to a building with green tiled roof edges and a large yellow pillar.,"Entrance gate of a pagoda featuring a yellow pillar and a tiled roof with green accents. A yellow sign with red text hangs above the gate, while motorbikes are parked on the adjacent street.",D:\caption_project\vietnam_architecture\Chùa_Giác_Tánh_(Cổng_chùa)_(2)_119454407.png,/Users/jenfnguyen/Documents/Dev/KIS-AAI-DM-Master/data/caption_project/vietnam_architecture/Chùa_Giác_Tánh_(Cổng_chùa)_(2)_119454407.png
"Chùa_Huệ_Nghiêm_năm_2022_(khu_nội_viện,_cổng_tam_quan)_(6)_127034193.png",0.6692,manual,False,pagoda/temple,pagoda/temple,"A traditional wooden pagoda with a tiled roof and curved eaves, surrounded by green trees. The structure features dark wood pillars, lattice windows, and vertical inscriptions on the facade.","Wooden gate of a temple featuring dark brown timber construction, curved tile roofs with upturned eaves, and horizontal wooden plaques with gold Chinese characters. Vertical wooden balusters are integrated into the gate structure.","D:\caption_project\vietnam_architecture\Chùa_Huệ_Nghiêm_năm_2022_(khu_nội_viện,_cổng_tam_quan)_(6)_127034193.png","/Users/jenfnguyen/Documents/Dev/KIS-AAI-DM-Master/data/caption_project/vietnam_architecture/Chùa_Huệ_Nghiêm_năm_2022_(khu_nội_viện,_cổng_tam_quan)_(6)_127034193.png"
Chùa_Diệu_Pháp_(Cổng_mái)_(2)_126873643.png,0.6693,manual,False,,,A traditional Vietnamese gate with a curved tiled roof and red wooden pillars supports a sign reading 'QUÁN CAFE TÂM LINH'. The paved path leads through the structure into a garden area.,"Traditional wooden gate with a curved, green-tiled roof and carved pillars stands at the entrance of a stone-paved path. Red lanterns hang along the walkway, surrounded by trees and greenery.",D:\caption_project\vietnam_architecture\Chùa_Diệu_Pháp_(Cổng_mái)_(2)_126873643.png,/Users/jenfnguyen/Documents/Dev/KIS-AAI-DM-Master/data/caption_project/vietnam_architecture/Chùa_Diệu_Pháp_(Cổng_mái)_(2)_126873643.png
Bia_Thien_Y_A_Na_92998850.png,0.6698,manual,False,,,A tall stone monument engraved with Vietnamese text and red lettering reading 'BÀ THIÊN VÂN' stands outdoors on a paved area surrounded by trees.,Stone stele featuring a rectangular shape with carved dragon motifs along the vertical borders and a decorative top. The surface is inscribed with red Vietnamese text detailing historical information.,D:\caption_project\vietnam_architecture\Bia_Thien_Y_A_Na_92998850.png,/Users/jenfnguyen/Documents/Dev/KIS-AAI-DM-Master/data/caption_project/vietnam_architecture/Bia_Thien_Y_A_Na_92998850.png
"Chùa_Diệu_Pháp_(Cổng_mái,_dòng_chữ_Cầu_cái_Tâm_không_cầu)_(2)_126873660.png",0.6699,manual,False,,,A traditional Vietnamese gate with carved wooden pillars and green tiled roof leads to a stone-paved courtyard lined with plants and lanterns under large trees.,"Wooden gate with a multi-tiered green tiled roof and intricate carvings on the crossbeams. The structure features dark red pillars and a central horizontal plaque with an inscription, leading to a stone path.","D:\caption_project\vietnam_architecture\Chùa_Diệu_Pháp_(Cổng_mái,_dòng_chữ_Cầu_cái_Tâm_không_cầu)_(2)_126873660.png","/Users/jenfnguyen/Documents/Dev/KIS-AAI-DM-Master/data/caption_project/vietnam_architecture/Chùa_Diệu_Pháp_(Cổng_mái,_dòng_chữ_Cầu_cái_Tâm_không_cầu)_(2)_126873660.png"
Autumn_shadow_at_Trung_Kính_Hạ_Playground_06-03-2026_E09_185600287.png,0.6706,manual,False,,,"A paved park area with scattered fallen leaves, large trees, and bamboo plants on the left, alongside a metal gate and a white building on the right.",A metal gate stands open at the entrance of a paved courtyard area featuring several trees with brown and green leaves. A multi-story building with white walls is visible in the background.,D:\caption_project\vietnam_architecture\Autumn_shadow_at_Trung_Kính_Hạ_Playground_06-03-2026_E09_185600287.png,/Users/jenfnguyen/Documents/Dev/KIS-AAI-DM-Master/data/caption_project/vietnam_architecture/Autumn_shadow_at_Trung_Kính_Hạ_Playground_06-03-2026_E09_185600287.png
Chua_Mot_Cot-hanoi-Vietnam2011_-_panoramio_53791290.png,0.6706,manual,True,house,pagoda/temple,A dark wood stilt house with a curved tiled roof sits on concrete pillars and is accessed by stone stairs. Colorful hanging lanterns decorate the porch of the structure surrounded by green trees.,"Small wooden pagoda with a curved tiled roof stands on a single pillar. A stone staircase with railings leads to the elevated structure, surrounded by green trees in a garden setting.",D:\caption_project\vietnam_architecture\Chua_Mot_Cot-hanoi-Vietnam2011_-_panoramio_53791290.png,/Users/jenfnguyen/Documents/Dev/KIS-AAI-DM-Master/data/caption_project/vietnam_architecture/Chua_Mot_Cot-hanoi-Vietnam2011_-_panoramio_53791290.png
"Ancient_Tomb_Complex_in_Phước_Vĩnh_Đông_Commune,_Cần_Giuộc,_Việt_Nam_(29)_198204689.png",0.6718,manual,False,,,A weathered grey stone tombstone with faint carved characters stands upright among overgrown green grass and dried brown weeds.,Stone stele with carved decorative patterns at the top stands upright among overgrown green and dried vegetation. The rectangular grey stone surface shows signs of weathering and texture.,"D:\caption_project\vietnam_architecture\Ancient_Tomb_Complex_in_Phước_Vĩnh_Đông_Commune,_Cần_Giuộc,_Việt_Nam_(29)_198204689.png","/Users/jenfnguyen/Documents/Dev/KIS-AAI-DM-Master/data/caption_project/vietnam_architecture/Ancient_Tomb_Complex_in_Phước_Vĩnh_Đông_Commune,_Cần_Giuộc,_Việt_Nam_(29)_198204689.png"
"Chùa_Bửu_Đà,_Q10_(nhà)_(1)_119432402.png",0.6724,manual,False,,statue,"A cream-colored colonial building with a tiled roof and metal balcony railing, featuring potted plants and a red lantern against a blue sky.","Low-angle view of a building balcony featuring a metal railing, a potted bonsai tree, and a red paper lantern hanging from the ceiling. A dark relief sculpture is mounted on the wall.","D:\caption_project\vietnam_architecture\Chùa_Bửu_Đà,_Q10_(nhà)_(1)_119432402.png","/Users/jenfnguyen/Documents/Dev/KIS-AAI-DM-Master/data/caption_project/vietnam_architecture/Chùa_Bửu_Đà,_Q10_(nhà)_(1)_119432402.png"
Afternoon_in_Alley_123_of_Trung_Kính_Street_02-03-2026_185542464.png,0.6726,manual,False,,,A green wooden louvered door set into a white plaster wall next to potted plants on concrete ground.,Green metal gate with vertical slats stands next to a weathered light-colored wall. A small potted plant sits on the ground in front of the wall and the gate on a concrete surface.,D:\caption_project\vietnam_architecture\Afternoon_in_Alley_123_of_Trung_Kính_Street_02-03-2026_185542464.png,/Users/jenfnguyen/Documents/Dev/KIS-AAI-DM-Master/data/caption_project/vietnam_architecture/Afternoon_in_Alley_123_of_Trung_Kính_Street_02-03-2026_185542464.png
Annam._Qui-Nhon._Tours_chams_vues_du_n(ord)-o(uest)_(entrée)_-_(photogr.)_A._S(alles)_-_btv1b53013221k_(2_of_2)_161085363.png,0.673,manual,False,,,"A faded black and white photograph shows a weathered stone gate with an arched opening. The foreground is filled with overgrown vegetation, while the background on the right side is solidly black.","Negative photographic image of a stone structure with arched doorways and vertical pillars, partially obscured by overgrown vegetation. The building features masonry walls and is surrounded by low-lying plants.",D:\caption_project\vietnam_architecture\Annam._Qui-Nhon._Tours_chams_vues_du_n(ord)-o(uest)_(entrée)_-_(photogr.)_A._S(alles)_-_btv1b53013221k_(2_of_2)_161085363.png,/Users/jenfnguyen/Documents/Dev/KIS-AAI-DM-Master/data/caption_project/vietnam_architecture/Annam._Qui-Nhon._Tours_chams_vues_du_n(ord)-o(uest)_(entrée)_-_(photogr.)_A._S(alles)_-_btv1b53013221k_(2_of_2)_161085363.png
Chiếc_bình_hồ_lô_vàng_trong_Nghĩa_trrang_Trung_Minh_ng24th9n2022_(1)_123411183.png,0.6737,manual,False,statue,,A glossy orange double-gourd sculpture sits atop a beige stone pedestal with dark maroon panels against a bright sky.,Gourd-shaped ceramic ornament in a bright yellow color sits atop a square pillar structure. The pillar is constructed with light-colored stone frames surrounding dark red panels against a bright sky.,D:\caption_project\vietnam_architecture\Chiếc_bình_hồ_lô_vàng_trong_Nghĩa_trrang_Trung_Minh_ng24th9n2022_(1)_123411183.png,/Users/jenfnguyen/Documents/Dev/KIS-AAI-DM-Master/data/caption_project/vietnam_architecture/Chiếc_bình_hồ_lô_vàng_trong_Nghĩa_trrang_Trung_Minh_ng24th9n2022_(1)_123411183.png
Chùa_Diệu_Pháp_(Cổng_mái)_(16)_126873653.png,0.6741,manual,False,pagoda/temple,,"A traditional Vietnamese communal house gate with a green tiled roof and wooden pillars stands on a paved courtyard. A large potted fern sits near the entrance, and several motorbikes are parked inside.","Gate structure with dark wooden pillars and a multi-tiered roof covered in green glazed tiles. A vertical banner with text stands near a potted fern in the foreground, with motorcycles parked behind.",D:\caption_project\vietnam_architecture\Chùa_Diệu_Pháp_(Cổng_mái)_(16)_126873653.png,/Users/jenfnguyen/Documents/Dev/KIS-AAI-DM-Master/data/caption_project/vietnam_architecture/Chùa_Diệu_Pháp_(Cổng_mái)_(16)_126873653.png
Chùa_Bảo_Đàm_năm_2022_(Cổng_chùa_một_bên)_(1)_114398976.png,0.6743,manual,False,pagoda/temple,,A traditional Vietnamese communal house gate with a green-tiled roof and ornate white dragon sculptures on the ridge. A sign above the entrance reads 'DUY TUE TH'.,"Gate of a building featuring dark green glazed roof tiles, curved roof corners with floral carvings, and a central pillar inscribed with vertical text. A metal gate and potted plants are visible below.",D:\caption_project\vietnam_architecture\Chùa_Bảo_Đàm_năm_2022_(Cổng_chùa_một_bên)_(1)_114398976.png,/Users/jenfnguyen/Documents/Dev/KIS-AAI-DM-Master/data/caption_project/vietnam_architecture/Chùa_Bảo_Đàm_năm_2022_(Cổng_chùa_một_bên)_(1)_114398976.png
Chùa_Giác_Sanh_năm_2022_(cửa)_123933647.png,0.6761,manual,False,,,A detailed view of an ornate arched doorway with intricate carved wooden frames surrounding glass panels featuring decorative metalwork.,"Doorway featuring a black metal gate with intricate scrollwork and swastika symbols, framed by a decorative plaster molding. Through the opening, a yellow building with a balcony and shuttered windows is visible.",D:\caption_project\vietnam_architecture\Chùa_Giác_Sanh_năm_2022_(cửa)_123933647.png,/Users/jenfnguyen/Documents/Dev/KIS-AAI-DM-Master/data/caption_project/vietnam_architecture/Chùa_Giác_Sanh_năm_2022_(cửa)_123933647.png
A_Monument_to_the_Brotherhood_of_Men_-_43_Nations_Aid_South_Vietnam_(p21)_138664946.png,0.6761,manual,False,,,"A page from a printed document about Vietnam, featuring columns of black text on a white background and two small photographs showing an outdoor memorial scene.","Printed page featuring a black and white photograph of a tall, modern concrete monument with a flared top structure, surrounded by trees, alongside columns of text discussing international aid.",D:\caption_project\vietnam_architecture\A_Monument_to_the_Brotherhood_of_Men_-_43_Nations_Aid_South_Vietnam_(p21)_138664946.png,/Users/jenfnguyen/Documents/Dev/KIS-AAI-DM-Master/data/caption_project/vietnam_architecture/A_Monument_to_the_Brotherhood_of_Men_-_43_Nations_Aid_South_Vietnam_(p21)_138664946.png
ChuaHa_TamQuan_6856438.png,0.6761,manual,False,pagoda/temple,pagoda/temple,"A grey stone gate of a pagoda features an ornate tiled roof with curved eaves and arched wooden doors. Vertical Chinese characters are inscribed on the pillars, and people walk or ride scooters along the street in front.","Stone gate of a temple featuring three arched wooden doors, a tiered roof with decorative finials, and relief carvings of dragons on the walls. People and motorbikes are visible in the foreground.",D:\caption_project\vietnam_architecture\ChuaHa_TamQuan_6856438.png,/Users/jenfnguyen/Documents/Dev/KIS-AAI-DM-Master/data/caption_project/vietnam_architecture/ChuaHa_TamQuan_6856438.png
"04052023_Ponagar_Hindu_temples_complex,_Nha_Trang_Vietnam_-_184_130722355.png",0.6767,manual,False,pagoda/temple,,A weathered brick pagoda with a stepped base and tapering structure stands on a paved courtyard surrounded by green trees under a clear blue sky.,"Brick tower structure with a weathered, textured surface and a saddle-shaped roof. The building stands on a paved terrace surrounded by trees and potted plants under a clear blue sky.","D:\caption_project\vietnam_architecture\04052023_Ponagar_Hindu_temples_complex,_Nha_Trang_Vietnam_-_184_130722355.png","/Users/jenfnguyen/Documents/Dev/KIS-AAI-DM-Master/data/caption_project/vietnam_architecture/04052023_Ponagar_Hindu_temples_complex,_Nha_Trang_Vietnam_-_184_130722355.png"
"Chùa_Giác_Lâm,_tháng_01_năm_2022_(cổng_chùa)_(9)_115832711.png",0.6777,manual,False,pagoda/temple,pagoda/temple,"A large orange temple gate with a green tiled roof and intricate golden decorations stands under a blue sky filled with colorful flags, leading to an entrance with ornate metal gates.","A yellow pagoda gate features green tiled roofs, gold dragon ornaments, and a central metal gate. Red Chinese characters are inscribed on the pillars and a large sign above the entrance.","D:\caption_project\vietnam_architecture\Chùa_Giác_Lâm,_tháng_01_năm_2022_(cổng_chùa)_(9)_115832711.png","/Users/jenfnguyen/Documents/Dev/KIS-AAI-DM-Master/data/caption_project/vietnam_architecture/Chùa_Giác_Lâm,_tháng_01_năm_2022_(cổng_chùa)_(9)_115832711.png"
"0040423_Thap_Binh_Lam_Cham_Hindu_temple,_Phuoc_Hoa,_Binh_Dinh_Vietnam_099_132498790.png",0.6781,manual,False,pagoda/temple,,"A weathered brick pagoda with tiered red-orange walls and decorative stone elements at its base, surrounded by green tree branches against a blue sky.","Brick tower structure featuring vertical pilasters and a tiered base with pointed decorative elements. The exterior wall is constructed from reddish-brown bricks, partially shaded by green tree branches on the right side.","D:\caption_project\vietnam_architecture\0040423_Thap_Binh_Lam_Cham_Hindu_temple,_Phuoc_Hoa,_Binh_Dinh_Vietnam_099_132498790.png","/Users/jenfnguyen/Documents/Dev/KIS-AAI-DM-Master/data/caption_project/vietnam_architecture/0040423_Thap_Binh_Lam_Cham_Hindu_temple,_Phuoc_Hoa,_Binh_Dinh_Vietnam_099_132498790.png"
"CV_Bách_Tùng_Diệp,_ng26th8n2022_(Bồn_chậu_đá)_(1)_147340424.png",0.679,manual,False,,pagoda/temple,A large stone incense burner with carved floral and geometric patterns sits on a granite pedestal. The scene is outdoors on a wet paved walkway with trees and market stalls in the background.,"A terracotta lotus-shaped pedestal stands on a square stone base on a sidewalk. The pedestal features intricate relief carvings of a pagoda, birds, and a boat, situated near trees and street vendors.","D:\caption_project\vietnam_architecture\CV_Bách_Tùng_Diệp,_ng26th8n2022_(Bồn_chậu_đá)_(1)_147340424.png","/Users/jenfnguyen/Documents/Dev/KIS-AAI-DM-Master/data/caption_project/vietnam_architecture/CV_Bách_Tùng_Diệp,_ng26th8n2022_(Bồn_chậu_đá)_(1)_147340424.png"
"Chùa_Giác_Hải_ở_Bình_Tân,_tháng_12_năm_2021_(cổng_vào)_(3)_113532585.png",0.6795,manual,False,pagoda/temple,pagoda/temple,"A yellow and red temple gate with a curved tiled roof stands at the entrance to Chua Giao Hai. The structure is surrounded by trees, with a paved concrete courtyard leading up to it.","Yellow pagoda gate with three arched entrances, red metal gates, and Chinese characters painted in red. A swastika symbol sits atop the central structure, which is surrounded by trees and a concrete courtyard.","D:\caption_project\vietnam_architecture\Chùa_Giác_Hải_ở_Bình_Tân,_tháng_12_năm_2021_(cổng_vào)_(3)_113532585.png","/Users/jenfnguyen/Documents/Dev/KIS-AAI-DM-Master/data/caption_project/vietnam_architecture/Chùa_Giác_Hải_ở_Bình_Tân,_tháng_12_năm_2021_(cổng_vào)_(3)_113532585.png"
"Bahnar_Communal_House,_Museum_of_Ethnology,_Hanoi_(1)_(38463517682)_64218393.png",0.6796,manual,True,house,pagoda/temple,A traditional wooden stilt house with a large thatched roof stands on stilts among green trees. People walk up wooden stairs to enter the structure.,"Communal house with a high, steeply pitched thatched roof and wooden stilt structure. A notched log serves as a staircase leading to the elevated entrance, surrounded by trees and a modern building.","D:\caption_project\vietnam_architecture\Bahnar_Communal_House,_Museum_of_Ethnology,_Hanoi_(1)_(38463517682)_64218393.png","/Users/jenfnguyen/Documents/Dev/KIS-AAI-DM-Master/data/caption_project/vietnam_architecture/Bahnar_Communal_House,_Museum_of_Ethnology,_Hanoi_(1)_(38463517682)_64218393.png"
"Chum_kiểng_tu_viện_Vinh_Sơn,_Quận_3_(42)_115804082.png",0.6797,manual,False,,,"A large brown ceramic pot sits on a paved surface against a white wall with a blue baseboard. The pot is surrounded by stacked stones and has thin vines growing from it, casting shadows on the wall.","Brown ceramic jar placed against a light-colored wall, surrounded by a decorative border of small grey stones. A thin, leafless vine grows out of the jar and climbs up the wall.","D:\caption_project\vietnam_architecture\Chum_kiểng_tu_viện_Vinh_Sơn,_Quận_3_(42)_115804082.png","/Users/jenfnguyen/Documents/Dev/KIS-AAI-DM-Master/data/caption_project/vietnam_architecture/Chum_kiểng_tu_viện_Vinh_Sơn,_Quận_3_(42)_115804082.png"
"Chùa_Huệ_Nghiêm_năm_2022_(kiến_trúc_nội_điện,_hành_lang_lầu)_(4)_127288079.png",0.6798,manual,False,pagoda/temple,,A covered corridor inside a temple with red painted wooden pillars and beams. The glossy terrazzo floor reflects the overhead lanterns and the green trees visible through the open side.,"Covered veranda of a building featuring red painted wooden columns, a polished red stone floor, and intricate wooden carvings on the wall. Hanging lanterns illuminate the corridor, which overlooks green trees.","D:\caption_project\vietnam_architecture\Chùa_Huệ_Nghiêm_năm_2022_(kiến_trúc_nội_điện,_hành_lang_lầu)_(4)_127288079.png","/Users/jenfnguyen/Documents/Dev/KIS-AAI-DM-Master/data/caption_project/vietnam_architecture/Chùa_Huệ_Nghiêm_năm_2022_(kiến_trúc_nội_điện,_hành_lang_lầu)_(4)_127288079.png"
"Bảo_tàng_Lịch_sử_Núi_Bà_Đen_Tây_Ninh,_KDL_Núi_Bà_Đen_18218355.png",0.6802,manual,False,,,A peach-colored building with a red tiled roof decorated with colorful triangular flags and banners. A sign reads CHO THUÊ CHIẾU near the entrance.,Two-story building with a red tiled roof and light orange walls features an exterior staircase leading to the upper level. The structure is decorated with colorful triangular flags and several promotional banners.,"D:\caption_project\vietnam_architecture\Bảo_tàng_Lịch_sử_Núi_Bà_Đen_Tây_Ninh,_KDL_Núi_Bà_Đen_18218355.png","/Users/jenfnguyen/Documents/Dev/KIS-AAI-DM-Master/data/caption_project/vietnam_architecture/Bảo_tàng_Lịch_sử_Núi_Bà_Đen_Tây_Ninh,_KDL_Núi_Bà_Đen_18218355.png"
"Ancient_Tomb_Complex_in_Phước_Vĩnh_Đông_Commune,_Cần_Giuộc,_Việt_Nam_(44)_198204734.png",0.6802,manual,False,tomb,,"Weathered stone architectural details of a tomb, featuring carved decorative patterns on a pillar and a rectangular stone slab surrounded by green foliage.",Weathered stone stele featuring carved cloud motifs at the top and Chinese characters engraved on the surface. The grey stone monument is partially surrounded by green leafy vegetation in an outdoor setting.,"D:\caption_project\vietnam_architecture\Ancient_Tomb_Complex_in_Phước_Vĩnh_Đông_Commune,_Cần_Giuộc,_Việt_Nam_(44)_198204734.png","/Users/jenfnguyen/Documents/Dev/KIS-AAI-DM-Master/data/caption_project/vietnam_architecture/Ancient_Tomb_Complex_in_Phước_Vĩnh_Đông_Commune,_Cần_Giuộc,_Việt_Nam_(44)_198204734.png"
"Chùa_Giác_Lâm,_tháng_01_năm_2022_(cổng_chùa)_(5)_115832703.png",0.6804,manual,False,pagoda/temple,pagoda/temple,An orange and gold ornate gate with a green tiled roof serves as the entrance to the Giac Lam Pagoda complex under a blue sky filled with colorful flags.,A yellow gate with green tiled roofs and golden dragon ornaments stands at the entrance of a temple. The structure features red Chinese characters and metal gates with geometric patterns under Buddhist flags.,"D:\caption_project\vietnam_architecture\Chùa_Giác_Lâm,_tháng_01_năm_2022_(cổng_chùa)_(5)_115832703.png","/Users/jenfnguyen/Documents/Dev/KIS-AAI-DM-Master/data/caption_project/vietnam_architecture/Chùa_Giác_Lâm,_tháng_01_năm_2022_(cổng_chùa)_(5)_115832703.png"
"Ancient_Tomb_Complex_in_Phước_Vĩnh_Đông_Commune,_Cần_Giuộc,_Việt_Nam_(47)_198204741.png",0.6809,manual,False,tomb,tomb,A cemetery with numerous stone tombstones and grave markers surrounded by dense green vegetation and palm trees under an overcast sky.,Multiple stone tombs with tiered roof structures are situated in a field overgrown with green vegetation and palm trees. The grey stone monuments feature carved details and are partially obscured by wild plants.,"D:\caption_project\vietnam_architecture\Ancient_Tomb_Complex_in_Phước_Vĩnh_Đông_Commune,_Cần_Giuộc,_Việt_Nam_(47)_198204741.png","/Users/jenfnguyen/Documents/Dev/KIS-AAI-DM-Master/data/caption_project/vietnam_architecture/Ancient_Tomb_Complex_in_Phước_Vĩnh_Đông_Commune,_Cần_Giuộc,_Việt_Nam_(47)_198204741.png"
"Chùa_Huệ_Quang_ở_Thủ_Đức,_tháng_12_năm_2021_(cổng)_(5)_113530449.png",0.681,manual,False,,pagoda/temple,The entrance gate to Chua Ho Quang features a stone archway and a green door under a yellow roof with decorative dragon finials. A large green plant grows beside the structure.,"Pagoda gate featuring a yellow curved roof with green tile edges and a golden phoenix sculpture. The structure is supported by stone-clad pillars and includes a green metal gate, with a sign nearby.","D:\caption_project\vietnam_architecture\Chùa_Huệ_Quang_ở_Thủ_Đức,_tháng_12_năm_2021_(cổng)_(5)_113530449.png","/Users/jenfnguyen/Documents/Dev/KIS-AAI-DM-Master/data/caption_project/vietnam_architecture/Chùa_Huệ_Quang_ở_Thủ_Đức,_tháng_12_năm_2021_(cổng)_(5)_113530449.png"
"Chùa_Giác_Sanh_năm_2022_(kiến_trúc_chánh_điện_trên_lầu,_hoành_phi)_(3)_126984476.png",0.6812,manual,False,pagoda/temple,,"Interior of a temple with ornate wooden doors and decorative carvings on the beams. The walls are painted yellow with gold accents, featuring traditional patterns and calligraphy.","Interior of a building featuring a large, horizontal, gold-painted wooden plaque with red Chinese characters mounted on a yellow wall above a dark wooden door frame with intricate geometric lattice panels.","D:\caption_project\vietnam_architecture\Chùa_Giác_Sanh_năm_2022_(kiến_trúc_chánh_điện_trên_lầu,_hoành_phi)_(3)_126984476.png","/Users/jenfnguyen/Documents/Dev/KIS-AAI-DM-Master/data/caption_project/vietnam_architecture/Chùa_Giác_Sanh_năm_2022_(kiến_trúc_chánh_điện_trên_lầu,_hoành_phi)_(3)_126984476.png"
"Chùa_Huệ_Nghiêm_năm_2022_(khu_nội_viện,_bảng_hiệu_chánh_điện,_chụp_ngang)_(3)_126510714.png",0.6814,manual,False,pagoda/temple,pagoda/temple,"A traditional wooden pagoda exterior featuring curved tiled roofs, intricate wood carvings, and large signs with Chinese characters above the entrance, surrounded by green trees.","Wooden gate of a temple featuring dark brown timber construction, tiled roofs, and ornate carved balustrades. A golden statue sits in an upper alcove, and horizontal wooden plaques display gold-painted Chinese characters.","D:\caption_project\vietnam_architecture\Chùa_Huệ_Nghiêm_năm_2022_(khu_nội_viện,_bảng_hiệu_chánh_điện,_chụp_ngang)_(3)_126510714.png","/Users/jenfnguyen/Documents/Dev/KIS-AAI-DM-Master/data/caption_project/vietnam_architecture/Chùa_Huệ_Nghiêm_năm_2022_(khu_nội_viện,_bảng_hiệu_chánh_điện,_chụp_ngang)_(3)_126510714.png"
"Balcony_fence_in_Hanoi,_Vietnam_27630866.png",0.6815,manual,False,,,A close-up of a dark wooden lattice window with geometric patterns set against a frosted glass pane.,"A window or partition screen features a dark-colored metal grid frame with rectangular patterns. The grid is set against a translucent, frosted glass surface that allows light to pass through.","D:\caption_project\vietnam_architecture\Balcony_fence_in_Hanoi,_Vietnam_27630866.png","/Users/jenfnguyen/Documents/Dev/KIS-AAI-DM-Master/data/caption_project/vietnam_architecture/Balcony_fence_in_Hanoi,_Vietnam_27630866.png"
03839-Hanoi_(32913932986)_111460255.png,0.6826,manual,False,pagoda/temple,,"A wooden pagoda with curved roof tiles houses a large bronze gong supported by pillars. Two people stand on a brick path nearby, surrounded by green trees and grass.","Wooden drum pavilion with a curved tiled roof stands in a courtyard. A large circular bronze drum is suspended inside the structure, while two people stand on a stone path nearby.",D:\caption_project\vietnam_architecture\03839-Hanoi_(32913932986)_111460255.png,/Users/jenfnguyen/Documents/Dev/KIS-AAI-DM-Master/data/caption_project/vietnam_architecture/03839-Hanoi_(32913932986)_111460255.png
Biệt_Điện_Bảo_Đại_39675614.png,0.6828,manual,False,pagoda/temple,,"A long yellow communal house with a brown tiled roof and white railings stands behind wide concrete steps. Sculpted green bushes line the walkway, surrounded by large trees under a clear sky.","Colonial building with yellow walls and a brown tiled roof featuring multiple dormer windows. A wide staircase leads to the entrance, flanked by two large, snake-shaped topiary hedges in the front yard.",D:\caption_project\vietnam_architecture\Biệt_Điện_Bảo_Đại_39675614.png,/Users/jenfnguyen/Documents/Dev/KIS-AAI-DM-Master/data/caption_project/vietnam_architecture/Biệt_Điện_Bảo_Đại_39675614.png
Annam._Phan-Rang._Tours_chams_et_terres_de_la_concession_du_baron_Pérignon_-_(photogr.)_A._S(alles)_-_btv1b53013244r_(1__160286603.png,0.6829,manual,False,pagoda/temple,,"A black and white photograph shows a stone temple complex on a hilltop surrounded by trees, with flat plains and distant mountains visible below.","Stone towers with tiered, pointed roofs stand atop a grassy hill. The surrounding landscape consists of low-lying vegetation and flat plains stretching toward distant mountains under a cloudy sky.",D:\caption_project\vietnam_architecture\Annam._Phan-Rang._Tours_chams_et_terres_de_la_concession_du_baron_Pérignon_-_(photogr.)_A._S(alles)_-_btv1b53013244r_(1__160286603.png,/Users/jenfnguyen/Documents/Dev/KIS-AAI-DM-Master/data/caption_project/vietnam_architecture/Annam._Phan-Rang._Tours_chams_et_terres_de_la_concession_du_baron_Pérignon_-_(photogr.)_A._S(alles)_-_btv1b53013244r_(1__160286603.png
Chùa_Diệu_Pháp_(mái_trần_trong_Chánh_điện)_(5)_127033125.png,0.6829,manual,False,pagoda/temple,,"An ornate wooden ceiling with intricate carvings, geometric patterns, and a central lotus motif, illuminated by recessed lights within a traditional Vietnamese communal house interior.","Interior ceiling constructed from polished wood featuring intricate geometric patterns, square panels, and a central circular floral motif. The structure is supported by large cylindrical wooden pillars and includes recessed lighting fixtures.",D:\caption_project\vietnam_architecture\Chùa_Diệu_Pháp_(mái_trần_trong_Chánh_điện)_(5)_127033125.png,/Users/jenfnguyen/Documents/Dev/KIS-AAI-DM-Master/data/caption_project/vietnam_architecture/Chùa_Diệu_Pháp_(mái_trần_trong_Chánh_điện)_(5)_127033125.png
Chùa_Giác_Sanh_năm_2022_(cổng_chùa)_(1)_116026095.png,0.6834,manual,False,pagoda/temple,pagoda/temple,"An ornate entrance gate to Chua Giac Sanh pagoda in Vietnam features a large blue sign with white lettering. Black wrought iron gates stand open between stone pillars, leading into the temple grounds under a bright sky.","Pagoda entrance gate featuring a large blue sign with white text, flanked by stone pillars topped with lotus motifs. The courtyard behind the gate displays a multi-level structure with green tiled roofs.",D:\caption_project\vietnam_architecture\Chùa_Giác_Sanh_năm_2022_(cổng_chùa)_(1)_116026095.png,/Users/jenfnguyen/Documents/Dev/KIS-AAI-DM-Master/data/caption_project/vietnam_architecture/Chùa_Giác_Sanh_năm_2022_(cổng_chùa)_(1)_116026095.png
Chùa_Bình_An_năm_2022_(Miếu_Ngũ_Hành)_(3)_116395355.png,0.6841,manual,True,statue,pagoda/temple,"A stone lantern sits on a marble railing in front of an ornate gate with a red tiled roof and golden dragon sculptures. The blue pillars feature gold detailing, leading to an arched entrance.","Small shrine with a red tiled roof featuring golden dragon ornaments on the ridge. The structure has blue pillars decorated with golden dragon carvings, situated in a courtyard with stone lanterns.",D:\caption_project\vietnam_architecture\Chùa_Bình_An_năm_2022_(Miếu_Ngũ_Hành)_(3)_116395355.png,/Users/jenfnguyen/Documents/Dev/KIS-AAI-DM-Master/data/caption_project/vietnam_architecture/Chùa_Bình_An_năm_2022_(Miếu_Ngũ_Hành)_(3)_116395355.png
"Ancient_Tomb_Complex_in_Phước_Vĩnh_Đông_Commune,_Cần_Giuộc,_Việt_Nam_(27)_198204684.png",0.6844,manual,False,,,A close-up of a weathered stone surface featuring carved decorative patterns with swirling motifs and textured surfaces.,"Stone carving detail featuring a stylized bird motif and faint Chinese characters on a weathered, grey, textured surface. The relief work is integrated into a larger stone structure with visible signs of aging.","D:\caption_project\vietnam_architecture\Ancient_Tomb_Complex_in_Phước_Vĩnh_Đông_Commune,_Cần_Giuộc,_Việt_Nam_(27)_198204684.png","/Users/jenfnguyen/Documents/Dev/KIS-AAI-DM-Master/data/caption_project/vietnam_architecture/Ancient_Tomb_Complex_in_Phước_Vĩnh_Đông_Commune,_Cần_Giuộc,_Việt_Nam_(27)_198204684.png"
"Annam._Sur_la_route_mandarine._Tour_Cham,_au_n(ord)_de_Phan-rang_-_(photogr.)_A._S(alles)_-_btv1b531724750_(2_of_3)_160603640.png",0.6851,manual,False,pagoda/temple,pagoda/temple,"A weathered stone temple ruin at night, illuminated against a dark sky. Vegetation grows on and around the structure, which features carved niches and vertical architectural details.",Negative photographic image of a brick temple tower featuring a tiered roof structure and vertical pilasters. Vegetation grows from the weathered upper sections of the masonry walls in an outdoor setting.,"D:\caption_project\vietnam_architecture\Annam._Sur_la_route_mandarine._Tour_Cham,_au_n(ord)_de_Phan-rang_-_(photogr.)_A._S(alles)_-_btv1b531724750_(2_of_3)_160603640.png","/Users/jenfnguyen/Documents/Dev/KIS-AAI-DM-Master/data/caption_project/vietnam_architecture/Annam._Sur_la_route_mandarine._Tour_Cham,_au_n(ord)_de_Phan-rang_-_(photogr.)_A._S(alles)_-_btv1b531724750_(2_of_3)_160603640.png"
"Ancient_Tomb_Complex_in_Phước_Vĩnh_Đông_Commune,_Cần_Giuộc,_Việt_Nam_(28)_198204687.png",0.6854,manual,False,,tomb,"Close-up of a weathered stone architectural detail with a pyramidal capstone, surrounded by overgrown green and brown vegetation.","Stone tomb post featuring a square, tiered capstone with a weathered gray texture. The structure is surrounded by green vegetation and other stone grave elements in an outdoor cemetery setting.","D:\caption_project\vietnam_architecture\Ancient_Tomb_Complex_in_Phước_Vĩnh_Đông_Commune,_Cần_Giuộc,_Việt_Nam_(28)_198204687.png","/Users/jenfnguyen/Documents/Dev/KIS-AAI-DM-Master/data/caption_project/vietnam_architecture/Ancient_Tomb_Complex_in_Phước_Vĩnh_Đông_Commune,_Cần_Giuộc,_Việt_Nam_(28)_198204687.png"
Chammuseum3_20185321.png,0.6858,manual,False,,,"An ornate wooden altar and ceremonial furniture inside a hall, featuring intricate golden carvings, red fabric accents, and dark wood finishes on a tiled floor with white walls.","Interior space featuring a wooden palanquin with gold-painted dragon carvings and red accents, positioned on a red carpet. A small wooden table stands in front of the ornate structure.",D:\caption_project\vietnam_architecture\Chammuseum3_20185321.png,/Users/jenfnguyen/Documents/Dev/KIS-AAI-DM-Master/data/caption_project/vietnam_architecture/Chammuseum3_20185321.png
Buôn_Ma_Thuột_-_buildings_at_Exile_House_former_prison_Apr_2024_06_148107073.png,0.686,manual,False,pagoda/temple,pagoda/temple,A small yellow communal house with green doors and a grey tiled roof features blue decorative trim and an ornate golden incense burner in front on a brick patio surrounded by trees.,"Small yellow temple with a gabled roof and green trim, featuring a metal incense burner in front. The facade displays decorative blue banners and a central wheel emblem above open doorways.",D:\caption_project\vietnam_architecture\Buôn_Ma_Thuột_-_buildings_at_Exile_House_former_prison_Apr_2024_06_148107073.png,/Users/jenfnguyen/Documents/Dev/KIS-AAI-DM-Master/data/caption_project/vietnam_architecture/Buôn_Ma_Thuột_-_buildings_at_Exile_House_former_prison_Apr_2024_06_148107073.png
Ao_Dai_6512492.png,0.6867,manual,False,,,"A woman wearing a white ao dai stands inside a stone archway with brick pillars. Through the arches, several people walk on a paved path surrounded by green trees in the background.","A woman in a white dress stands within a series of arched brick doorways. The structure features weathered masonry walls with visible graffiti, leading to an outdoor walkway with trees in the background.",D:\caption_project\vietnam_architecture\Ao_Dai_6512492.png,/Users/jenfnguyen/Documents/Dev/KIS-AAI-DM-Master/data/caption_project/vietnam_architecture/Ao_Dai_6512492.png
500px_photo_(188692125)_71846714.png,0.6868,manual,False,pagoda/temple,,"A blue communal house gate with green ironwork frames a view of a red-roofed temple courtyard beyond, featuring a bronze lion statue and a sign reading HOA VAN LE NG.",Entrance gate of a building complex featuring a green metal fence and blue walls. A central stone doorway leads to an inner courtyard with a traditional structure topped by a curved tiled roof.,D:\caption_project\vietnam_architecture\500px_photo_(188692125)_71846714.png,/Users/jenfnguyen/Documents/Dev/KIS-AAI-DM-Master/data/caption_project/vietnam_architecture/500px_photo_(188692125)_71846714.png
"0040323_Thap_Banh_It_complex,_Nhon_Hoa,_Binh_Dinh_Vietnam_101_132478856.png",0.6873,manual,False,,pagoda/temple,A weathered brick tower with an ornate roof and carved stone details stands on a grassy hill under a clear blue sky.,Tall brick temple tower with a tiered roof structure and intricate vertical pilasters. The weathered orange masonry features carved arched niches and is surrounded by green grass under a clear blue sky.,"D:\caption_project\vietnam_architecture\0040323_Thap_Banh_It_complex,_Nhon_Hoa,_Binh_Dinh_Vietnam_101_132478856.png","/Users/jenfnguyen/Documents/Dev/KIS-AAI-DM-Master/data/caption_project/vietnam_architecture/0040323_Thap_Banh_It_complex,_Nhon_Hoa,_Binh_Dinh_Vietnam_101_132478856.png"
Autumn_shadow_at_Trung_Kính_Hạ_Playground_06-03-2026_E08_185600284.png,0.6881,manual,False,,,"A large banyan tree with exposed roots grows in a circular planter on a tiled sidewalk, next to a metal gate and a building with yellow signs reading BIA HOI HA NOI.",A multi-story concrete building with a yellow sign featuring text sits behind a large tree with exposed roots. A metal fence and a low wall enclose the front area along a paved sidewalk.,D:\caption_project\vietnam_architecture\Autumn_shadow_at_Trung_Kính_Hạ_Playground_06-03-2026_E08_185600284.png,/Users/jenfnguyen/Documents/Dev/KIS-AAI-DM-Master/data/caption_project/vietnam_architecture/Autumn_shadow_at_Trung_Kính_Hạ_Playground_06-03-2026_E08_185600284.png
Bia_trai_158683668.png,0.6884,manual,False,,tomb,"A red memorial shelter with a tiled roof and white columns stands on brick steps. A central plaque is mounted inside, surrounded by smaller red memorials.","Open-air pavilion with a tiled hip roof supported by four concrete pillars, sheltering a central red monument featuring a gold star and a plaque with numerous names, situated within a cemetery.",D:\caption_project\vietnam_architecture\Bia_trai_158683668.png,/Users/jenfnguyen/Documents/Dev/KIS-AAI-DM-Master/data/caption_project/vietnam_architecture/Bia_trai_158683668.png
Chùa_Giác_Sanh_năm_2022_(trong_chánh_điện)_(7)_126962088.png,0.6886,manual,False,pagoda/temple,,"The interior of a yellow communal house features ornate wooden railings on an upper balcony, red lanterns hanging from the ceiling, and large glass doors opening to the outside.","Interior of a building featuring yellow walls, tiled floors, and three doorways with decorative frames. Red lanterns and rows of small colorful flags hang from the ceiling, while a standing fan sits on the floor.",D:\caption_project\vietnam_architecture\Chùa_Giác_Sanh_năm_2022_(trong_chánh_điện)_(7)_126962088.png,/Users/jenfnguyen/Documents/Dev/KIS-AAI-DM-Master/data/caption_project/vietnam_architecture/Chùa_Giác_Sanh_năm_2022_(trong_chánh_điện)_(7)_126962088.png
Chùa_Giác_Sanh_năm_2022_(hoành_phi_đỏ_ở_chánh_điện)_(1)_126981877.png,0.6886,manual,False,pagoda/temple,,Interior of a pagoda featuring a large red sign with golden Vietnamese characters reading 'CHÙA GIÁC SINH' above an ornate wooden gate frame against yellow walls.,"A yellow wall features a red rectangular plaque with gold Chinese characters above a dark metal doorway. Intricate brown wooden carvings decorate the frame, including a central dharma wheel symbol above the entrance.",D:\caption_project\vietnam_architecture\Chùa_Giác_Sanh_năm_2022_(hoành_phi_đỏ_ở_chánh_điện)_(1)_126981877.png,/Users/jenfnguyen/Documents/Dev/KIS-AAI-DM-Master/data/caption_project/vietnam_architecture/Chùa_Giác_Sanh_năm_2022_(hoành_phi_đỏ_ở_chánh_điện)_(1)_126981877.png
"Annam._Binh-dinh._Panorama_des_tours_cham,_en_deux_phototype_-_(photogr.)_A._S(alles)_-_btv1b53013128b_(1_of_2)_161225142.png",0.6888,manual,False,pagoda/temple,,"A weathered stone temple sits atop a rocky hill with sparse vegetation, featuring an arched entrance and intricate upper carvings.","Two stone towers with tiered, pointed roofs stand on a grassy, rocky hill. The structures feature arched doorways and weathered masonry, positioned against a clear sky in a sparse landscape.","D:\caption_project\vietnam_architecture\Annam._Binh-dinh._Panorama_des_tours_cham,_en_deux_phototype_-_(photogr.)_A._S(alles)_-_btv1b53013128b_(1_of_2)_161225142.png","/Users/jenfnguyen/Documents/Dev/KIS-AAI-DM-Master/data/caption_project/vietnam_architecture/Annam._Binh-dinh._Panorama_des_tours_cham,_en_deux_phototype_-_(photogr.)_A._S(alles)_-_btv1b53013128b_(1_of_2)_161225142.png"
04322-Hanoi_(32206501532)_111460964.png,0.689,manual,False,tomb,tomb,"The Ho Chi Minh Mausoleum is a large granite structure with vertical columns and a flat roof. The name ""HO CHI MINH"" is inscribed on the facade, with visitors walking in the plaza.",Large grey stone mausoleum with a flat roof and square pillars stands in the center of a wide paved plaza. The structure features an inscription at the top and is surrounded by manicured potted trees.,D:\caption_project\vietnam_architecture\04322-Hanoi_(32206501532)_111460964.png,/Users/jenfnguyen/Documents/Dev/KIS-AAI-DM-Master/data/caption_project/vietnam_architecture/04322-Hanoi_(32206501532)_111460964.png
Buddhist_Temple_(15406394356)_93844848.png,0.6899,manual,False,pagoda/temple,pagoda/temple,"A traditional Vietnamese communal house with a curved tiled roof and elaborate ridge decorations featuring dragons. Red lanterns hang from the eaves of the wooden structure, which is surrounded by greenery and flowering bushes.","Pagoda with a tiled roof featuring intricate dragon sculptures on the ridge. The structure has red wooden pillars, hanging red lanterns, and black panels with Chinese characters flanking the entrance.",D:\caption_project\vietnam_architecture\Buddhist_Temple_(15406394356)_93844848.png,/Users/jenfnguyen/Documents/Dev/KIS-AAI-DM-Master/data/caption_project/vietnam_architecture/Buddhist_Temple_(15406394356)_93844848.png
"Al-Noor_Mosque,_Hanoi,_early_20th_century_(2)_(37609113695)_64218742.png",0.6902,manual,False,,pagoda/temple,A white minaret rises behind dense green trees and overhead wires. A large banner displaying the flag of Vietnam is visible among the foliage.,"Tall white stone pagoda with multiple tiers rises above surrounding trees and power lines. A red banner with a yellow hammer and sickle symbol hangs in the foreground, partially obscuring the lower structure.","D:\caption_project\vietnam_architecture\Al-Noor_Mosque,_Hanoi,_early_20th_century_(2)_(37609113695)_64218742.png","/Users/jenfnguyen/Documents/Dev/KIS-AAI-DM-Master/data/caption_project/vietnam_architecture/Al-Noor_Mosque,_Hanoi,_early_20th_century_(2)_(37609113695)_64218742.png"
Anlapgiua_39618661.png,0.6906,manual,False,church,church,"A gray stone church with two tall towers topped by flags and a star, featuring arched niches with statues, large wooden doors, and a banner reading 'THIÊN ĐƯỜNG GIÁNG SINH'.","Grey church exterior featuring two tall towers, arched doorways, and multiple niches containing statues. The facade is decorated with religious inscriptions, a star emblem, and banners, set above a wide stone staircase.",D:\caption_project\vietnam_architecture\Anlapgiua_39618661.png,/Users/jenfnguyen/Documents/Dev/KIS-AAI-DM-Master/data/caption_project/vietnam_architecture/Anlapgiua_39618661.png
Chùa_Bảo_Đàm_năm_2022_(cây_cảnh)_(8)_115905642.png,0.6906,manual,False,,,"A small garden filled with potted plants, including spider plants and flowering varieties arranged on the ground and on metal shelves.",A metal frame structure stands in a garden area filled with potted plants. The background features a metal fence and a glimpse of a building behind the foliage.,D:\caption_project\vietnam_architecture\Chùa_Bảo_Đàm_năm_2022_(cây_cảnh)_(8)_115905642.png,/Users/jenfnguyen/Documents/Dev/KIS-AAI-DM-Master/data/caption_project/vietnam_architecture/Chùa_Bảo_Đàm_năm_2022_(cây_cảnh)_(8)_115905642.png
Barracks_in_the_POW_compound_area_148772962.png,0.6916,manual,True,pagoda/temple,house,"A single-story building with a corrugated metal roof and walls covered in murals depicting scenes of pagodas and landscapes, viewed through tree branches.","Small house with corrugated metal walls painted with murals of landscapes and structures. The building features a simple gabled roof, an open porch with wooden pillars, and a low wooden fence in front.",D:\caption_project\vietnam_architecture\Barracks_in_the_POW_compound_area_148772962.png,/Users/jenfnguyen/Documents/Dev/KIS-AAI-DM-Master/data/caption_project/vietnam_architecture/Barracks_in_the_POW_compound_area_148772962.png
ChuaMotCot1_8423620.png,0.6922,manual,True,house,pagoda/temple,"A wooden stilt house with a curved tiled roof stands over water, connected by a stone staircase with decorative railings to a paved area surrounded by trees.",Small wooden pagoda structure with a curved tile roof supported by a single stone pillar above a pond. A stone staircase with white railings leads up to the elevated wooden platform.,D:\caption_project\vietnam_architecture\ChuaMotCot1_8423620.png,/Users/jenfnguyen/Documents/Dev/KIS-AAI-DM-Master/data/caption_project/vietnam_architecture/ChuaMotCot1_8423620.png
"Chum_kiểng_tu_viện_Vinh_Sơn,_Quận_3_(24)_115803840.png",0.6925,manual,False,,,A large brown ceramic pot with a decorative stone rim sits on patterned concrete pavement against a white wall with a blue baseboard. Bare branches and sparse green leaves emerge from the pot.,"A large brown ceramic jar sits against a white wall with a blue base, framed by a textured stone border. A thin plant grows from the jar, set on a patterned tiled ground.","D:\caption_project\vietnam_architecture\Chum_kiểng_tu_viện_Vinh_Sơn,_Quận_3_(24)_115803840.png","/Users/jenfnguyen/Documents/Dev/KIS-AAI-DM-Master/data/caption_project/vietnam_architecture/Chum_kiểng_tu_viện_Vinh_Sơn,_Quận_3_(24)_115803840.png"
Chùa_Giác_Sanh_năm_2022_(hoành_phi_đỏ_ở_chánh_điện)_(9)_126981878.png,0.6934,manual,False,,pagoda/temple,"An ornate red and gold sign with large yellow Chinese characters is mounted above a decorative grey relief panel on a cream-colored wall. Below, a dark wooden doorway leads into an interior space with hanging red lanterns.","Entrance of a pagoda featuring a prominent red horizontal plaque with gold Chinese characters. The yellow wall is decorated with gray relief carvings, a dharma wheel symbol, and black metal window grilles.",D:\caption_project\vietnam_architecture\Chùa_Giác_Sanh_năm_2022_(hoành_phi_đỏ_ở_chánh_điện)_(9)_126981878.png,/Users/jenfnguyen/Documents/Dev/KIS-AAI-DM-Master/data/caption_project/vietnam_architecture/Chùa_Giác_Sanh_năm_2022_(hoành_phi_đỏ_ở_chánh_điện)_(9)_126981878.png
A_cup_of_batbao_tea_at_Vân_Anh_Iced_Tea_13-09-2025_E2_179794673.png,0.6939,manual,False,,,"A glass of dark beverage sits on a stained white table next to a yellow matchbox. In the background, white and blue plastic stools are arranged on a paved ground near parked motorbikes.","Street scene featuring a white table with a glass of dark iced tea and a cigarette pack, set on a paved sidewalk with several small blue plastic tables and white stools.",D:\caption_project\vietnam_architecture\A_cup_of_batbao_tea_at_Vân_Anh_Iced_Tea_13-09-2025_E2_179794673.png,/Users/jenfnguyen/Documents/Dev/KIS-AAI-DM-Master/data/caption_project/vietnam_architecture/A_cup_of_batbao_tea_at_Vân_Anh_Iced_Tea_13-09-2025_E2_179794673.png
4.4_Hue-47_(35792123054)_64886264.png,0.6942,manual,False,statue,tomb,"A tall grey stone monument with a pointed spire stands beside stone steps and statues of figures on a paved plaza, surrounded by green trees under a blue sky.","Stone tomb complex featuring a tall, ornate pillar and a wide staircase leading to upper levels. Rows of stone statues of soldiers stand on a paved courtyard surrounded by green trees.",D:\caption_project\vietnam_architecture\4.4_Hue-47_(35792123054)_64886264.png,/Users/jenfnguyen/Documents/Dev/KIS-AAI-DM-Master/data/caption_project/vietnam_architecture/4.4_Hue-47_(35792123054)_64886264.png
Aute_plants_at_RG30_Playground_of_Mạc_Thái_Tông_Street_11-03-2026_E1_185923049.png,0.695,manual,False,,,"A green metal railing sits on a low brick wall with white painted numbers. Behind the fence, a gas station canopy with blue columns and bright lights is visible.","Green leafy plants grow behind a low red brick wall topped with a dark green metal railing. In the background, a modern gas station structure with blue pillars and a white ceiling is visible.",D:\caption_project\vietnam_architecture\Aute_plants_at_RG30_Playground_of_Mạc_Thái_Tông_Street_11-03-2026_E1_185923049.png,/Users/jenfnguyen/Documents/Dev/KIS-AAI-DM-Master/data/caption_project/vietnam_architecture/Aute_plants_at_RG30_Playground_of_Mạc_Thái_Tông_Street_11-03-2026_E1_185923049.png
Chua_cu_(5)_100670146.png,0.6962,manual,False,pagoda/temple,pagoda/temple,"A temple with a red-tiled roof featuring golden ornamental ridge decorations and multiple pillars supporting an overhanging eave, set against trees.","Pagoda with a red tiled roof and yellow facade features ornate gables and carved pillars. The structure has three doorways, decorative trim, and is situated in a paved courtyard with potted plants.",D:\caption_project\vietnam_architecture\Chua_cu_(5)_100670146.png,/Users/jenfnguyen/Documents/Dev/KIS-AAI-DM-Master/data/caption_project/vietnam_architecture/Chua_cu_(5)_100670146.png
"2025-02-08_Thủy_Vỹ_Garden,_Lào_Cai_City_160961588.png",0.6972,manual,False,,,"A row of parked motorbikes sits on a paved area in front of a blue sign reading VƯỜN THỦY VỸ THÀNH PHỐ LÃO CÁI, surrounded by palm trees and greenery with city buildings in the background.","A blue sign reading VƯỜN THỦY VỸ THÀNH PHỐ LÀO CAI stands in a public park area with palm trees, manicured shrubs, and several parked motorcycles on a tiled ground surface.","D:\caption_project\vietnam_architecture\2025-02-08_Thủy_Vỹ_Garden,_Lào_Cai_City_160961588.png","/Users/jenfnguyen/Documents/Dev/KIS-AAI-DM-Master/data/caption_project/vietnam_architecture/2025-02-08_Thủy_Vỹ_Garden,_Lào_Cai_City_160961588.png"
"Chùa_Bửu_Thắng,_Tân_Phú_(cổng_chùa_mặt_trước),_tháng_5_năm_2021_(5)_106024628.png",0.6975,manual,False,pagoda/temple,pagoda/temple,"The ornate entrance gate of Chua Buu Thang pagoda features golden decorative elements, a large yellow banner with Vietnamese text, and traditional spires against a blue sky.","Pagoda entrance gate featuring a yellow sign with red text, gold decorative wheels, and pillars with Chinese characters. A metal gate stands in the center, with a street and motorcycles in the foreground.","D:\caption_project\vietnam_architecture\Chùa_Bửu_Thắng,_Tân_Phú_(cổng_chùa_mặt_trước),_tháng_5_năm_2021_(5)_106024628.png","/Users/jenfnguyen/Documents/Dev/KIS-AAI-DM-Master/data/caption_project/vietnam_architecture/Chùa_Bửu_Thắng,_Tân_Phú_(cổng_chùa_mặt_trước),_tháng_5_năm_2021_(5)_106024628.png"
2024_-_Phu_Dien_Tower_(Tháp_Phú_Diên)_-_img_10_151093121.png,0.6987,manual,False,pagoda/temple,,"A close-up of weathered red brick architectural details from a Cham temple ruin, featuring carved pillars and decorative moldings under a modern metal shelter roof.",Weathered brick wall of a structure featuring a recessed niche flanked by two protruding pilasters. The brown masonry shows signs of erosion and is sheltered by a modern metal roof structure overhead.,D:\caption_project\vietnam_architecture\2024_-_Phu_Dien_Tower_(Tháp_Phú_Diên)_-_img_10_151093121.png,/Users/jenfnguyen/Documents/Dev/KIS-AAI-DM-Master/data/caption_project/vietnam_architecture/2024_-_Phu_Dien_Tower_(Tháp_Phú_Diên)_-_img_10_151093121.png
"Chùa_Huệ_Nghiêm_năm_2022_(khu_nội_viện,_cửa_gỗ)_123933958.png",0.6989,manual,False,,,A close-up of a dark wooden door panel featuring intricate carvings with repeating vertical spindle motifs and solid lower sections. Green trees and a white wall are visible in the background.,Dark brown wooden door featuring intricate turned balusters in the upper panel. The structure stands outdoors near a white wall with orange roof tiles and green trees in the background.,"D:\caption_project\vietnam_architecture\Chùa_Huệ_Nghiêm_năm_2022_(khu_nội_viện,_cửa_gỗ)_123933958.png","/Users/jenfnguyen/Documents/Dev/KIS-AAI-DM-Master/data/caption_project/vietnam_architecture/Chùa_Huệ_Nghiêm_năm_2022_(khu_nội_viện,_cửa_gỗ)_123933958.png"
Chengpan_gaozu_bei_718774.png,0.6996,manual,False,,,"A bronze incense burner with a cylindrical candle holder on top, resting inside a circular tray with two handles and three legs.","A metal basin with a central jade candle holder stand, displayed inside a glass case. The artifact features a dark circular base and a light green stone cylinder supported by curved metal arms.",D:\caption_project\vietnam_architecture\Chengpan_gaozu_bei_718774.png,/Users/jenfnguyen/Documents/Dev/KIS-AAI-DM-Master/data/caption_project/vietnam_architecture/Chengpan_gaozu_bei_718774.png
"Chùa_Bửu_Thắng,_Tân_Phú_(cổng_chùa_mặt_trước),_tháng_5_năm_2021_(4)_106024626.png",0.7002,manual,False,pagoda/temple,pagoda/temple,A temple gate with golden decorative elements and a large yellow banner above it. The gate has metal bars and stone pillars.,"Pagoda entrance gate featuring a yellow sign with red text, golden decorative elements, and a metal fence. The structure is flanked by stone pillars with Chinese characters, situated along a paved street.","D:\caption_project\vietnam_architecture\Chùa_Bửu_Thắng,_Tân_Phú_(cổng_chùa_mặt_trước),_tháng_5_năm_2021_(4)_106024626.png","/Users/jenfnguyen/Documents/Dev/KIS-AAI-DM-Master/data/caption_project/vietnam_architecture/Chùa_Bửu_Thắng,_Tân_Phú_(cổng_chùa_mặt_trước),_tháng_5_năm_2021_(4)_106024626.png"
"Chi_cuc_phat_trien_nong_thon,_6_Yen_The_street,_Da_Lat_17316869.png",0.7005,manual,False,house,house,A colonial house with a steep red-tiled roof and half-timbered upper facade stands behind a stone gate and metal fence. Large weeping willow trees partially obscure the front of the yellow and dark wood building.,"Colonial-style villa featuring a brown tiled roof, yellow walls with dark timber framing, and a stone base. The structure is enclosed by a stone and metal fence, surrounded by trees.","D:\caption_project\vietnam_architecture\Chi_cuc_phat_trien_nong_thon,_6_Yen_The_street,_Da_Lat_17316869.png","/Users/jenfnguyen/Documents/Dev/KIS-AAI-DM-Master/data/caption_project/vietnam_architecture/Chi_cuc_phat_trien_nong_thon,_6_Yen_The_street,_Da_Lat_17316869.png"
Bưu_điện_Hà_Nội_đối_diện_với_tháp_Hòa_Phong_121403573.png,0.7006,manual,False,,,"A wide street lined with tall trees and colonial-style buildings, including a white building with columns on the right. People ride motorbikes along the road while pedestrians walk near storefronts.",A white colonial-style building with tall columns stands beside a street with motorbikes and trees. A small stone structure with a tiered roof is visible on the left near a lake.,D:\caption_project\vietnam_architecture\Bưu_điện_Hà_Nội_đối_diện_với_tháp_Hòa_Phong_121403573.png,/Users/jenfnguyen/Documents/Dev/KIS-AAI-DM-Master/data/caption_project/vietnam_architecture/Bưu_điện_Hà_Nội_đối_diện_với_tháp_Hòa_Phong_121403573.png
4.4_Hue-50_(36452523882)_64886273.png,0.7011,manual,True,pagoda/temple,tomb,"A dark stone pagoda with an ornate multi-tiered roof stands next to a tall, carved stupa on a terrace overlooking green hills.","Dark grey stone tomb structure featuring an open pavilion with a tiled roof and a tall, slender stone pillar. The complex is set against a background of green hills and trees.",D:\caption_project\vietnam_architecture\4.4_Hue-50_(36452523882)_64886273.png,/Users/jenfnguyen/Documents/Dev/KIS-AAI-DM-Master/data/caption_project/vietnam_architecture/4.4_Hue-50_(36452523882)_64886273.png
1_Phu_Quoc_beach_Saigon_Phu_Quoc_Resort_and_Spa_178380668.png,0.7022,manual,False,,,A paved walkway runs between a grassy area with a building and beach umbrellas on one side and a sandy beach with palm trees on the other.,"Resort buildings with tiled roofs and wooden walls are situated along a sandy beach. A tiled walkway separates the grassy lawn from the shore, which features several thatched-roof structures and palm trees.",D:\caption_project\vietnam_architecture\1_Phu_Quoc_beach_Saigon_Phu_Quoc_Resort_and_Spa_178380668.png,/Users/jenfnguyen/Documents/Dev/KIS-AAI-DM-Master/data/caption_project/vietnam_architecture/1_Phu_Quoc_beach_Saigon_Phu_Quoc_Resort_and_Spa_178380668.png
"Ancient_Tomb_Complex_in_Phước_Vĩnh_Đông_Commune,_Cần_Giuộc,_Việt_Nam_(12)_198204655.png",0.7043,manual,False,,,"A close-up of a weathered stone pillar with a pyramidal cap on a wall, surrounded by green foliage.",Stone finial shaped like a lotus bud sits atop a pillar or wall section. The weathered gray stone structure is surrounded by green leafy plants in an outdoor setting.,"D:\caption_project\vietnam_architecture\Ancient_Tomb_Complex_in_Phước_Vĩnh_Đông_Commune,_Cần_Giuộc,_Việt_Nam_(12)_198204655.png","/Users/jenfnguyen/Documents/Dev/KIS-AAI-DM-Master/data/caption_project/vietnam_architecture/Ancient_Tomb_Complex_in_Phước_Vĩnh_Đông_Commune,_Cần_Giuộc,_Việt_Nam_(12)_198204655.png"
"Chùa_Bảo_Đàm,_năm_2022_(cổng_phụ)_(4)_115832001.png",0.7043,manual,False,,pagoda/temple,A blue sign reading GIAO Hoi PHAT GIAO VIET NAM HOA BAO DAM is mounted above a black metal gate with address plate 1929 and smaller signs.,"Entrance gate of a pagoda featuring a large blue sign with white text, flanked by two concrete pillars topped with decorative elements. A dark metal mesh gate sits below the sign, partially obscured by palm trees.","D:\caption_project\vietnam_architecture\Chùa_Bảo_Đàm,_năm_2022_(cổng_phụ)_(4)_115832001.png","/Users/jenfnguyen/Documents/Dev/KIS-AAI-DM-Master/data/caption_project/vietnam_architecture/Chùa_Bảo_Đàm,_năm_2022_(cổng_phụ)_(4)_115832001.png"
At_Hue_Citadel3_18644396.png,0.7046,manual,False,,,"A covered walkway with a green tiled roof and red pillars features colorful dragon murals along its facade, set against a backdrop of trees.","Open-air pavilion with a green tiled roof and a long horizontal frieze featuring dragon motifs. The structure is supported by dark pillars, with a large bronze cauldron placed on the grassy lawn.",D:\caption_project\vietnam_architecture\At_Hue_Citadel3_18644396.png,/Users/jenfnguyen/Documents/Dev/KIS-AAI-DM-Master/data/caption_project/vietnam_architecture/At_Hue_Citadel3_18644396.png
"Chùa_Giác_Sanh_năm_2022_(kiến_trúc_chánh_điện_trên_lầu,_hoành_phi)_(1)_126984475.png",0.7048,manual,False,,pagoda/temple,"The entrance to a building with bright yellow walls and ornate wooden doors. A large golden plaque with red lettering hangs above the doorway, flanked by vertical banners.","Yellow wall of a temple entrance featuring a central decorative golden scroll with red Chinese characters, a carved wooden transom, and dark wood double doors with intricate lattice patterns.","D:\caption_project\vietnam_architecture\Chùa_Giác_Sanh_năm_2022_(kiến_trúc_chánh_điện_trên_lầu,_hoành_phi)_(1)_126984475.png","/Users/jenfnguyen/Documents/Dev/KIS-AAI-DM-Master/data/caption_project/vietnam_architecture/Chùa_Giác_Sanh_năm_2022_(kiến_trúc_chánh_điện_trên_lầu,_hoành_phi)_(1)_126984475.png"
"Chùa_Huệ_Nghiêm_năm_2022_(kiến_trúc_nội_điện,_cửa)_(3)_123933957.png",0.7049,manual,False,pagoda/temple,,The interior of a wooden communal house features large carved green doors and red wooden beams. A red hexagonal lantern with black and white artwork hangs from the ceiling.,Wooden veranda of a structure featuring orange painted beams and dark carved wooden doors with intricate relief figures. Hexagonal red lanterns with white panels hang from the ceiling structure.,"D:\caption_project\vietnam_architecture\Chùa_Huệ_Nghiêm_năm_2022_(kiến_trúc_nội_điện,_cửa)_(3)_123933957.png","/Users/jenfnguyen/Documents/Dev/KIS-AAI-DM-Master/data/caption_project/vietnam_architecture/Chùa_Huệ_Nghiêm_năm_2022_(kiến_trúc_nội_điện,_cửa)_(3)_123933957.png"
"Chùa_Giác_Lâm,_tháng_01_năm_2022_(cổng_chùa)_(4)_115832705.png",0.7051,manual,False,pagoda/temple,pagoda/temple,"An orange and green temple gate with a curved tiled roof, golden dragon sculptures, and ornate metalwork on its doors, flanked by trees under a blue sky.","A large orange entrance gate to a pagoda features green tiled roofs, gold dragon ornaments, and yellow metal gates. Chinese characters and Vietnamese text are inscribed on the pillars and central panels.","D:\caption_project\vietnam_architecture\Chùa_Giác_Lâm,_tháng_01_năm_2022_(cổng_chùa)_(4)_115832705.png","/Users/jenfnguyen/Documents/Dev/KIS-AAI-DM-Master/data/caption_project/vietnam_architecture/Chùa_Giác_Lâm,_tháng_01_năm_2022_(cổng_chùa)_(4)_115832705.png"
"Chùa_Huệ_Nghiêm_năm_2022,_trúc_viên_(rừng_trúc)_(13)_127262745.png",0.7051,manual,False,,statue,"A thatched roof shelter with wooden supports stands amidst dense green bamboo stalks and foliage, creating a natural garden setting.","Small gazebo with a thatched roof stands amidst a dense bamboo grove. A light-colored statue is partially visible under the shelter, surrounded by tall green bamboo stalks and foliage.","D:\caption_project\vietnam_architecture\Chùa_Huệ_Nghiêm_năm_2022,_trúc_viên_(rừng_trúc)_(13)_127262745.png","/Users/jenfnguyen/Documents/Dev/KIS-AAI-DM-Master/data/caption_project/vietnam_architecture/Chùa_Huệ_Nghiêm_năm_2022,_trúc_viên_(rừng_trúc)_(13)_127262745.png"
Chùa_Bửu_Quang_(Cổng_chùa)_(1)_116025943.png,0.7056,manual,False,pagoda/temple,pagoda/temple,A wooden gate of Chua Bau Quang pagoda with intricate carvings above the entrance and green plants on both sides.,"Entrance gate of a pagoda featuring a brown metal fence with gold-colored spear-like finials. A rectangular sign above the gate displays text in brown letters on a yellow background, topped with carved wooden dragon motifs.",D:\caption_project\vietnam_architecture\Chùa_Bửu_Quang_(Cổng_chùa)_(1)_116025943.png,/Users/jenfnguyen/Documents/Dev/KIS-AAI-DM-Master/data/caption_project/vietnam_architecture/Chùa_Bửu_Quang_(Cổng_chùa)_(1)_116025943.png
290Phuc_Kien_Assembly_Hall_46270879.png,0.7058,manual,False,drawing/map,drawing/map,"A large traditional painting on a white wall inside a temple shows two figures riding a giant wave near a sinking ship, while several visitors observe it from in front of a red wooden altar.","Large rectangular painting depicting a stormy sea with a ship and figures, mounted on a white wall inside a building with red pillars and a red wooden altar table below.",D:\caption_project\vietnam_architecture\290Phuc_Kien_Assembly_Hall_46270879.png,/Users/jenfnguyen/Documents/Dev/KIS-AAI-DM-Master/data/caption_project/vietnam_architecture/290Phuc_Kien_Assembly_Hall_46270879.png
"Bahnar_Communal_House,_Museum_of_Ethnology,_Hanoi_(3)_(38463492042)_64218409.png",0.7061,manual,True,house,pagoda/temple,A traditional wooden stilt house with a steep thatched roof and bamboo walls stands on tall posts amidst green trees under a blue sky.,"Communal house with a tall, steeply pitched thatched roof supported by wooden stilts. The structure features woven bamboo walls and a decorative metal ridge ornament, set within a green, tree-filled outdoor area.","D:\caption_project\vietnam_architecture\Bahnar_Communal_House,_Museum_of_Ethnology,_Hanoi_(3)_(38463492042)_64218409.png","/Users/jenfnguyen/Documents/Dev/KIS-AAI-DM-Master/data/caption_project/vietnam_architecture/Bahnar_Communal_House,_Museum_of_Ethnology,_Hanoi_(3)_(38463492042)_64218409.png"
"Chùa_Huệ_Nghiêm_năm_2022,_trúc_viên_(rừng_trúc)_(10)_127262739.png",0.7064,manual,False,pagoda/temple,,"Tall green bamboo stalks fill the frame, partially obscuring a traditional Vietnamese communal house with a curved tiled roof and wooden structure visible in the background.","A dense bamboo grove partially obscures a small structure with a thatched roof and stone base. The ground is covered in fallen leaves, and the scene is dominated by tall green bamboo stalks.","D:\caption_project\vietnam_architecture\Chùa_Huệ_Nghiêm_năm_2022,_trúc_viên_(rừng_trúc)_(10)_127262739.png","/Users/jenfnguyen/Documents/Dev/KIS-AAI-DM-Master/data/caption_project/vietnam_architecture/Chùa_Huệ_Nghiêm_năm_2022,_trúc_viên_(rừng_trúc)_(10)_127262739.png"
"Chung_cu_Vong_Xoay_Ho_con_rua-_q3,_hcm_-_panoramio_56579682.png",0.7071,manual,False,house,,A multi-story shophouse with concrete balconies and a ground floor featuring storefronts with awnings stands on a street lined with tall trees and parked motorbikes.,"Multi-story apartment building with concrete balconies and exterior metal frames, featuring numerous plants and hanging laundry. The ground floor contains commercial storefronts, situated on a street with parked cars and motorcycles.","D:\caption_project\vietnam_architecture\Chung_cu_Vong_Xoay_Ho_con_rua-_q3,_hcm_-_panoramio_56579682.png","/Users/jenfnguyen/Documents/Dev/KIS-AAI-DM-Master/data/caption_project/vietnam_architecture/Chung_cu_Vong_Xoay_Ho_con_rua-_q3,_hcm_-_panoramio_56579682.png"
"0040323_Thap_Doi_Cham_Hindu_complex,_Quy_Nhon,_Binh_Dinh_Vietnam_146_132483205.png",0.7071,manual,False,,,A red brick tower with a stepped pyramidal roof and stone base stands in a green park. The structure features recessed arched niches and is surrounded by trees under a clear blue sky.,"Two tall brick towers with pointed arches and decorative carvings stand in a grassy area. The structures feature weathered orange masonry, stone bases, and vegetation growing from the upper sections.","D:\caption_project\vietnam_architecture\0040323_Thap_Doi_Cham_Hindu_complex,_Quy_Nhon,_Binh_Dinh_Vietnam_146_132483205.png","/Users/jenfnguyen/Documents/Dev/KIS-AAI-DM-Master/data/caption_project/vietnam_architecture/0040323_Thap_Doi_Cham_Hindu_complex,_Quy_Nhon,_Binh_Dinh_Vietnam_146_132483205.png"
Annam._Qui-Nhon._Tours_chams_vues_du_n(ord)-o(uest)_(entrée)_-_(photogr.)_A._S(alles)_-_btv1b53013221k_(1_of_2)_161085357.png,0.7072,manual,True,tomb,pagoda/temple,"A weathered stone tomb carved into a hillside is partially covered by dense vegetation. The structure features arched openings and decorative carvings above them. Overgrown plants surround the base of the ruin, with distant hills visible in the background.","Brick temple ruins featuring vertical pilasters and stone door frames, partially covered by climbing vines. The structure is situated in a hilly landscape with dense vegetation in the foreground.",D:\caption_project\vietnam_architecture\Annam._Qui-Nhon._Tours_chams_vues_du_n(ord)-o(uest)_(entrée)_-_(photogr.)_A._S(alles)_-_btv1b53013221k_(1_of_2)_161085357.png,/Users/jenfnguyen/Documents/Dev/KIS-AAI-DM-Master/data/caption_project/vietnam_architecture/Annam._Qui-Nhon._Tours_chams_vues_du_n(ord)-o(uest)_(entrée)_-_(photogr.)_A._S(alles)_-_btv1b53013221k_(1_of_2)_161085357.png
Bộ_sưu_tập_hỏa_lò_93543833.png,0.7076,manual,False,,,A museum display case with a yellow back wall shows several old metal stoves mounted on the surface. A white sign is present in the center.,"Metal stoves from the Nguyen era are displayed on a bright yellow wall inside a glass case. These small, cylindrical cooking implements show signs of age and oxidation.",D:\caption_project\vietnam_architecture\Bộ_sưu_tập_hỏa_lò_93543833.png,/Users/jenfnguyen/Documents/Dev/KIS-AAI-DM-Master/data/caption_project/vietnam_architecture/Bộ_sưu_tập_hỏa_lò_93543833.png
Chùa_Huệ_Nghiêm_năm_2022_(Bậc_thang_ở_Di_Lặc_Phật_điện)_(1)_124489393.png,0.7078,manual,False,statue,statue,A group of people walks up a wide staircase with reddish-brown railings toward a large white statue in a temple courtyard surrounded by green trees and buildings.,A red-painted wooden staircase with railings leads down into a courtyard featuring a tall white statue of a standing figure. The area is landscaped with potted trees and stone paving.,D:\caption_project\vietnam_architecture\Chùa_Huệ_Nghiêm_năm_2022_(Bậc_thang_ở_Di_Lặc_Phật_điện)_(1)_124489393.png,/Users/jenfnguyen/Documents/Dev/KIS-AAI-DM-Master/data/caption_project/vietnam_architecture/Chùa_Huệ_Nghiêm_năm_2022_(Bậc_thang_ở_Di_Lặc_Phật_điện)_(1)_124489393.png
Chùa_Bảo_Đàm_năm_2022_(Cổng_chùa_một_bên)_(4)_115831985.png,0.7084,manual,True,statue,pagoda/temple,An ornate entrance gate with green curved roofs and white dragon sculptures stands surrounded by potted plants and nearby buildings.,"Gate of a temple featuring green glazed roof tiles, curved eaves with white floral ceramic ornaments, and a tall pillar inscribed with vertical Chinese characters, situated in an urban residential area.",D:\caption_project\vietnam_architecture\Chùa_Bảo_Đàm_năm_2022_(Cổng_chùa_một_bên)_(4)_115831985.png,/Users/jenfnguyen/Documents/Dev/KIS-AAI-DM-Master/data/caption_project/vietnam_architecture/Chùa_Bảo_Đàm_năm_2022_(Cổng_chùa_một_bên)_(4)_115831985.png
At_the_National_Archives_Centre_I_03-02-2026._The_fence_184840771.png,0.7091,manual,False,,,"A modern multi-story building with a curved beige facade and rectangular windows is visible behind an ornate green metal gate. Palm trees stand near the entrance, and flags fly on poles beside the structure.","Modern multi-story institutional building featuring a curved facade, light-colored walls, and blue-tinted windows. A decorative metal gate stands in the foreground, with two Vietnamese flags flying near the entrance.",D:\caption_project\vietnam_architecture\At_the_National_Archives_Centre_I_03-02-2026._The_fence_184840771.png,/Users/jenfnguyen/Documents/Dev/KIS-AAI-DM-Master/data/caption_project/vietnam_architecture/At_the_National_Archives_Centre_I_03-02-2026._The_fence_184840771.png
"Chùa_Huệ_Nghiêm_năm_2022,_trúc_viên_(khóm_trúc)_(3)_127262512.png",0.7092,manual,False,,house,Tall green bamboo stalks stand densely in a grove with dry leaves covering the ground. Behind the bamboo is a two-story building with a yellow wall and a reddish-brown roof.,"Bamboo stalks with carved graffiti stand in front of a house featuring a corrugated metal roof, yellow walls, and a metal gate. The ground is covered with fallen dry bamboo leaves.","D:\caption_project\vietnam_architecture\Chùa_Huệ_Nghiêm_năm_2022,_trúc_viên_(khóm_trúc)_(3)_127262512.png","/Users/jenfnguyen/Documents/Dev/KIS-AAI-DM-Master/data/caption_project/vietnam_architecture/Chùa_Huệ_Nghiêm_năm_2022,_trúc_viên_(khóm_trúc)_(3)_127262512.png"
"Chùa_Giác_Sanh_năm_2022_(phòng_tiếp_khách,_bộ_bàn_ghế_gỗ)_(1)_126742831.png",0.7093,manual,False,,,A furnished room with orange walls and tiled floor contains dark wood furniture with red patterned cushions. A vase of tall decorative grasses sits on a table near a window with intricate black metalwork grilles.,"Interior living room featuring dark wooden furniture with red patterned cushions and glass-topped tables. A large window with decorative metal grilles and a swastika symbol overlooks the exterior, with light tiles on the floor.","D:\caption_project\vietnam_architecture\Chùa_Giác_Sanh_năm_2022_(phòng_tiếp_khách,_bộ_bàn_ghế_gỗ)_(1)_126742831.png","/Users/jenfnguyen/Documents/Dev/KIS-AAI-DM-Master/data/caption_project/vietnam_architecture/Chùa_Giác_Sanh_năm_2022_(phòng_tiếp_khách,_bộ_bàn_ghế_gỗ)_(1)_126742831.png"
Chùa_Bảo_Đàm_năm_2022_(cây_cảnh)_(7)_115905633.png,0.7104,manual,False,house,,"A white shophouse features a dark tiled roof and decorative concrete moldings above ornate metal gates. Large green palm fronds dominate the foreground, partially obscuring the building's facade.","A light-colored building exterior features a tiled roof with decorative ridge details and vertical panels containing inscribed text. A large palm tree stands in the foreground, partially obscuring a metal gate.",D:\caption_project\vietnam_architecture\Chùa_Bảo_Đàm_năm_2022_(cây_cảnh)_(7)_115905633.png,/Users/jenfnguyen/Documents/Dev/KIS-AAI-DM-Master/data/caption_project/vietnam_architecture/Chùa_Bảo_Đàm_năm_2022_(cây_cảnh)_(7)_115905633.png
"Chùa_Huệ_Nghiêm,_Bình_Tân_(cổng_chính),_tháng_12_năm_2021_(2)_113700003.png",0.7111,manual,False,,pagoda/temple,A large arched metal gate with vertical bars is framed by stone pillars supporting a roofed entrance structure. The sign above reads CHÙA HUỆ NGHIÊM.,"Pagoda gate featuring a large arched golden metal gate with lotus motifs, set within stone pillars. The lintel displays red lettering and decorative yellow carvings against a light-colored concrete background.","D:\caption_project\vietnam_architecture\Chùa_Huệ_Nghiêm,_Bình_Tân_(cổng_chính),_tháng_12_năm_2021_(2)_113700003.png","/Users/jenfnguyen/Documents/Dev/KIS-AAI-DM-Master/data/caption_project/vietnam_architecture/Chùa_Huệ_Nghiêm,_Bình_Tân_(cổng_chính),_tháng_12_năm_2021_(2)_113700003.png"
Chùa_Giác_Sanh_năm_2022_(cổng_chùa_mặt_sau)_(22)_116026090.png,0.7113,manual,False,,,"A yellow gate with a circular emblem stands at the entrance to a street where vehicles pass, flanked by buildings and flying flags under a bright sky.","A yellow gate with two pillars stands at the entrance of a street. The gate features a swastika symbol on top, with a Vietnamese flag and a Buddhist flag flying above it.",D:\caption_project\vietnam_architecture\Chùa_Giác_Sanh_năm_2022_(cổng_chùa_mặt_sau)_(22)_116026090.png,/Users/jenfnguyen/Documents/Dev/KIS-AAI-DM-Master/data/caption_project/vietnam_architecture/Chùa_Giác_Sanh_năm_2022_(cổng_chùa_mặt_sau)_(22)_116026090.png
4.4_Hue-12_(36627394285)_64886189.png,0.7118,manual,False,pagoda/temple,,A three-story temple with orange-tiled roofs and red wooden structures is framed by a large arched gateway. A paved walkway leads to the building's entrance.,"A multi-tiered pavilion with orange tiled roofs viewed through a dark arched gate. The structure features red wooden walls, stone steps, and blue decorative panels with symmetrical patterns set against yellow walls.",D:\caption_project\vietnam_architecture\4.4_Hue-12_(36627394285)_64886189.png,/Users/jenfnguyen/Documents/Dev/KIS-AAI-DM-Master/data/caption_project/vietnam_architecture/4.4_Hue-12_(36627394285)_64886189.png
Chùa_Giác_Sanh_năm_2022_(hoành_phi_đỏ_ở_chánh_điện)_(8)_126981876.png,0.7124,manual,False,pagoda/temple,,"A close-up of an ornate entrance to a traditional Vietnamese communal house, featuring a prominent red plaque with gold Chinese characters above intricately carved wooden and concrete decorative panels.","A red horizontal plaque with gold Chinese characters is mounted on a yellow wall above a doorway. A grey decorative relief featuring a dharma wheel symbol sits below the plaque, above dark metal window grilles.",D:\caption_project\vietnam_architecture\Chùa_Giác_Sanh_năm_2022_(hoành_phi_đỏ_ở_chánh_điện)_(8)_126981876.png,/Users/jenfnguyen/Documents/Dev/KIS-AAI-DM-Master/data/caption_project/vietnam_architecture/Chùa_Giác_Sanh_năm_2022_(hoành_phi_đỏ_ở_chánh_điện)_(8)_126981876.png
"Chùa_Dinh_Bà,_Đường_Bạch_Đằng,_Phú_Quốc_kiên_Giang,_VN_-_panoramio_56918648.png",0.7124,manual,False,pagoda/temple,pagoda/temple,"A colorful communal house gate with green and gold curved roofs, red pillars, and stone lion statues at the entrance, surrounded by trees.","Temple gate featuring a multi-tiered roof with green tiles and golden dragon sculptures. The structure is painted in red, green, and gold, with stone lion statues flanking the entrance and surrounding palm trees.","D:\caption_project\vietnam_architecture\Chùa_Dinh_Bà,_Đường_Bạch_Đằng,_Phú_Quốc_kiên_Giang,_VN_-_panoramio_56918648.png","/Users/jenfnguyen/Documents/Dev/KIS-AAI-DM-Master/data/caption_project/vietnam_architecture/Chùa_Dinh_Bà,_Đường_Bạch_Đằng,_Phú_Quốc_kiên_Giang,_VN_-_panoramio_56918648.png"
"2025-02-08_Upper_Temple,_Lao_Cai_老街聖陳祠_05_160901577.png",0.7126,manual,False,,,A traditional Vietnamese stone gate with a curved tiled roof and decorative ridge ornaments stands over a crowd of people in an outdoor park setting surrounded by trees.,"Stone gate with curved roof tiles and decorative finials stands at the entrance of a complex. The grey pillars are inscribed with Chinese characters, and people are gathered in the surrounding courtyard area.","D:\caption_project\vietnam_architecture\2025-02-08_Upper_Temple,_Lao_Cai_老街聖陳祠_05_160901577.png","/Users/jenfnguyen/Documents/Dev/KIS-AAI-DM-Master/data/caption_project/vietnam_architecture/2025-02-08_Upper_Temple,_Lao_Cai_老街聖陳祠_05_160901577.png"
Binh_Tay_market_134444398.png,0.7126,manual,False,,,"Interior of a two-story market hall with tiled floors, displaying rows of shoes on racks and shelves. People shop among the merchandise under wooden ceiling panels and decorative windows.","Interior of a market building featuring a central staircase leading to an upper level. The structure has high ceilings with exposed beams and geometric lattice patterns, with numerous stalls selling footwear on both sides.",D:\caption_project\vietnam_architecture\Binh_Tay_market_134444398.png,/Users/jenfnguyen/Documents/Dev/KIS-AAI-DM-Master/data/caption_project/vietnam_architecture/Binh_Tay_market_134444398.png
"Chùa_Huệ_Nghiêm_năm_2022_(kiến_trúc_nội_điện,_cửa)_(2)_123933956.png",0.7126,manual,False,,,A corridor with polished reddish-orange floors and red wooden beams supports hanging lanterns along a wall of dark wood doors featuring intricate carvings.,"Covered walkway of a building featuring red painted wooden pillars and beams, dark wooden carved doors with figures, and hanging hexagonal lanterns. The floor is made of polished red stone tiles.","D:\caption_project\vietnam_architecture\Chùa_Huệ_Nghiêm_năm_2022_(kiến_trúc_nội_điện,_cửa)_(2)_123933956.png","/Users/jenfnguyen/Documents/Dev/KIS-AAI-DM-Master/data/caption_project/vietnam_architecture/Chùa_Huệ_Nghiêm_năm_2022_(kiến_trúc_nội_điện,_cửa)_(2)_123933956.png"
"Chùa_Bửu_Thắng,_Tân_Phú_(cổng_chùa_mặt_bên),_tháng_5_năm_2021_(7)_106024611.png",0.7128,manual,False,,pagoda/temple,"A close-up of a concrete gate pillar with yellow painted panels featuring large pink Chinese characters and a smaller sign reading CHUA. A small decorative structure with a red tiled roof sits atop the pillar, surrounded by green foliage.","Yellow wall of a pagoda featuring a small decorative roof structure on top, gray stone pillars, and red relief lettering. The structure is set against a background of green tree foliage.","D:\caption_project\vietnam_architecture\Chùa_Bửu_Thắng,_Tân_Phú_(cổng_chùa_mặt_bên),_tháng_5_năm_2021_(7)_106024611.png","/Users/jenfnguyen/Documents/Dev/KIS-AAI-DM-Master/data/caption_project/vietnam_architecture/Chùa_Bửu_Thắng,_Tân_Phú_(cổng_chùa_mặt_bên),_tháng_5_năm_2021_(7)_106024611.png"
Chùa_Bảo_Đàm_năm_2022_(cổng_chùa_phía_trước_nhìn_bên)_(4)_115831989.png,0.713,manual,False,,pagoda/temple,A grey concrete gate with ornate carved pillars and a curved roof decorated with dragons. Green bushes grow at the base of the structure.,Pagoda gate entrance features gray concrete pillars adorned with vertical Chinese character inscriptions and intricate floral carvings. The structure includes a curved roof section with decorative tile work and a small central plaque.,D:\caption_project\vietnam_architecture\Chùa_Bảo_Đàm_năm_2022_(cổng_chùa_phía_trước_nhìn_bên)_(4)_115831989.png,/Users/jenfnguyen/Documents/Dev/KIS-AAI-DM-Master/data/caption_project/vietnam_architecture/Chùa_Bảo_Đàm_năm_2022_(cổng_chùa_phía_trước_nhìn_bên)_(4)_115831989.png
"Chùa_Bảo_Quang,_Tân_Phú,_tháng_01_năm_2022_(cổng_chùa_nhìn_từ_bên_trong)_(1)_114342743.png",0.7138,manual,False,pagoda/temple,,"A miniature pagoda structure with a curved tiled roof stands on a stone pillar, positioned before a wooden plaque inscribed with golden Vietnamese characters and a decorative black metal gate.",Stone lantern and a pomelo on a pedestal in front of a wooden structure with a tiled roof. A large horizontal wooden plaque with gold lettering is mounted on a dark brick wall.,"D:\caption_project\vietnam_architecture\Chùa_Bảo_Quang,_Tân_Phú,_tháng_01_năm_2022_(cổng_chùa_nhìn_từ_bên_trong)_(1)_114342743.png","/Users/jenfnguyen/Documents/Dev/KIS-AAI-DM-Master/data/caption_project/vietnam_architecture/Chùa_Bảo_Quang,_Tân_Phú,_tháng_01_năm_2022_(cổng_chùa_nhìn_từ_bên_trong)_(1)_114342743.png"
Beads_from_Burial_Jacket_(9967102673)_102411684.png,0.714,manual,False,,,"A long strand of small silver beads rests on a beige display cushion inside a box, with a loose red thread tied to one end.","A long string of small, circular, light-colored stone or shell beads lies on a plain, beige-colored display surface inside a museum setting. A thin red thread is tied at one end.",D:\caption_project\vietnam_architecture\Beads_from_Burial_Jacket_(9967102673)_102411684.png,/Users/jenfnguyen/Documents/Dev/KIS-AAI-DM-Master/data/caption_project/vietnam_architecture/Beads_from_Burial_Jacket_(9967102673)_102411684.png
Chùa_Diệu_Pháp_(bảng_hiệu_Đại_Hùng_Bảo_điện)_(4)_127033503.png,0.7146,manual,False,pagoda/temple,,The entrance to a wooden temple interior with carved woodwork and a sign reading Đại Hùng Bửu Điện above the doorway.,"Interior entrance of a building featuring a large wooden sign with gold lettering above a doorway. The structure is constructed with polished wood panels, carved details, and light-colored stone wall surfaces.",D:\caption_project\vietnam_architecture\Chùa_Diệu_Pháp_(bảng_hiệu_Đại_Hùng_Bảo_điện)_(4)_127033503.png,/Users/jenfnguyen/Documents/Dev/KIS-AAI-DM-Master/data/caption_project/vietnam_architecture/Chùa_Diệu_Pháp_(bảng_hiệu_Đại_Hùng_Bảo_điện)_(4)_127033503.png
2013-07-18_My_An_Onsen_Resort_ミーアン温泉_DSCF1174_107169923.png,0.7155,manual,False,,,"A red menu board stands near a poolside area with thatched umbrellas and lounge chairs on a stone patio. The sign displays ""THỰC ĐƠN Menu"" in visible text.","A menu board stands on a stone-paved patio next to a swimming pool. Several thatched-roof umbrellas provide shade for metal lounge chairs, with green trees visible in the background.",D:\caption_project\vietnam_architecture\2013-07-18_My_An_Onsen_Resort_ミーアン温泉_DSCF1174_107169923.png,/Users/jenfnguyen/Documents/Dev/KIS-AAI-DM-Master/data/caption_project/vietnam_architecture/2013-07-18_My_An_Onsen_Resort_ミーアン温泉_DSCF1174_107169923.png
Chùa_Diệu_Pháp_(bảng_hiệu_Đại_Hùng_Bảo_điện)_(5)_127033502.png,0.7162,manual,False,,,A wooden ceiling with carved floral patterns above a large sign reading ĐAI HÙNG BỬU ĐIỆN. The structure features reddish-brown woodwork and white walls framing an entrance.,Interior detail of a wooden structure featuring a large horizontal panel with gold lettering. The ceiling is adorned with carved wooden sunburst patterns and intricate border designs above a doorway.,D:\caption_project\vietnam_architecture\Chùa_Diệu_Pháp_(bảng_hiệu_Đại_Hùng_Bảo_điện)_(5)_127033502.png,/Users/jenfnguyen/Documents/Dev/KIS-AAI-DM-Master/data/caption_project/vietnam_architecture/Chùa_Diệu_Pháp_(bảng_hiệu_Đại_Hùng_Bảo_điện)_(5)_127033502.png
Chùa_Huệ_Nghiêm_năm_2022_(bậc_thềm_tam_cấp_ở_hậu_viện)_(6)_124489295.png,0.7164,manual,False,house,,"Wide stairs with reddish-brown and beige terrazzo steps lead up to a wooden porch. The house features brown wooden railings, pillars, and doors against a cream-colored wall.","Stone steps lead to a building entrance with wooden doors and a brown railing. The steps feature alternating red and yellow granite tiles, with a lotus flower design etched into the landing.",D:\caption_project\vietnam_architecture\Chùa_Huệ_Nghiêm_năm_2022_(bậc_thềm_tam_cấp_ở_hậu_viện)_(6)_124489295.png,/Users/jenfnguyen/Documents/Dev/KIS-AAI-DM-Master/data/caption_project/vietnam_architecture/Chùa_Huệ_Nghiêm_năm_2022_(bậc_thềm_tam_cấp_ở_hậu_viện)_(6)_124489295.png
"Annam._Sur_la_route_mandarine._Tour_Cham,_au_n(ord)_de_Phan-rang_-_(photogr.)_A._S(alles)_-_btv1b531724750_(3_of_3)_160603643.png",0.7164,manual,False,,pagoda/temple,"Aged brown paper page with handwritten French text including Annam, Sur la route Mandarine, Tour Cham, au N. de Phan-rang, dated 29 Avril 1895 and signed A.S., plus a note at the bottom.","Handwritten text on a light brown paper envelope, featuring French script describing a Cham tower located north of Phan-rang, dated April 29, 1898, with a signature and a note about the photographic process.","D:\caption_project\vietnam_architecture\Annam._Sur_la_route_mandarine._Tour_Cham,_au_n(ord)_de_Phan-rang_-_(photogr.)_A._S(alles)_-_btv1b531724750_(3_of_3)_160603643.png","/Users/jenfnguyen/Documents/Dev/KIS-AAI-DM-Master/data/caption_project/vietnam_architecture/Annam._Sur_la_route_mandarine._Tour_Cham,_au_n(ord)_de_Phan-rang_-_(photogr.)_A._S(alles)_-_btv1b531724750_(3_of_3)_160603643.png"
"0040223_Ganesha,_Cham_Hindu_deity,_Museum_of_Cham_Sculpture,_Da_Nang_Vietnam_132522171.png",0.7166,manual,False,statue,statue,A weathered stone statue of Ganesha seated on a rectangular base against a white background.,"A dark stone statue of an elephant-headed figure is seated on a rectangular base. The figure has a trunk, large ears, and holds an object in its left hand, with its right hand resting on its lap.","D:\caption_project\vietnam_architecture\0040223_Ganesha,_Cham_Hindu_deity,_Museum_of_Cham_Sculpture,_Da_Nang_Vietnam_132522171.png","/Users/jenfnguyen/Documents/Dev/KIS-AAI-DM-Master/data/caption_project/vietnam_architecture/0040223_Ganesha,_Cham_Hindu_deity,_Museum_of_Cham_Sculpture,_Da_Nang_Vietnam_132522171.png"
"AP1533-Sogny-Marien_Annam,_Dong_Duong,_1933_–_Visite_de_S.M._Bao_Dai_(2)_143942628.png",0.7179,manual,False,,,A group of people wearing hats and traditional Vietnamese attire stand on a stone path outdoors near trees.,"A group of people in traditional Vietnamese clothing and colonial-style hats gather around a stone stele placed on a concrete base in a field, with trees visible in the background.","D:\caption_project\vietnam_architecture\AP1533-Sogny-Marien_Annam,_Dong_Duong,_1933_–_Visite_de_S.M._Bao_Dai_(2)_143942628.png","/Users/jenfnguyen/Documents/Dev/KIS-AAI-DM-Master/data/caption_project/vietnam_architecture/AP1533-Sogny-Marien_Annam,_Dong_Duong,_1933_–_Visite_de_S.M._Bao_Dai_(2)_143942628.png"
Chùa_Bảo_Đàm_năm_2022_(cổng_chùa_phía_trước_nhìn_bên)_(3)_115831988.png,0.7181,manual,False,house,,"A courtyard view of a house exterior featuring ornate white concrete pillars with carved Vietnamese characters and black metal gates, surrounded by large potted green plants.",Potted green plants stand in front of a light gray concrete gate featuring vertical Chinese characters and a black metal fence. The structure includes decorative relief carvings on the pillars.,D:\caption_project\vietnam_architecture\Chùa_Bảo_Đàm_năm_2022_(cổng_chùa_phía_trước_nhìn_bên)_(3)_115831988.png,/Users/jenfnguyen/Documents/Dev/KIS-AAI-DM-Master/data/caption_project/vietnam_architecture/Chùa_Bảo_Đàm_năm_2022_(cổng_chùa_phía_trước_nhìn_bên)_(3)_115831988.png
Chùa_Giác_Tánh_(Cổng_chùa)_(16)_119454417.png,0.7181,manual,False,pagoda/temple,pagoda/temple,The entrance gate of a temple features a black sign with gold lettering reading CHUA G and colorful triangular flags. Stone pillars with carved details frame the entryway to an open courtyard area.,"Entrance gate of a pagoda featuring dark wooden pillars with gold inscriptions and stone masonry. The courtyard contains a small tree, tables, and chairs, decorated with colorful flags and banners.",D:\caption_project\vietnam_architecture\Chùa_Giác_Tánh_(Cổng_chùa)_(16)_119454417.png,/Users/jenfnguyen/Documents/Dev/KIS-AAI-DM-Master/data/caption_project/vietnam_architecture/Chùa_Giác_Tánh_(Cổng_chùa)_(16)_119454417.png
"0040323_Thap_Doi_Cham_Hindu_complex,_Quy_Nhon,_Binh_Dinh_Vietnam_316_132483224.png",0.7183,manual,False,,pagoda/temple,"A red brick tower with a stepped pyramidal roof and arched facade stands against a clear blue sky, surrounded by palm trees and manicured green grass.","Tall red brick Cham tower featuring a square base, vertical pilasters, and a pointed arch niche on the facade. The structure is weathered with vegetation growing from the top and sides.","D:\caption_project\vietnam_architecture\0040323_Thap_Doi_Cham_Hindu_complex,_Quy_Nhon,_Binh_Dinh_Vietnam_316_132483224.png","/Users/jenfnguyen/Documents/Dev/KIS-AAI-DM-Master/data/caption_project/vietnam_architecture/0040323_Thap_Doi_Cham_Hindu_complex,_Quy_Nhon,_Binh_Dinh_Vietnam_316_132483224.png"
"Chùa_Huệ_Nghiêm_năm_2022_(khu_nội_viện,_cổng_tam_quan)_(14)_127034207.png",0.7189,manual,False,,pagoda/temple,A traditional wooden gate with a curved tiled roof features golden characters on dark brown beams. Stacks of cardboard boxes sit at the entrance while people stand nearby under an overcast sky.,"Traditional wooden gate of a pagoda featuring a dark brown timber frame, orange tiled roof with curved corners, and a golden statue placed in an upper alcove. Chinese characters are displayed on wooden plaques.","D:\caption_project\vietnam_architecture\Chùa_Huệ_Nghiêm_năm_2022_(khu_nội_viện,_cổng_tam_quan)_(14)_127034207.png","/Users/jenfnguyen/Documents/Dev/KIS-AAI-DM-Master/data/caption_project/vietnam_architecture/Chùa_Huệ_Nghiêm_năm_2022_(khu_nội_viện,_cổng_tam_quan)_(14)_127034207.png"
"Chùa_Bửu_Thắng,_Tân_Phú_(cổng_chùa_mặt_trước),_tháng_5_năm_2021_(1)_106024631.png",0.7189,manual,False,pagoda/temple,pagoda/temple,"An ornate temple gate with a curved golden roof and decorative elements stands at an entrance. A large yellow banner hangs across the top, featuring text in Vietnamese.","A pagoda entrance gate featuring a yellow sign with red text, gold-colored wheel symbols, and stone pillars. The gate is flanked by metal fences and flags under a partly cloudy sky.","D:\caption_project\vietnam_architecture\Chùa_Bửu_Thắng,_Tân_Phú_(cổng_chùa_mặt_trước),_tháng_5_năm_2021_(1)_106024631.png","/Users/jenfnguyen/Documents/Dev/KIS-AAI-DM-Master/data/caption_project/vietnam_architecture/Chùa_Bửu_Thắng,_Tân_Phú_(cổng_chùa_mặt_trước),_tháng_5_năm_2021_(1)_106024631.png"
Canh_61_1655918.png,0.7204,manual,False,pagoda/temple,pagoda/temple,A yellow communal house with three arched doorways and a curved tiled roof stands under a large tree. A person stands in front of the central entrance.,"Yellow temple building with three arched entrances, a tiled roof with curved corners, and red-painted pillars. A large leafless tree stands behind the structure, while a person stands in the central doorway.",D:\caption_project\vietnam_architecture\Canh_61_1655918.png,/Users/jenfnguyen/Documents/Dev/KIS-AAI-DM-Master/data/caption_project/vietnam_architecture/Canh_61_1655918.png
"Annam._Binh-dinh._Panorama_des_tours_cham,_en_deux_phototype_-_(photogr.)_A._S(alles)_-_btv1b53013102t_(2_of_2)_161195552.png",0.7204,manual,False,,,"A small stone monument stands alone on a barren, rocky hillside under an overcast sky.","A small, tall stone structure stands on a sloped, rocky hillside. The image is a negative, showing the building against a dark sky with a flat landscape visible in the distance.","D:\caption_project\vietnam_architecture\Annam._Binh-dinh._Panorama_des_tours_cham,_en_deux_phototype_-_(photogr.)_A._S(alles)_-_btv1b53013102t_(2_of_2)_161195552.png","/Users/jenfnguyen/Documents/Dev/KIS-AAI-DM-Master/data/caption_project/vietnam_architecture/Annam._Binh-dinh._Panorama_des_tours_cham,_en_deux_phototype_-_(photogr.)_A._S(alles)_-_btv1b53013102t_(2_of_2)_161195552.png"
Chùa_Diệu_Pháp_(trong_Chánh_điện_lót_gổ)_(2)_127033507.png,0.7208,manual,False,,pagoda/temple,The interior of a large hall features polished reddish-brown tiled floors and an ornate wooden ceiling with recessed lighting. A thick wooden pillar stands near a large drum mounted on a carved wooden frame in the foreground.,"Interior of a temple featuring a large wooden drum on a carved stand in the foreground. The space has polished stone floors, wooden paneled ceilings, and large cylindrical wooden pillars.",D:\caption_project\vietnam_architecture\Chùa_Diệu_Pháp_(trong_Chánh_điện_lót_gổ)_(2)_127033507.png,/Users/jenfnguyen/Documents/Dev/KIS-AAI-DM-Master/data/caption_project/vietnam_architecture/Chùa_Diệu_Pháp_(trong_Chánh_điện_lót_gổ)_(2)_127033507.png
"Chùa_Bửu_Thắng,_Tân_Phú_(cổng_chùa_mặt_trước),_tháng_5_năm_2021_(3)_106024625.png",0.7209,manual,False,pagoda/temple,pagoda/temple,The entrance gate of Chua Buu Thang pagoda in Vietnam features golden spires and a large sign with red lettering. A yellow banner below reads 'Kính Mừng Đại Lễ Phật Đản'.,"Pagoda entrance gate featuring a large gold sign with red lettering, topped with a golden dharma wheel and decorative figures. A yellow banner hangs across the metal gate in front of the building.","D:\caption_project\vietnam_architecture\Chùa_Bửu_Thắng,_Tân_Phú_(cổng_chùa_mặt_trước),_tháng_5_năm_2021_(3)_106024625.png","/Users/jenfnguyen/Documents/Dev/KIS-AAI-DM-Master/data/caption_project/vietnam_architecture/Chùa_Bửu_Thắng,_Tân_Phú_(cổng_chùa_mặt_trước),_tháng_5_năm_2021_(3)_106024625.png"
"Barracks_Phu_Quoc_PW_Camp,_January_1973_90454940.png",0.7212,manual,False,,,A group of men in green uniforms stand on and around a makeshift wooden structure with a corrugated metal roof and walls covered in tarps. Several white chickens walk on the dirt ground below.,"Small makeshift structure with a dark pitched roof and walls covered in burlap fabric. A group of men in uniform stands near the entrance, while small birds roam on the dirt ground.","D:\caption_project\vietnam_architecture\Barracks_Phu_Quoc_PW_Camp,_January_1973_90454940.png","/Users/jenfnguyen/Documents/Dev/KIS-AAI-DM-Master/data/caption_project/vietnam_architecture/Barracks_Phu_Quoc_PW_Camp,_January_1973_90454940.png"
Chùa_Giác_Sanh_năm_2022_(hậu_viện)_(1)_126992269.png,0.7212,manual,False,pagoda/temple,pagoda/temple,"A two-story yellow temple with red pillars, a tiled roof, and ornate carvings on the walls and balcony railings. The entrance features decorative doors and a staircase leading up to the main floor.","Pagoda exterior featuring yellow walls, dark red cylindrical pillars, and intricate carved wooden panels. The structure includes a multi-level balcony with lotus-shaped ornaments and a metal door with a swastika pattern.",D:\caption_project\vietnam_architecture\Chùa_Giác_Sanh_năm_2022_(hậu_viện)_(1)_126992269.png,/Users/jenfnguyen/Documents/Dev/KIS-AAI-DM-Master/data/caption_project/vietnam_architecture/Chùa_Giác_Sanh_năm_2022_(hậu_viện)_(1)_126992269.png
Chùa_Huệ_Nghiêm_năm_2022_(kiến_trúc_Khu_nội_viện)_(45)_127288311.png,0.7212,manual,False,pagoda/temple,,A two-story traditional Vietnamese communal house with red wooden pillars and ornate railings stands in a courtyard surrounded by tall palm trees and green shrubs.,"Two-story wooden building with a tiled roof features red painted pillars and railings. The structure is set behind a stone-paved courtyard filled with green bushes, potted plants, and tall palm trees.",D:\caption_project\vietnam_architecture\Chùa_Huệ_Nghiêm_năm_2022_(kiến_trúc_Khu_nội_viện)_(45)_127288311.png,/Users/jenfnguyen/Documents/Dev/KIS-AAI-DM-Master/data/caption_project/vietnam_architecture/Chùa_Huệ_Nghiêm_năm_2022_(kiến_trúc_Khu_nội_viện)_(45)_127288311.png
2012_Ho_Chi_Minh_Mausoleum_31409444.png,0.7216,manual,False,tomb,tomb,A large mausoleum with a flat roof and tall stone pillars. The name Ho Chi Minh is written on the facade above the entrance. Landscaped trees and flower beds are in front.,"Large stone mausoleum featuring a rectangular structure with multiple square columns and a flat roof. The exterior is constructed from grey and reddish stone, with a sign inscribed in dark letters.",D:\caption_project\vietnam_architecture\2012_Ho_Chi_Minh_Mausoleum_31409444.png,/Users/jenfnguyen/Documents/Dev/KIS-AAI-DM-Master/data/caption_project/vietnam_architecture/2012_Ho_Chi_Minh_Mausoleum_31409444.png
"Chùa_Giác_Sanh_năm_2022_(kiến_trúc_chánh_điện_trên_lầu,_ngoại_cảnh)_(2)_126992282.png",0.7217,manual,False,statue,pagoda/temple,A golden relief sculpture of a deity stands on an ornate pedestal against a yellow wall at a Vietnamese temple. The building features curved green-tiled roofs with decorative dragon figures and red lanterns.,"Pagoda exterior featuring a yellow wall with a golden relief sculpture of a warrior figure. The curved roof has green tiles and golden dragon ornaments, with red lanterns hanging from the eaves.","D:\caption_project\vietnam_architecture\Chùa_Giác_Sanh_năm_2022_(kiến_trúc_chánh_điện_trên_lầu,_ngoại_cảnh)_(2)_126992282.png","/Users/jenfnguyen/Documents/Dev/KIS-AAI-DM-Master/data/caption_project/vietnam_architecture/Chùa_Giác_Sanh_năm_2022_(kiến_trúc_chánh_điện_trên_lầu,_ngoại_cảnh)_(2)_126992282.png"
"Chùa_Huệ_Nghiêm_năm_2022_(khu_nội_viện,_cổng_tam_quan)_(5)_127034192.png",0.7225,manual,False,pagoda/temple,pagoda/temple,"A traditional wooden pagoda gate with curved tiled roofs and carved details, flanked by a leafy tree bearing fruit. A sign reads 'ĐỀN HIẾU ÁN'.","Wooden gate of a temple structure featuring dark brown timber, carved balusters, and Chinese characters on horizontal plaques. A golden statue is visible in the upper section under a tiled roof.","D:\caption_project\vietnam_architecture\Chùa_Huệ_Nghiêm_năm_2022_(khu_nội_viện,_cổng_tam_quan)_(5)_127034192.png","/Users/jenfnguyen/Documents/Dev/KIS-AAI-DM-Master/data/caption_project/vietnam_architecture/Chùa_Huệ_Nghiêm_năm_2022_(khu_nội_viện,_cổng_tam_quan)_(5)_127034192.png"
Chùa_Diệu_Pháp_(mái_trần_Chánh_điện)_(12)_127033101.png,0.7226,manual,False,,,"An ornate wooden ceiling with a central Dharma wheel design and carved beams, viewed from below at an angle.","Interior wooden ceiling featuring a central circular wheel motif with a swastika symbol. The structure is composed of polished brown wood panels, carved beams, and recessed rectangular sections with integrated lighting.",D:\caption_project\vietnam_architecture\Chùa_Diệu_Pháp_(mái_trần_Chánh_điện)_(12)_127033101.png,/Users/jenfnguyen/Documents/Dev/KIS-AAI-DM-Master/data/caption_project/vietnam_architecture/Chùa_Diệu_Pháp_(mái_trần_Chánh_điện)_(12)_127033101.png
Chùa_Giác_Sanh_năm_2022_(trong_chánh_điện)_(3)_126962081.png,0.7229,manual,False,pagoda/temple,pagoda/temple,"Interior of a communal house with a high coffered ceiling, red lanterns hanging from above, and an ornate golden altar at the far end decorated with carvings.","Interior of a temple featuring a central altar with gold-painted wooden carvings, a tiled floor, and a white ceiling with recessed panels. Red lanterns hang from the ceiling, and Buddhist flags line the walls.",D:\caption_project\vietnam_architecture\Chùa_Giác_Sanh_năm_2022_(trong_chánh_điện)_(3)_126962081.png,/Users/jenfnguyen/Documents/Dev/KIS-AAI-DM-Master/data/caption_project/vietnam_architecture/Chùa_Giác_Sanh_năm_2022_(trong_chánh_điện)_(3)_126962081.png
Chùa_Bảo_Đàm_năm_2022_(cầu_thang)_(2)_115906761.png,0.723,manual,False,,,"A staircase with orange painted steps and a marble-patterned central runner leads upward inside a building. A large circular window with decorative metalwork is visible at the top landing, next to a dark wooden table.","Interior staircase with orange and patterned beige tiles leads to a landing featuring a circular window with dragon carvings, a dark wooden altar, and a rectangular relief panel on the wall.",D:\caption_project\vietnam_architecture\Chùa_Bảo_Đàm_năm_2022_(cầu_thang)_(2)_115906761.png,/Users/jenfnguyen/Documents/Dev/KIS-AAI-DM-Master/data/caption_project/vietnam_architecture/Chùa_Bảo_Đàm_năm_2022_(cầu_thang)_(2)_115906761.png
ASI_of_India_helps_Vietnam_to_restore_the_Mỹ_Sơn_Sanctuary_159818861.png,0.723,manual,False,pagoda/temple,pagoda/temple,A large wooden sign with a roof stands outdoors on grass near trees. The sign displays flags and text about an India-Vietnam partnership for the conservation of temples at My Son by the Archaeological Survey of India.,"A rectangular brown information sign stands in a grassy area, detailing the conservation and restoration project of temple groups at My Son. A person in uniform walks past the sign outdoors.",D:\caption_project\vietnam_architecture\ASI_of_India_helps_Vietnam_to_restore_the_Mỹ_Sơn_Sanctuary_159818861.png,/Users/jenfnguyen/Documents/Dev/KIS-AAI-DM-Master/data/caption_project/vietnam_architecture/ASI_of_India_helps_Vietnam_to_restore_the_Mỹ_Sơn_Sanctuary_159818861.png
"0040423_Thap_Canh_Tien_Cham_Hindu_temple,_Binh_Dinh_Vietnam_059_132519283.png",0.7234,manual,False,,,A weathered brick wall with a patchwork pattern of yellow and dark brown bricks stands above a paved stone walkway and a low rough-hewn stone curb.,"Brick wall of a structure featuring weathered, dark-stained surfaces and a central vertical pillar. The base consists of a raised platform made of dark, rough-hewn stone blocks set against a paved ground.","D:\caption_project\vietnam_architecture\0040423_Thap_Canh_Tien_Cham_Hindu_temple,_Binh_Dinh_Vietnam_059_132519283.png","/Users/jenfnguyen/Documents/Dev/KIS-AAI-DM-Master/data/caption_project/vietnam_architecture/0040423_Thap_Canh_Tien_Cham_Hindu_temple,_Binh_Dinh_Vietnam_059_132519283.png"
682013_111112_PM_IMG_4713_33995676.png,0.7235,manual,False,,statue,"A white plaster relief panel framed in wood depicts a Buddhist scene with figures under a tree and a child holding a lotus flower, resting on newspaper at the base.","White plaster relief sculpture depicting figures in traditional attire, including a central child figure with a halo standing on a lotus, framed by a dark wooden border against a tiled wall.",D:\caption_project\vietnam_architecture\682013_111112_PM_IMG_4713_33995676.png,/Users/jenfnguyen/Documents/Dev/KIS-AAI-DM-Master/data/caption_project/vietnam_architecture/682013_111112_PM_IMG_4713_33995676.png
Ben_trai_158683667.png,0.7237,manual,False,tomb,tomb,"Rows of red brick tombs arranged on a paved courtyard, each holding pink flowers and glass vases, with a tall central memorial tower featuring a star emblem and vertical text.","A cemetery featuring rows of uniform, dark red tiled graves and a central monument with a tall, rectangular pillar. The site is paved with concrete and surrounded by residential buildings and trees.",D:\caption_project\vietnam_architecture\Ben_trai_158683667.png,/Users/jenfnguyen/Documents/Dev/KIS-AAI-DM-Master/data/caption_project/vietnam_architecture/Ben_trai_158683667.png
Chiếc_bình_hồ_lô_vàng_trong_Nghĩa_trrang_Trung_Minh_ng24th9n2022_(4)_123411187.png,0.7238,manual,False,statue,,A large orange glazed double-gourd sculpture sits atop a stone and reddish-brown tiled structure against a blue sky with white clouds.,Gourd-shaped ceramic ornament in a glossy orange finish sits atop a square pillar structure. The pillar is constructed with dark red panels framed by light-colored stone tiles against a cloudy sky.,D:\caption_project\vietnam_architecture\Chiếc_bình_hồ_lô_vàng_trong_Nghĩa_trrang_Trung_Minh_ng24th9n2022_(4)_123411187.png,/Users/jenfnguyen/Documents/Dev/KIS-AAI-DM-Master/data/caption_project/vietnam_architecture/Chiếc_bình_hồ_lô_vàng_trong_Nghĩa_trrang_Trung_Minh_ng24th9n2022_(4)_123411187.png
Chùa_Huệ_Nghiêm_năm_2022_(kiến_trúc_Di_Lặc_phật_điện)_(8)_127288308.png,0.7245,manual,False,pagoda/temple,pagoda/temple,"A multi-level traditional Vietnamese temple with red wooden pillars and a curved tiled roof. A stone staircase leads up to an upper balcony lined with decorative railings, surrounded by potted plants on a paved courtyard.",A two-story pagoda structure features a long overhanging tiled roof with curved corners and a wooden frame painted in a reddish-brown color. An outdoor staircase leads to the upper level balcony.,D:\caption_project\vietnam_architecture\Chùa_Huệ_Nghiêm_năm_2022_(kiến_trúc_Di_Lặc_phật_điện)_(8)_127288308.png,/Users/jenfnguyen/Documents/Dev/KIS-AAI-DM-Master/data/caption_project/vietnam_architecture/Chùa_Huệ_Nghiêm_năm_2022_(kiến_trúc_Di_Lặc_phật_điện)_(8)_127288308.png
"Chum_kiểng_tu_viện_Vinh_Sơn,_Quận_3_(31)_115803851.png",0.7246,manual,False,,,"A large brown glazed ceramic jar sits on a tiled walkway between two blue walls, surrounded by stacked stones. A small green plant grows from the top of the jar.","A large brown glazed ceramic water jar is embedded into a wall base, surrounded by a border of small grey stones. The wall features blue painted vertical pillars and white plaster sections.","D:\caption_project\vietnam_architecture\Chum_kiểng_tu_viện_Vinh_Sơn,_Quận_3_(31)_115803851.png","/Users/jenfnguyen/Documents/Dev/KIS-AAI-DM-Master/data/caption_project/vietnam_architecture/Chum_kiểng_tu_viện_Vinh_Sơn,_Quận_3_(31)_115803851.png"
Chùa_Giác_Sanh_năm_2022_(cổng_chùa)_(14)_116026104.png,0.725,manual,False,pagoda/temple,pagoda/temple,"A blue sign above a black metal gate reads CHÙA GIÁC SANH with an address and phone number, leading to a Buddhist temple complex decorated with colorful flags and red lanterns.","A pagoda entrance features a large blue sign with white text, a black metal gate with gold lotus motifs, and red lanterns hanging above. A narrow pathway leads toward the yellow building structure.",D:\caption_project\vietnam_architecture\Chùa_Giác_Sanh_năm_2022_(cổng_chùa)_(14)_116026104.png,/Users/jenfnguyen/Documents/Dev/KIS-AAI-DM-Master/data/caption_project/vietnam_architecture/Chùa_Giác_Sanh_năm_2022_(cổng_chùa)_(14)_116026104.png
"Ancient_Tomb_Complex_in_Phước_Vĩnh_Đông_Commune,_Cần_Giuộc,_Việt_Nam_(26)_198204683.png",0.7251,manual,False,,tomb,Weathered stone architectural details with carved floral patterns and a pointed finial are surrounded by dense green foliage.,"Stone tomb detail featuring a carved floral motif and a lotus-shaped finial on a square pillar, surrounded by overgrown green vegetation in an outdoor setting.","D:\caption_project\vietnam_architecture\Ancient_Tomb_Complex_in_Phước_Vĩnh_Đông_Commune,_Cần_Giuộc,_Việt_Nam_(26)_198204683.png","/Users/jenfnguyen/Documents/Dev/KIS-AAI-DM-Master/data/caption_project/vietnam_architecture/Ancient_Tomb_Complex_in_Phước_Vĩnh_Đông_Commune,_Cần_Giuộc,_Việt_Nam_(26)_198204683.png"
Chùa_Diệu_Pháp_(bảng_hiệu_Đại_Hùng_Bảo_điện)_(1)_127033496.png,0.7259,manual,False,,,Interior of a building with polished marble floors and red wooden pillars. A carved wooden sign above three doorways reads TỔ ẤN TRÙNG QUANG in gold letters.,"Interior of a building featuring a wooden ceiling with intricate carvings and a central horizontal wooden plaque with gold lettering. Three doorways lead into dark rooms, and the floor is made of polished stone tiles.",D:\caption_project\vietnam_architecture\Chùa_Diệu_Pháp_(bảng_hiệu_Đại_Hùng_Bảo_điện)_(1)_127033496.png,/Users/jenfnguyen/Documents/Dev/KIS-AAI-DM-Master/data/caption_project/vietnam_architecture/Chùa_Diệu_Pháp_(bảng_hiệu_Đại_Hùng_Bảo_điện)_(1)_127033496.png
20190923_Thien_Hau_Temple_temple_roof-1_124575618.png,0.727,manual,False,pagoda/temple,pagoda/temple,"A close-up of a traditional communal house roof ridge, featuring elaborate ceramic figurines and ornate architectural decorations against a white tiled wall.","A detailed roof ridge of a temple features intricate ceramic figurines depicting figures in traditional attire. Below, a frieze displays relief carvings of birds and floral motifs against a weathered surface.",D:\caption_project\vietnam_architecture\20190923_Thien_Hau_Temple_temple_roof-1_124575618.png,/Users/jenfnguyen/Documents/Dev/KIS-AAI-DM-Master/data/caption_project/vietnam_architecture/20190923_Thien_Hau_Temple_temple_roof-1_124575618.png
"Chùa_Giác_Hải_ở_Bình_Tân,_tháng_12_năm_2021_(cổng_vào)_(1)_113532581.png",0.727,manual,False,,pagoda/temple,A yellow and red gate entrance with traditional Vietnamese architectural elements and Chinese characters. The structure features decorative roof ridges and vertical banners flanking the central archway.,A yellow gate with red trim and Chinese characters serves as the entrance to a pagoda. The structure features a swastika symbol on top and three metal gates leading to a paved area.,"D:\caption_project\vietnam_architecture\Chùa_Giác_Hải_ở_Bình_Tân,_tháng_12_năm_2021_(cổng_vào)_(1)_113532581.png","/Users/jenfnguyen/Documents/Dev/KIS-AAI-DM-Master/data/caption_project/vietnam_architecture/Chùa_Giác_Hải_ở_Bình_Tân,_tháng_12_năm_2021_(cổng_vào)_(1)_113532581.png"
"AP0035-Sallet_Hué,_1928_–_Palais_An_Dinh_–_Le_théâtre_(1)_144667481.png",0.7271,manual,False,,,"An old photograph of an ornate colonial interior with three arched doorways, decorative carvings on walls and pillars, hanging chandeliers, and a staircase leading to an upper level.","Interior of a large hall featuring a central staircase leading to arched doorways. The walls and pillars are decorated with intricate carvings, and multiple chandeliers hang from the high ceiling.","D:\caption_project\vietnam_architecture\AP0035-Sallet_Hué,_1928_–_Palais_An_Dinh_–_Le_théâtre_(1)_144667481.png","/Users/jenfnguyen/Documents/Dev/KIS-AAI-DM-Master/data/caption_project/vietnam_architecture/AP0035-Sallet_Hué,_1928_–_Palais_An_Dinh_–_Le_théâtre_(1)_144667481.png"
"AP1636-Sogny-Marien_Annam,_Dong_Duong,_1933_–_Visite_de_S.M._Bao_Dai_(3)_143900266.png",0.7272,manual,False,,,"A group of people gather around a large, dark stone stele outdoors under trees. Some individuals wear colonial-style hats and clothing while others hold parasols.","A tall stone stele stands outdoors, surrounded by a group of people in colonial-era attire and traditional Vietnamese clothing. Two large ceremonial umbrellas are held over the stone monument in an open landscape.","D:\caption_project\vietnam_architecture\AP1636-Sogny-Marien_Annam,_Dong_Duong,_1933_–_Visite_de_S.M._Bao_Dai_(3)_143900266.png","/Users/jenfnguyen/Documents/Dev/KIS-AAI-DM-Master/data/caption_project/vietnam_architecture/AP1636-Sogny-Marien_Annam,_Dong_Duong,_1933_–_Visite_de_S.M._Bao_Dai_(3)_143900266.png"
"Chùa_Bảo_Quang,_Tân_Phú_(Cổng_mặt_cạnh),_tháng_5_năm_2021_(6)_105338428.png",0.7273,manual,False,pagoda/temple,pagoda/temple,"A temple facade with a curved tiled roof and ornate wooden eaves. Green trees partially obscure a golden sign reading 'PHAT GIAO VIET NAM' and 'QUANG', along with decorative wooden panels and a black gate.","Pagoda exterior featuring a brown tiled roof with curved eaves, intricate wooden carvings, and a dark metal gate. Green trees and shrubs are positioned in the foreground, partially obscuring the building facade.","D:\caption_project\vietnam_architecture\Chùa_Bảo_Quang,_Tân_Phú_(Cổng_mặt_cạnh),_tháng_5_năm_2021_(6)_105338428.png","/Users/jenfnguyen/Documents/Dev/KIS-AAI-DM-Master/data/caption_project/vietnam_architecture/Chùa_Bảo_Quang,_Tân_Phú_(Cổng_mặt_cạnh),_tháng_5_năm_2021_(6)_105338428.png"
"Bi_đình_tưởng_niệm_Chiến_sĩ_trận_vong_tại_Hà_Nội,_thời_Pháp_thuộc_002_94564737.png",0.7275,manual,False,,,A traditional Vietnamese stone pavilion with a curved tiled roof and decorative ridge ornaments stands on a raised platform surrounded by trees.,Open-sided stone pavilion featuring a double-tiered tiled roof with curved corners and a central flame-shaped finial. A tall stone stele stands on a raised platform beneath the wooden roof structure.,"D:\caption_project\vietnam_architecture\Bi_đình_tưởng_niệm_Chiến_sĩ_trận_vong_tại_Hà_Nội,_thời_Pháp_thuộc_002_94564737.png","/Users/jenfnguyen/Documents/Dev/KIS-AAI-DM-Master/data/caption_project/vietnam_architecture/Bi_đình_tưởng_niệm_Chiến_sĩ_trận_vong_tại_Hà_Nội,_thời_Pháp_thuộc_002_94564737.png"
"Chùa_Huệ_Nghiêm_năm_2022_(kiến_trúc_nội_điện,_hành_lang_lầu)_(8)_127288084.png",0.728,manual,False,pagoda/temple,,"The interior corridor of a traditional Vietnamese communal house features polished red pillars, intricate wooden beams and ceiling slats, hanging lanterns, and ornate dark wood doors along the wall.","Covered wooden corridor of a building features bright red painted pillars and exposed beam ceiling. Hanging hexagonal lanterns and wind chimes are suspended from the structure, with dark wooden doors along the wall.","D:\caption_project\vietnam_architecture\Chùa_Huệ_Nghiêm_năm_2022_(kiến_trúc_nội_điện,_hành_lang_lầu)_(8)_127288084.png","/Users/jenfnguyen/Documents/Dev/KIS-AAI-DM-Master/data/caption_project/vietnam_architecture/Chùa_Huệ_Nghiêm_năm_2022_(kiến_trúc_nội_điện,_hành_lang_lầu)_(8)_127288084.png"
Bàn_thờ_Quan_Công_28961952.png,0.7283,manual,False,pagoda/temple,pagoda/temple,"An ornate altar inside a communal house with intricate gold carvings and red lacquer woodwork. A large painted portrait hangs above the table, flanked by vertical calligraphy panels and framed artworks.","Interior of a temple featuring an elaborate wooden altar with intricate gold-painted carvings. A central portrait of a figure is framed by red and gold panels, with incense sticks placed in front.",D:\caption_project\vietnam_architecture\Bàn_thờ_Quan_Công_28961952.png,/Users/jenfnguyen/Documents/Dev/KIS-AAI-DM-Master/data/caption_project/vietnam_architecture/Bàn_thờ_Quan_Công_28961952.png
Chiếc_bình_hồ_lô_vàng_trong_Nghĩa_trang_Trung_Minh_ng25th9n2022_(2)_123411179.png,0.7285,manual,False,,,"A close-up of a large, glossy orange gourd-shaped finial on top of a tiled pillar with cream and maroon panels against a blue sky.",A yellow ceramic gourd-shaped ornament sits atop a square pillar structure. The base is constructed with dark red panels framed by light-colored stone or concrete borders against a cloudy blue sky.,D:\caption_project\vietnam_architecture\Chiếc_bình_hồ_lô_vàng_trong_Nghĩa_trang_Trung_Minh_ng25th9n2022_(2)_123411179.png,/Users/jenfnguyen/Documents/Dev/KIS-AAI-DM-Master/data/caption_project/vietnam_architecture/Chiếc_bình_hồ_lô_vàng_trong_Nghĩa_trang_Trung_Minh_ng25th9n2022_(2)_123411179.png
"Chùa_Hòa_Bình_quận_10_(cổng_chùa,_họa_tiết_bông_hoa)_(2)_126997128.png",0.7286,manual,False,,,"A close-up of a weathered exterior wall panel featuring black relief carvings of flowers and leaves set against a light blue background, with green foliage visible on the right side.","Detail of a wall featuring recessed panels with light blue backgrounds. The panels contain dark, raised relief carvings of a floral arrangement and a Chinese character, set within a textured, light-colored concrete frame.","D:\caption_project\vietnam_architecture\Chùa_Hòa_Bình_quận_10_(cổng_chùa,_họa_tiết_bông_hoa)_(2)_126997128.png","/Users/jenfnguyen/Documents/Dev/KIS-AAI-DM-Master/data/caption_project/vietnam_architecture/Chùa_Hòa_Bình_quận_10_(cổng_chùa,_họa_tiết_bông_hoa)_(2)_126997128.png"
03-OPERA_HOUSE_12076789.png,0.7286,manual,False,,,A yellow colonial-style building with white columns and a flat roof stands under a blue sky. A person is visible through an open doorway on the left side of the structure.,Colonial building with yellow walls features a prominent portico supported by tall white columns. The structure has a wide stone staircase leading to the entrance and a metal awning over the side walkway.,D:\caption_project\vietnam_architecture\03-OPERA_HOUSE_12076789.png,/Users/jenfnguyen/Documents/Dev/KIS-AAI-DM-Master/data/caption_project/vietnam_architecture/03-OPERA_HOUSE_12076789.png
Chùa_Giác_Sanh_năm_2022_(chính_điện)_(2)_126992266.png,0.7292,manual,False,pagoda/temple,pagoda/temple,"A temple entrance features two large golden dragon pillars supporting a yellow sign reading Mừng Xuân Di Lạc above red columns and stairs, decorated with red lanterns and flags.","Exterior of a pagoda featuring two prominent golden dragon-wrapped pillars, a yellow facade, and a curved stone staircase. Red lanterns and colorful Buddhist flags hang from the roof structure above the entrance.",D:\caption_project\vietnam_architecture\Chùa_Giác_Sanh_năm_2022_(chính_điện)_(2)_126992266.png,/Users/jenfnguyen/Documents/Dev/KIS-AAI-DM-Master/data/caption_project/vietnam_architecture/Chùa_Giác_Sanh_năm_2022_(chính_điện)_(2)_126992266.png
Butiko_en_Hanojo_98642344.png,0.7302,manual,False,house,house,"A street-level view of a Vietnamese shophouse selling bamboo mats and textiles. Two women sit on red plastic chairs outside the open storefront, surrounded by stacked goods.","Shophouse storefront featuring a narrow entrance filled with stacked bamboo mats and woven products. Two women sit on stools outside the shop, which is flanked by metal accordion security gates.",D:\caption_project\vietnam_architecture\Butiko_en_Hanojo_98642344.png,/Users/jenfnguyen/Documents/Dev/KIS-AAI-DM-Master/data/caption_project/vietnam_architecture/Butiko_en_Hanojo_98642344.png
2008-01-27_Thap-Ba_Nha-Trang_3543137.png,0.7304,manual,False,pagoda/temple,pagoda/temple,"The Thap Ba Ponagar temple complex is visible on a green hillside above a riverbank wall, with large golden letters spelling out its name in the foreground.","Brick temple structure with a tiered, pyramidal roof sits atop a green hill overlooking a river. Large, light-colored letters spelling out the name of the site are mounted on the hillside.",D:\caption_project\vietnam_architecture\2008-01-27_Thap-Ba_Nha-Trang_3543137.png,/Users/jenfnguyen/Documents/Dev/KIS-AAI-DM-Master/data/caption_project/vietnam_architecture/2008-01-27_Thap-Ba_Nha-Trang_3543137.png
"Chùa_Huệ_Nghiêm_năm_2022_(kiến_trúc_nội_điện,_hành_lang_lầu)_(12)_127288089.png",0.7309,manual,False,,,"A view from inside a wooden pavilion with red lacquered pillars and railings, featuring an ornate roof overhang and a polished terrazzo floor reflecting the surrounding green trees.","Covered balcony with red polished tile flooring, thick red wooden pillars, and a matching wooden railing with geometric cutouts. The structure overlooks green trees and a white building in the background.","D:\caption_project\vietnam_architecture\Chùa_Huệ_Nghiêm_năm_2022_(kiến_trúc_nội_điện,_hành_lang_lầu)_(12)_127288089.png","/Users/jenfnguyen/Documents/Dev/KIS-AAI-DM-Master/data/caption_project/vietnam_architecture/Chùa_Huệ_Nghiêm_năm_2022_(kiến_trúc_nội_điện,_hành_lang_lầu)_(12)_127288089.png"
2024_-_Phu_Dien_Tower_(Tháp_Phú_Diên)_-_img_07_151093117.png,0.7317,manual,False,pagoda/temple,pagoda/temple,Brick temple ruins protected by a modern glass enclosure with a weathered blue corrugated metal roof.,Red brick temple structure with tiered base and vertical pilasters is enclosed within a modern protective glass and metal frame shelter. The structure is viewed through the transparent glass panels.,D:\caption_project\vietnam_architecture\2024_-_Phu_Dien_Tower_(Tháp_Phú_Diên)_-_img_07_151093117.png,/Users/jenfnguyen/Documents/Dev/KIS-AAI-DM-Master/data/caption_project/vietnam_architecture/2024_-_Phu_Dien_Tower_(Tháp_Phú_Diên)_-_img_07_151093117.png
"Chùa_Diệu_Pháp_(Cổng_mái,_dòng_chữ_Cầu_cái_Tâm_không_cầu)_(3)_126873661.png",0.7318,manual,False,,,"A traditional Vietnamese gate with carved wooden pillars and a green-tiled curved roof supports an inscription reading 'ĐÌNH TÙNG ÂN PHỦ', leading to a paved courtyard with lanterns.",Wooden gate with red lacquer finish and intricate carvings features a curved roof covered with green tiles. The structure opens onto a stone-paved pathway lined with green metal trellises and hanging lanterns.,"D:\caption_project\vietnam_architecture\Chùa_Diệu_Pháp_(Cổng_mái,_dòng_chữ_Cầu_cái_Tâm_không_cầu)_(3)_126873661.png","/Users/jenfnguyen/Documents/Dev/KIS-AAI-DM-Master/data/caption_project/vietnam_architecture/Chùa_Diệu_Pháp_(Cổng_mái,_dòng_chữ_Cầu_cái_Tâm_không_cầu)_(3)_126873661.png"
Cho_Binh_Tay_2011_-_panoramio_53854468.png,0.7319,manual,False,,,"The exterior of Cho Binh Tay market building, a large yellow colonial structure with a tiled roof and flags. A sign above the entrance reads CHO BINH TAY.","Yellow market building with a central tower featuring a clock and tiled roof. The facade displays blue decorative tiles, multiple small flags, and a large entrance with text banners above the doorway.",D:\caption_project\vietnam_architecture\Cho_Binh_Tay_2011_-_panoramio_53854468.png,/Users/jenfnguyen/Documents/Dev/KIS-AAI-DM-Master/data/caption_project/vietnam_architecture/Cho_Binh_Tay_2011_-_panoramio_53854468.png
"1._Thảo_cầm_viên_Sài_Gòn,_khoảng_hồ_có_phun_nước_89239794.png",0.7319,manual,False,,,"A park scene featuring a pond with an active fountain, surrounded by green grass and numerous trees. Bright red flowers bloom on the bank, while a sprinkler rests on the lawn in the foreground.","A pond with a central water fountain is surrounded by green grass, trees, and flower beds. In the background, a portion of a building with a brown tiled roof is partially visible.","D:\caption_project\vietnam_architecture\1._Thảo_cầm_viên_Sài_Gòn,_khoảng_hồ_có_phun_nước_89239794.png","/Users/jenfnguyen/Documents/Dev/KIS-AAI-DM-Master/data/caption_project/vietnam_architecture/1._Thảo_cầm_viên_Sài_Gòn,_khoảng_hồ_có_phun_nước_89239794.png"
Chùa_Diệu_Pháp_(mái_trần_Chánh_điện)_(7)_127033094.png,0.7319,manual,False,pagoda/temple,,The interior ceiling of a Vietnamese communal house features elaborate reddish-brown wooden carvings and recessed lighting. White walls below are punctuated by windows with wooden frames.,"Interior space featuring a wooden ceiling with intricate carvings and recessed lighting. The room includes smooth white walls, dark red wooden pillars, and rectangular windows with reddish-brown frames.",D:\caption_project\vietnam_architecture\Chùa_Diệu_Pháp_(mái_trần_Chánh_điện)_(7)_127033094.png,/Users/jenfnguyen/Documents/Dev/KIS-AAI-DM-Master/data/caption_project/vietnam_architecture/Chùa_Diệu_Pháp_(mái_trần_Chánh_điện)_(7)_127033094.png
"An_Dihn_Palace,_Hue_(48836442803)_113257252.png",0.7325,manual,False,,statue,A decorative stone urn with sculpted cherubs and floral motifs sits on a pedestal against a yellow wall.,"A light-colored relief sculpture of a vase filled with flowers and flanked by two small figures is mounted on a flat, yellow-painted wall. The base of the structure features a rectangular plaque.","D:\caption_project\vietnam_architecture\An_Dihn_Palace,_Hue_(48836442803)_113257252.png","/Users/jenfnguyen/Documents/Dev/KIS-AAI-DM-Master/data/caption_project/vietnam_architecture/An_Dihn_Palace,_Hue_(48836442803)_113257252.png"
Annam_-_Hué_-_La_Gare_136906003.png,0.7325,manual,False,bridge,bridge,"An old photograph of a metal truss bridge crossing a river, leading to the train station building with a sign reading '1096. ANNAM - Hué - La Gare'.",A metal truss bridge crosses a small canal leading toward a colonial-style railway station building with a light-colored facade. A tall metal lamp post stands on the left side of the bridge.,D:\caption_project\vietnam_architecture\Annam_-_Hué_-_La_Gare_136906003.png,/Users/jenfnguyen/Documents/Dev/KIS-AAI-DM-Master/data/caption_project/vietnam_architecture/Annam_-_Hué_-_La_Gare_136906003.png
"0040323_Thap_Doi_Cham_Hindu_complex,_Quy_Nhon,_Binh_Dinh_Vietnam_084_132483202.png",0.7326,manual,False,,statue,"A stone altar inside a dimly lit room with brick walls, featuring offerings of fruit, flowers, and incense sticks arranged around a carved stone pillar.","Stone linga and yoni sculpture placed inside a small chamber with exposed brick walls. A stone altar in front holds ceramic incense burners, small plants, and offerings, illuminated by soft light.","D:\caption_project\vietnam_architecture\0040323_Thap_Doi_Cham_Hindu_complex,_Quy_Nhon,_Binh_Dinh_Vietnam_084_132483202.png","/Users/jenfnguyen/Documents/Dev/KIS-AAI-DM-Master/data/caption_project/vietnam_architecture/0040323_Thap_Doi_Cham_Hindu_complex,_Quy_Nhon,_Binh_Dinh_Vietnam_084_132483202.png"
Chùa_Giác_Tánh_(Cổng_chùa)_(9)_119454405.png,0.7334,manual,False,pagoda/temple,pagoda/temple,"The entrance gate of Chua Giac Tanh pagoda features a traditional curved roof with green tiles and golden dragon sculptures. The black sign displays yellow text identifying the temple, while colorful Buddhist flags hang above the open wooden gate.","Pagoda entrance gate featuring a black sign with gold lettering, a tiled roof edge, and stone pillars. The courtyard beyond contains tables, chairs, and colorful prayer flags hanging overhead.",D:\caption_project\vietnam_architecture\Chùa_Giác_Tánh_(Cổng_chùa)_(9)_119454405.png,/Users/jenfnguyen/Documents/Dev/KIS-AAI-DM-Master/data/caption_project/vietnam_architecture/Chùa_Giác_Tánh_(Cổng_chùa)_(9)_119454405.png
Chua_cu_(2)_100670133.png,0.7335,manual,False,pagoda/temple,pagoda/temple,A two-story communal house with a red tiled roof and decorative ridge ends stands behind a paved courtyard. A golden statue on a tall pillar is positioned in the foreground.,"Two-story pagoda building featuring a red tiled roof with curved eaves, supported by stone-colored pillars. A gold-colored lamp post with a bird-like sculpture stands in the paved courtyard in front of the structure.",D:\caption_project\vietnam_architecture\Chua_cu_(2)_100670133.png,/Users/jenfnguyen/Documents/Dev/KIS-AAI-DM-Master/data/caption_project/vietnam_architecture/Chua_cu_(2)_100670133.png
20260120_Nam_Việt_gable-topped_tomb_(133945)_182133637.png,0.7336,manual,False,,,"A storage space filled with stacks of large, dark weathered wooden beams and logs. Some pieces are stacked horizontally against walls while long planks lie on red mats on the floor.","Large, dark, weathered wooden planks and logs are stacked inside a metal frame structure. The rough-textured timber pieces are arranged horizontally and vertically, with small paper tags attached to some segments.",D:\caption_project\vietnam_architecture\20260120_Nam_Việt_gable-topped_tomb_(133945)_182133637.png,/Users/jenfnguyen/Documents/Dev/KIS-AAI-DM-Master/data/caption_project/vietnam_architecture/20260120_Nam_Việt_gable-topped_tomb_(133945)_182133637.png
"Bahnar_Communal_House,_Museum_of_Ethnology,_Hanoi_(5)_(37608752525)_64218377.png",0.7338,manual,True,house,pagoda/temple,"A tall wooden stilt house with a massive thatched roof stands in a park. People climb ladders to the entrance, while modern buildings rise behind it among green trees.","Communal house with a tall, steep thatched roof and wooden stilts. People are walking on notched log ladders leading to the entrance, surrounded by trees and a modern high-rise building in the background.","D:\caption_project\vietnam_architecture\Bahnar_Communal_House,_Museum_of_Ethnology,_Hanoi_(5)_(37608752525)_64218377.png","/Users/jenfnguyen/Documents/Dev/KIS-AAI-DM-Master/data/caption_project/vietnam_architecture/Bahnar_Communal_House,_Museum_of_Ethnology,_Hanoi_(5)_(37608752525)_64218377.png"
Afternoon_at_Trung_Kính_Hạ_Playground_02-03-2026_185542460.png,0.7341,manual,False,,,A street view of a park entrance with a black metal gate and stone pillars. Red flags hang from overhead wires and among the trees.,"Street scene featuring a metal gate and a low wall with stone cladding, surrounded by large trees. Red flags with yellow stars are strung between the trees above the entrance.",D:\caption_project\vietnam_architecture\Afternoon_at_Trung_Kính_Hạ_Playground_02-03-2026_185542460.png,/Users/jenfnguyen/Documents/Dev/KIS-AAI-DM-Master/data/caption_project/vietnam_architecture/Afternoon_at_Trung_Kính_Hạ_Playground_02-03-2026_185542460.png
"Chùa_Giác_Sanh_năm_2022_(phòng_tiếp_khách,_bộ_bàn_ghế_gỗ)_(3)_126742830.png",0.7342,manual,False,statue,,"An interior room features dark wood furniture with red cushions, yellow walls, and a large golden dragon statue on the left. A window with decorative iron grilles and curtains is visible.","Interior seating area featuring dark wooden furniture with red patterned cushions, a small glass-topped table with a decorative floral arrangement, and cream-colored walls with metal window grilles and beige curtains.","D:\caption_project\vietnam_architecture\Chùa_Giác_Sanh_năm_2022_(phòng_tiếp_khách,_bộ_bàn_ghế_gỗ)_(3)_126742830.png","/Users/jenfnguyen/Documents/Dev/KIS-AAI-DM-Master/data/caption_project/vietnam_architecture/Chùa_Giác_Sanh_năm_2022_(phòng_tiếp_khách,_bộ_bàn_ghế_gỗ)_(3)_126742830.png"
"Chum_kiểng_tu_viện_Vinh_Sơn,_Quận_3_(40)_115829298.png",0.7342,manual,False,,,"A large dark brown ceramic pot rests on a base of stacked stones against a white and blue painted wall with visible cracks. A vine climbs from the pot onto the wall, casting shadows on the tiled ground.","A dark brown ceramic jar sits against a light-colored wall, surrounded by a small border of gray stones. A thin, leafless vine grows upward from the jar onto the wall above.","D:\caption_project\vietnam_architecture\Chum_kiểng_tu_viện_Vinh_Sơn,_Quận_3_(40)_115829298.png","/Users/jenfnguyen/Documents/Dev/KIS-AAI-DM-Master/data/caption_project/vietnam_architecture/Chum_kiểng_tu_viện_Vinh_Sơn,_Quận_3_(40)_115829298.png"
"Chùa_Huệ_Nghiêm_năm_2022_(khu_nội_viện,_cổng_tam_quan)_(25)_127034226.png",0.7343,manual,False,,,A traditional wooden gate with ornate curved red-tiled roofs and dark pillars stands at an entrance surrounded by trees. Stacks of boxes are placed on the ground in front.,Traditional wooden gate with a multi-tiered orange tiled roof featuring curved eaves. The dark brown structure has gold Chinese characters on horizontal plaques and is surrounded by green trees and a paved courtyard.,"D:\caption_project\vietnam_architecture\Chùa_Huệ_Nghiêm_năm_2022_(khu_nội_viện,_cổng_tam_quan)_(25)_127034226.png","/Users/jenfnguyen/Documents/Dev/KIS-AAI-DM-Master/data/caption_project/vietnam_architecture/Chùa_Huệ_Nghiêm_năm_2022_(khu_nội_viện,_cổng_tam_quan)_(25)_127034226.png"
Annam._Qui-Nhon._Les_tours_chams_vues_de_la_route_-_(photogr.)_A._S(alles)_-_btv1b53013133h_(2_of_2)_162556017.png,0.7344,manual,False,pagoda/temple,pagoda/temple,A weathered stone temple structure stands amidst overgrown vegetation under a dark sky. The building features arched openings and appears partially ruined.,Negative image of a brick temple tower featuring a tiered roof structure and arched doorways. The building is surrounded by dense vegetation and stands near a body of water.,D:\caption_project\vietnam_architecture\Annam._Qui-Nhon._Les_tours_chams_vues_de_la_route_-_(photogr.)_A._S(alles)_-_btv1b53013133h_(2_of_2)_162556017.png,/Users/jenfnguyen/Documents/Dev/KIS-AAI-DM-Master/data/caption_project/vietnam_architecture/Annam._Qui-Nhon._Les_tours_chams_vues_de_la_route_-_(photogr.)_A._S(alles)_-_btv1b53013133h_(2_of_2)_162556017.png
But_Thap_Temple_-_21_133862552.png,0.7344,manual,True,tomb,pagoda/temple,"A stone tomb with ornate carved pillars featuring dragons, a central niche housing a statue, and an offering table set before it under a traditional roof.","Stone pagoda structure featuring two pillars carved with dragon motifs flanking a central niche containing a small seated statue. The base displays relief carvings of animals, and the roof has curved eaves.",D:\caption_project\vietnam_architecture\But_Thap_Temple_-_21_133862552.png,/Users/jenfnguyen/Documents/Dev/KIS-AAI-DM-Master/data/caption_project/vietnam_architecture/But_Thap_Temple_-_21_133862552.png
An_Duong_Vuong_Temple_Gate_Co_Loa_67511668.png,0.7345,manual,False,pagoda/temple,,"A gray brick communal house with three arched doorways and red wooden doors. The structure features a multi-tiered roof with upturned eaves, decorative stonework, and flanking stone pillars on a paved plaza surrounded by trees.","Brick gate structure with a central arched entrance and two smaller side arches, featuring a tiered roof, stone steps, and red wooden doors. Vertical stone pillars with inscriptions stand on both sides.",D:\caption_project\vietnam_architecture\An_Duong_Vuong_Temple_Gate_Co_Loa_67511668.png,/Users/jenfnguyen/Documents/Dev/KIS-AAI-DM-Master/data/caption_project/vietnam_architecture/An_Duong_Vuong_Temple_Gate_Co_Loa_67511668.png
"CV_Bách_Tùng_Diệp,_ng26th8n2022_(Bồn_chậu_đá)_(4)_147340427.png",0.7351,manual,False,,,A large terracotta ceremonial urn with a lotus-bud rim and carved mythological scenes on its pedestal stands on a brick base beside a sidewalk near a street.,"A large, terracotta-colored ceramic planter with intricate relief carvings of figures and animals sits on a rectangular stone pedestal. The background shows a yellow colonial-style building and a paved street.","D:\caption_project\vietnam_architecture\CV_Bách_Tùng_Diệp,_ng26th8n2022_(Bồn_chậu_đá)_(4)_147340427.png","/Users/jenfnguyen/Documents/Dev/KIS-AAI-DM-Master/data/caption_project/vietnam_architecture/CV_Bách_Tùng_Diệp,_ng26th8n2022_(Bồn_chậu_đá)_(4)_147340427.png"
Bronze_Ginger_Shredder_101335557.png,0.7351,manual,False,,,Two corroded bronze artifacts with perforated surfaces and loop handles rest on a beige display surface.,Two weathered bronze artifacts with perforated bowls and handle loops rest on a tan surface. These metal objects exhibit a greenish patina and appear to be displayed inside a museum setting.,D:\caption_project\vietnam_architecture\Bronze_Ginger_Shredder_101335557.png,/Users/jenfnguyen/Documents/Dev/KIS-AAI-DM-Master/data/caption_project/vietnam_architecture/Bronze_Ginger_Shredder_101335557.png
"AP1637-Sogny-Marien_Annam,_Dong_Duong,_1933_–_Visite_de_S.M._Bao_Dai_(4)_143896526.png",0.7354,manual,False,,,"A group of men and a woman stand outdoors beside a large stone stele. The scene includes several individuals wearing traditional Vietnamese clothing and hats, with trees in the background.","A stone stele stands outdoors, sheltered by a ceremonial umbrella, while a group of people in traditional and Western clothing gather around it in an open, grassy area.","D:\caption_project\vietnam_architecture\AP1637-Sogny-Marien_Annam,_Dong_Duong,_1933_–_Visite_de_S.M._Bao_Dai_(4)_143896526.png","/Users/jenfnguyen/Documents/Dev/KIS-AAI-DM-Master/data/caption_project/vietnam_architecture/AP1637-Sogny-Marien_Annam,_Dong_Duong,_1933_–_Visite_de_S.M._Bao_Dai_(4)_143896526.png"
"Cafe_Phố_Xưa_ở_Đông_Hà_(kiến_trúc_cửa),_Tết_năm_2018_(29)_114595730.png",0.7355,manual,False,,,Close-up of a weathered dark brown wooden double window shutter set within a light blue frame on an exposed red brick wall. A hanging planter with green foliage is mounted above the window.,Dark brown wooden window with six panels set into an exposed red brick wall. The window frame is painted light blue and features a decorative ventilation grill above it with potted plants.,"D:\caption_project\vietnam_architecture\Cafe_Phố_Xưa_ở_Đông_Hà_(kiến_trúc_cửa),_Tết_năm_2018_(29)_114595730.png","/Users/jenfnguyen/Documents/Dev/KIS-AAI-DM-Master/data/caption_project/vietnam_architecture/Cafe_Phố_Xưa_ở_Đông_Hà_(kiến_trúc_cửa),_Tết_năm_2018_(29)_114595730.png"
Chùa_Bình_An_năm_2022_(trên_chánh_điện)_(6)_116395149.png,0.7366,manual,False,,,"A close-up of a golden decorative wall panel on a building exterior, framed by red columns and set against yellow walls.","A rectangular wall panel features intricate gold-painted wood carvings of geometric patterns and a central character, set against a light yellow wall between two dark red pillars on a stone-faced base.",D:\caption_project\vietnam_architecture\Chùa_Bình_An_năm_2022_(trên_chánh_điện)_(6)_116395149.png,/Users/jenfnguyen/Documents/Dev/KIS-AAI-DM-Master/data/caption_project/vietnam_architecture/Chùa_Bình_An_năm_2022_(trên_chánh_điện)_(6)_116395149.png
Chùa_Huệ_Nghiêm_năm_2022_(bậc_thềm_tam_cấp_ở_hậu_viện)_(4)_124489293.png,0.7367,manual,False,pagoda/temple,,A yellow communal house with a tiled porch and wide red and beige steps leading up to wooden doors supported by brown pillars.,Exterior of a building featuring a long veranda with brown pillars and multiple wooden doors. The structure has yellow walls and wide steps made of alternating red and yellow stone tiles.,D:\caption_project\vietnam_architecture\Chùa_Huệ_Nghiêm_năm_2022_(bậc_thềm_tam_cấp_ở_hậu_viện)_(4)_124489293.png,/Users/jenfnguyen/Documents/Dev/KIS-AAI-DM-Master/data/caption_project/vietnam_architecture/Chùa_Huệ_Nghiêm_năm_2022_(bậc_thềm_tam_cấp_ở_hậu_viện)_(4)_124489293.png
"Bi_đình_tưởng_niệm_Chiến_sĩ_trận_vong_tại_Hà_Nội,_thời_Pháp_thuộc_001_94564552.png",0.7375,manual,False,,,A stone pavilion with a curved tiled roof and ornamental ridge decorations shelters a tall commemorative stele on a raised platform with steps.,"Open-sided pavilion with a tiled hip roof featuring curved corners and decorative ridge ornaments, supported by four cylindrical pillars on a stone platform, housing a central stone stele with an inscription.","D:\caption_project\vietnam_architecture\Bi_đình_tưởng_niệm_Chiến_sĩ_trận_vong_tại_Hà_Nội,_thời_Pháp_thuộc_001_94564552.png","/Users/jenfnguyen/Documents/Dev/KIS-AAI-DM-Master/data/caption_project/vietnam_architecture/Bi_đình_tưởng_niệm_Chiến_sĩ_trận_vong_tại_Hà_Nội,_thời_Pháp_thuộc_001_94564552.png"
"Chùa_Huệ_Nghiêm_năm_2022,_trúc_viên_(lối_đi)_(3)_127262522.png",0.7376,manual,False,pagoda/temple,,"A thatched-roof communal house with wooden pillars and a stone foundation sits amidst tall green bamboo stalks, surrounded by potted plants and a path of stepping stones.","A small structure with a thatched roof stands amidst a dense bamboo grove. A stone-paved path leads toward the building, while potted plants are placed along the ground covered in fallen leaves.","D:\caption_project\vietnam_architecture\Chùa_Huệ_Nghiêm_năm_2022,_trúc_viên_(lối_đi)_(3)_127262522.png","/Users/jenfnguyen/Documents/Dev/KIS-AAI-DM-Master/data/caption_project/vietnam_architecture/Chùa_Huệ_Nghiêm_năm_2022,_trúc_viên_(lối_đi)_(3)_127262522.png"
Across_Trung_Kính_Hạ_Patron_Temple_11-03-2026_E01_185922489.png,0.7377,manual,False,pagoda/temple,pagoda/temple,"A purple pagoda entrance with a red banner reading 'Chúc Mừng Năm Mới' and '2026'. The ornate gate leads to the temple grounds, which include a building with traditional curved roofs.","A light purple pagoda gate features curved tiled roofs, intricate carvings, and a red banner with text. A metal gate with gold floral patterns stands open, leading to a paved courtyard.",D:\caption_project\vietnam_architecture\Across_Trung_Kính_Hạ_Patron_Temple_11-03-2026_E01_185922489.png,/Users/jenfnguyen/Documents/Dev/KIS-AAI-DM-Master/data/caption_project/vietnam_architecture/Across_Trung_Kính_Hạ_Patron_Temple_11-03-2026_E01_185922489.png
Chùa_Giác_Sanh_năm_2022_(họa_tiết_bàn_thờ_Phật_trong_chánh_điện)_(4)_126961752.png,0.7377,manual,False,,,"Close-up of a dark brown wooden surface with intricate gold-painted carvings, featuring a circular floral motif and ornate scrolling patterns along an edge.","Wooden altar detail featuring dark brown surfaces with intricate gold-painted carvings. The design includes a circular dragon motif, floral patterns, and geometric border accents, reflecting traditional craftsmanship found in religious structures.",D:\caption_project\vietnam_architecture\Chùa_Giác_Sanh_năm_2022_(họa_tiết_bàn_thờ_Phật_trong_chánh_điện)_(4)_126961752.png,/Users/jenfnguyen/Documents/Dev/KIS-AAI-DM-Master/data/caption_project/vietnam_architecture/Chùa_Giác_Sanh_năm_2022_(họa_tiết_bàn_thờ_Phật_trong_chánh_điện)_(4)_126961752.png
Chùa_Huệ_Nghiêm_năm_2022_(cửa_gỗ_nơi_hậu_viện)_123933954.png,0.7379,manual,False,,,A set of four wooden doors with glass panels is framed by a yellow wall. The doors sit on a reddish-brown tiled porch accessed by matching stone steps.,"Four-panel wooden folding door with glass inserts set into a light-colored wall, positioned above a set of red polished stone steps featuring an etched lotus flower design on the landing.",D:\caption_project\vietnam_architecture\Chùa_Huệ_Nghiêm_năm_2022_(cửa_gỗ_nơi_hậu_viện)_123933954.png,/Users/jenfnguyen/Documents/Dev/KIS-AAI-DM-Master/data/caption_project/vietnam_architecture/Chùa_Huệ_Nghiêm_năm_2022_(cửa_gỗ_nơi_hậu_viện)_123933954.png
"0040323_Thap_Banh_It_complex,_Nhon_Hoa,_Binh_Dinh_Vietnam_118_132478861.png",0.7379,manual,False,,,A red brick tower with a stepped base stands against a blue sky. The central facade features a damaged gable section and recessed panels.,Brick tower with a stepped base and vertical pilasters features a central false door topped by a stone pediment. The structure is constructed from reddish-brown bricks and sits on a grassy field.,"D:\caption_project\vietnam_architecture\0040323_Thap_Banh_It_complex,_Nhon_Hoa,_Binh_Dinh_Vietnam_118_132478861.png","/Users/jenfnguyen/Documents/Dev/KIS-AAI-DM-Master/data/caption_project/vietnam_architecture/0040323_Thap_Banh_It_complex,_Nhon_Hoa,_Binh_Dinh_Vietnam_118_132478861.png"
"AP1514-Sogny-Marien_Annam,_Dong_Duong,_1933_–_Visite_de_S.M._Bao_Dai_au_sanctuaire_cham_(1)_143956690.png",0.7383,manual,False,,,"A group of people walk on a path near weathered stone ruins with overgrown vegetation. Two men wear colonial-style clothing and pith helmets, while others are dressed in traditional Vietnamese garments.",A group of people in colonial-era attire walk past the weathered brick ruins of a structure with a stone doorway. The scene includes individuals holding umbrellas in an outdoor setting.,"D:\caption_project\vietnam_architecture\AP1514-Sogny-Marien_Annam,_Dong_Duong,_1933_–_Visite_de_S.M._Bao_Dai_au_sanctuaire_cham_(1)_143956690.png","/Users/jenfnguyen/Documents/Dev/KIS-AAI-DM-Master/data/caption_project/vietnam_architecture/AP1514-Sogny-Marien_Annam,_Dong_Duong,_1933_–_Visite_de_S.M._Bao_Dai_au_sanctuaire_cham_(1)_143956690.png"
"Ancient_Tomb_Complex_in_Phước_Vĩnh_Đông_Commune,_Cần_Giuộc,_Việt_Nam_(33)_198204703.png",0.7388,manual,False,tomb,tomb,Close-up of weathered concrete tombstones with lotus-shaped finials in an overgrown cemetery. The grey stone structures are surrounded by dense green foliage and grass.,"Stone lotus bud finials sit atop square pillars of a weathered concrete tomb structure. The gray, textured masonry is surrounded by dense green vegetation in an outdoor setting.","D:\caption_project\vietnam_architecture\Ancient_Tomb_Complex_in_Phước_Vĩnh_Đông_Commune,_Cần_Giuộc,_Việt_Nam_(33)_198204703.png","/Users/jenfnguyen/Documents/Dev/KIS-AAI-DM-Master/data/caption_project/vietnam_architecture/Ancient_Tomb_Complex_in_Phước_Vĩnh_Đông_Commune,_Cần_Giuộc,_Việt_Nam_(33)_198204703.png"
"Chùa_Huệ_Nghiêm_năm_2022_(khu_nội_viện,_cổng_tam_quan)_(10)_127034198.png",0.7391,manual,False,pagoda/temple,pagoda/temple,"A wooden temple gate with a curved red-tiled roof and upturned eaves. A large sign above the entrance reads 'VIỆN ĐÀN' in gold characters, while a smaller stand displays the text 'KHU NGHI VIÊN'.",Wooden gate of a pagoda featuring curved tiled roofs with dragon-shaped ornaments. The dark brown structure includes carved pillars with gold inscriptions and a small sign standing on the stone steps nearby.,"D:\caption_project\vietnam_architecture\Chùa_Huệ_Nghiêm_năm_2022_(khu_nội_viện,_cổng_tam_quan)_(10)_127034198.png","/Users/jenfnguyen/Documents/Dev/KIS-AAI-DM-Master/data/caption_project/vietnam_architecture/Chùa_Huệ_Nghiêm_năm_2022_(khu_nội_viện,_cổng_tam_quan)_(10)_127034198.png"
Chào_mừng_Cách_mạng_Tháng_Tám_năm_1945_thành_công_tại_Nhà_hát_Lớn_Hà_Nội_145791630.png,0.7395,manual,False,,,A black and white photograph of a large crowd gathered on a wide plaza before an ornate colonial building with columns and multiple domes.,"Colonial building with a symmetrical facade, tall columns, and a large flag hanging from the center, situated behind a large crowd of people and soldiers gathered in an open square.",D:\caption_project\vietnam_architecture\Chào_mừng_Cách_mạng_Tháng_Tám_năm_1945_thành_công_tại_Nhà_hát_Lớn_Hà_Nội_145791630.png,/Users/jenfnguyen/Documents/Dev/KIS-AAI-DM-Master/data/caption_project/vietnam_architecture/Chào_mừng_Cách_mạng_Tháng_Tám_năm_1945_thành_công_tại_Nhà_hát_Lớn_Hà_Nội_145791630.png
Bao_tang_Dak_Lak_10_11560938.png,0.7395,manual,False,,,"A cream-colored building with a red-tiled roof and green shutters is surrounded by mature trees and manicured hedges. Stone steps lead up to the entrance, while wooden benches sit along a dirt path in front.","Colonial building with a brown tiled roof and cream-colored walls, featuring a raised terrace accessed by stone stairs. The structure is surrounded by tall trees and a low stone wall with hedges.",D:\caption_project\vietnam_architecture\Bao_tang_Dak_Lak_10_11560938.png,/Users/jenfnguyen/Documents/Dev/KIS-AAI-DM-Master/data/caption_project/vietnam_architecture/Bao_tang_Dak_Lak_10_11560938.png
"Chùa_Huệ_Nghiêm_năm_2022,_trúc_viên_(rừng_trúc)_(8)_127262734.png",0.7397,manual,False,,,"A dense grove of tall green bamboo stalks fills the frame, with a thatched-roof pavilion visible to the right.","Dense bamboo grove surrounding a small structure with a thatched roof and a red ceramic pot on the ground, set within a natural outdoor environment with scattered green foliage.","D:\caption_project\vietnam_architecture\Chùa_Huệ_Nghiêm_năm_2022,_trúc_viên_(rừng_trúc)_(8)_127262734.png","/Users/jenfnguyen/Documents/Dev/KIS-AAI-DM-Master/data/caption_project/vietnam_architecture/Chùa_Huệ_Nghiêm_năm_2022,_trúc_viên_(rừng_trúc)_(8)_127262734.png"
Chiếc_bình_hồ_lô_vàng_trong_Nghĩa_trang_Trung_Minh_ng25th9n2022_(3)_123411178.png,0.7397,manual,False,statue,,"A large, glossy orange gourd-shaped sculpture sits atop a square pedestal made of white stone and red textured panels against a pale blue sky.","Gourd-shaped ceramic ornament in a bright orange glaze sits atop a square pillar structure. The pillar features white stone edges framing a dark red panel, set against a pale sky.",D:\caption_project\vietnam_architecture\Chiếc_bình_hồ_lô_vàng_trong_Nghĩa_trang_Trung_Minh_ng25th9n2022_(3)_123411178.png,/Users/jenfnguyen/Documents/Dev/KIS-AAI-DM-Master/data/caption_project/vietnam_architecture/Chiếc_bình_hồ_lô_vàng_trong_Nghĩa_trang_Trung_Minh_ng25th9n2022_(3)_123411178.png
"Chùa_Huệ_Nghiêm,_Bình_Tân_(nhìn_bên),_tháng_12_năm_2021_(2)_113700012.png",0.7398,manual,False,pagoda/temple,pagoda/temple,"A stone gate with a curved tiled roof stands next to a white wall topped with red tiles. In the background, a pagoda tower rises against a blue sky.","Pagoda gate with curved roof corners and a tall multi-story tower in the background. The structures feature brown stone walls, red tiled roofs, and decorative details, with pigeons perched on wires and roof edges.","D:\caption_project\vietnam_architecture\Chùa_Huệ_Nghiêm,_Bình_Tân_(nhìn_bên),_tháng_12_năm_2021_(2)_113700012.png","/Users/jenfnguyen/Documents/Dev/KIS-AAI-DM-Master/data/caption_project/vietnam_architecture/Chùa_Huệ_Nghiêm,_Bình_Tân_(nhìn_bên),_tháng_12_năm_2021_(2)_113700012.png"
Chùa_Hòa_Bình_quận_10_(cổng_chùa)_(4)_119455186.png,0.7401,manual,False,,,A grey metal gate with a lotus design and vertical Chinese characters stands beside potted plants. A small sign is visible on the gate.,"Gate of a building featuring a curved roof with orange tiles and a grey metal door decorated with a lotus motif. Chinese characters are inscribed on the pillars, and potted plants sit nearby.",D:\caption_project\vietnam_architecture\Chùa_Hòa_Bình_quận_10_(cổng_chùa)_(4)_119455186.png,/Users/jenfnguyen/Documents/Dev/KIS-AAI-DM-Master/data/caption_project/vietnam_architecture/Chùa_Hòa_Bình_quận_10_(cổng_chùa)_(4)_119455186.png
Bareliefo_de_Long_Mã_en_pagodo_Linh_Phước_(Dalato)_98821849.png,0.7402,manual,False,,,"A colorful mosaic mural of a mythical dragon creature mounted on an interior wall with a wooden lattice background. The artwork features green, gold, and brown tiles framed by decorative ceramic borders.","Ceramic mosaic relief of a mythical creature set within a rectangular window frame. The frame features intricate geometric patterns and colorful tile borders, with the creature depicted in shades of brown and green.",D:\caption_project\vietnam_architecture\Bareliefo_de_Long_Mã_en_pagodo_Linh_Phước_(Dalato)_98821849.png,/Users/jenfnguyen/Documents/Dev/KIS-AAI-DM-Master/data/caption_project/vietnam_architecture/Bareliefo_de_Long_Mã_en_pagodo_Linh_Phước_(Dalato)_98821849.png
"0040323_Thap_Banh_It_complex,_Nhon_Hoa,_Binh_Dinh_Vietnam_160_132478873.png",0.7405,manual,False,,pagoda/temple,"A tall, weathered brick tower with a rounded top stands on a grassy hill against a clear blue sky. The structure is made of reddish-brown bricks, showing signs of age and some vegetation growing on its surface.","Brick Cham tower featuring a prominent saddle-shaped roof with a curved top. The structure displays weathered orange masonry, vertical pilasters, and decorative carvings, standing on a grassy hill under a clear blue sky.","D:\caption_project\vietnam_architecture\0040323_Thap_Banh_It_complex,_Nhon_Hoa,_Binh_Dinh_Vietnam_160_132478873.png","/Users/jenfnguyen/Documents/Dev/KIS-AAI-DM-Master/data/caption_project/vietnam_architecture/0040323_Thap_Banh_It_complex,_Nhon_Hoa,_Binh_Dinh_Vietnam_160_132478873.png"
Bones_(10076407026)_102445392.png,0.7405,manual,False,,,A collection of irregular ceramic fragments with curved and flat surfaces is arranged on a textured beige display surface.,"Small, weathered, grey-brown ceramic fragments are arranged in a pattern on a plain, light-colored fabric surface. These pieces appear to be remnants of pottery or roof tiles displayed in a museum setting.",D:\caption_project\vietnam_architecture\Bones_(10076407026)_102445392.png,/Users/jenfnguyen/Documents/Dev/KIS-AAI-DM-Master/data/caption_project/vietnam_architecture/Bones_(10076407026)_102445392.png
Chùa_Bảo_Quang_th4n2022_(chánh_điện)_(3)_116725515.png,0.7406,manual,False,pagoda/temple,pagoda/temple,A low-angle view of a traditional Vietnamese temple gate featuring ornate brown tiled roofs with curved eaves and dragon sculptures. Yellow lanterns hang from the structure against a blue sky.,"Curved roof corner of a temple featuring dark red carved wood details with floral and dragon motifs. Two yellow fabric lanterns hang from the structure, which is set against a cloudy sky.",D:\caption_project\vietnam_architecture\Chùa_Bảo_Quang_th4n2022_(chánh_điện)_(3)_116725515.png,/Users/jenfnguyen/Documents/Dev/KIS-AAI-DM-Master/data/caption_project/vietnam_architecture/Chùa_Bảo_Quang_th4n2022_(chánh_điện)_(3)_116725515.png
"Chùa_Bảo_Quang,_Tân_Phú_(Mặt_chính_diện_cổng),_tháng_5_năm_2021_(4)_105338438.png",0.7406,manual,False,pagoda/temple,pagoda/temple,A traditional Vietnamese Buddhist temple entrance with ornate red-tiled roofs and intricate wooden carvings above a black metal gate. The sign reads CHUA BAO QUANG.,"Pagoda entrance featuring a multi-tiered tiled roof with curved corners, brown wooden structural elements, and grey stone wall cladding. A large rectangular sign with gold lettering is mounted above a black metal gate.","D:\caption_project\vietnam_architecture\Chùa_Bảo_Quang,_Tân_Phú_(Mặt_chính_diện_cổng),_tháng_5_năm_2021_(4)_105338438.png","/Users/jenfnguyen/Documents/Dev/KIS-AAI-DM-Master/data/caption_project/vietnam_architecture/Chùa_Bảo_Quang,_Tân_Phú_(Mặt_chính_diện_cổng),_tháng_5_năm_2021_(4)_105338438.png"
Chùa_Diệu_Pháp_(nhà_khách_mái_ngói_xanh)_(2)_126992682.png,0.7407,manual,False,pagoda/temple,,"A traditional Vietnamese communal house with a curved tiled roof and wooden pillars stands on a stone-paved courtyard, flanked by large potted lotus plants in terracotta pots.",A traditional wooden building with a green tiled roof stands behind a stone-paved courtyard. Large ceramic pots containing lotus plants and bonsai trees are placed in the foreground near a sign.,D:\caption_project\vietnam_architecture\Chùa_Diệu_Pháp_(nhà_khách_mái_ngói_xanh)_(2)_126992682.png,/Users/jenfnguyen/Documents/Dev/KIS-AAI-DM-Master/data/caption_project/vietnam_architecture/Chùa_Diệu_Pháp_(nhà_khách_mái_ngói_xanh)_(2)_126992682.png
A_tree_in_Phu_Quoc_Island_174078644.png,0.7409,manual,True,house,statue,A tall palm tree stands beside a waterfront promenade lined with colorful colonial-style shophouses and hotels featuring arched windows and red-tiled roofs.,"Multi-story commercial buildings with European-style facades, painted in pink, yellow, and white, line a waterfront area. A large palm tree stands in the foreground near a stone statue of a winged lion.",D:\caption_project\vietnam_architecture\A_tree_in_Phu_Quoc_Island_174078644.png,/Users/jenfnguyen/Documents/Dev/KIS-AAI-DM-Master/data/caption_project/vietnam_architecture/A_tree_in_Phu_Quoc_Island_174078644.png
"A_guard_demon,_Hue_Citadel_gates_36628340.png",0.7411,manual,False,statue,,"A close-up of an ornate ceramic dragon head sculpture on a traditional Vietnamese building facade, featuring blue, green, and white glazed tiles with floral patterns above.","Ceramic mosaic dragon relief ornamenting an arched doorway. The dragon features blue and green scales, large eyes, and long whiskers, set against a background of colorful floral and geometric tile patterns.","D:\caption_project\vietnam_architecture\A_guard_demon,_Hue_Citadel_gates_36628340.png","/Users/jenfnguyen/Documents/Dev/KIS-AAI-DM-Master/data/caption_project/vietnam_architecture/A_guard_demon,_Hue_Citadel_gates_36628340.png"
"2025-02-09_Cấm_Temple_(Đền_Cấm),_Lào_Cai_City,_Vietnam_老街禁祠_05_160967041.png",0.7412,manual,False,pagoda/temple,pagoda/temple,"A small Vietnamese temple with a red-tiled curved roof, white columns, and grey brick walls stands behind a white fence with red trim. A stone sign in front reads ĐỀN CẦU MỌI NGUYỆN CẦU.","Temple gate with a curved tiled roof and red-painted details, featuring white pillars and a stone stele in the foreground. The structure is surrounded by trees and a white perimeter wall.","D:\caption_project\vietnam_architecture\2025-02-09_Cấm_Temple_(Đền_Cấm),_Lào_Cai_City,_Vietnam_老街禁祠_05_160967041.png","/Users/jenfnguyen/Documents/Dev/KIS-AAI-DM-Master/data/caption_project/vietnam_architecture/2025-02-09_Cấm_Temple_(Đền_Cấm),_Lào_Cai_City,_Vietnam_老街禁祠_05_160967041.png"
Chùa_Giác_Tánh_(Hoành_phi)_(1)_119764029.png,0.7412,manual,False,statue,statue,"A golden statue of a deity stands on an ornate altar inside a temple hall with dark wood pillars and tiled roofing. A red sign above reads CHUA GIAC TANH, flanked by hanging red lanterns and floral arrangements.","A statue of a deity stands under a wooden roof structure with exposed beams and tiled ceiling. A rectangular wooden sign with gold lettering hangs above the statue, surrounded by red lanterns and potted plants.",D:\caption_project\vietnam_architecture\Chùa_Giác_Tánh_(Hoành_phi)_(1)_119764029.png,/Users/jenfnguyen/Documents/Dev/KIS-AAI-DM-Master/data/caption_project/vietnam_architecture/Chùa_Giác_Tánh_(Hoành_phi)_(1)_119764029.png
"Ancient_Tomb_Complex_in_Phước_Vĩnh_Đông_Commune,_Cần_Giuộc,_Việt_Nam_(22)_198204671.png",0.7413,manual,False,,,"A close-up of a weathered stone architectural detail with carved patterns on its surface, partially covered by green vines and dried leaves.","Weathered stone stele featuring carved decorative patterns and Chinese characters at the top, partially obscured by green plants and dry brown leaves growing at the base of the structure.","D:\caption_project\vietnam_architecture\Ancient_Tomb_Complex_in_Phước_Vĩnh_Đông_Commune,_Cần_Giuộc,_Việt_Nam_(22)_198204671.png","/Users/jenfnguyen/Documents/Dev/KIS-AAI-DM-Master/data/caption_project/vietnam_architecture/Ancient_Tomb_Complex_in_Phước_Vĩnh_Đông_Commune,_Cần_Giuộc,_Việt_Nam_(22)_198204671.png"
Ba_Dinh_Square_3004479.png,0.7414,manual,False,tomb,tomb,The Ho Chi Minh Mausoleum stands in a wide plaza under an overcast sky. A group of uniformed guards stands at attention near a tall flagpole flying the Vietnamese national flag.,"Mausoleum with a tiered grey stone facade and rectangular columns stands in a large square. A tall flagpole is centered in front, with a line of uniformed guards standing on the paved ground.",D:\caption_project\vietnam_architecture\Ba_Dinh_Square_3004479.png,/Users/jenfnguyen/Documents/Dev/KIS-AAI-DM-Master/data/caption_project/vietnam_architecture/Ba_Dinh_Square_3004479.png
8th_century_Hindu_temple_in_Nha_Trang_Vietnam_35389466.png,0.7415,manual,False,pagoda/temple,,A brick temple with a tall tiered tower and an adjacent conical spire stands behind potted yellow apricot blossom trees and large rocks in a landscaped garden.,"Two brick towers with tiered, pointed roofs stand in a garden setting. The structures are constructed from reddish-brown bricks and are surrounded by potted bonsai trees, large rocks, and green vegetation.",D:\caption_project\vietnam_architecture\8th_century_Hindu_temple_in_Nha_Trang_Vietnam_35389466.png,/Users/jenfnguyen/Documents/Dev/KIS-AAI-DM-Master/data/caption_project/vietnam_architecture/8th_century_Hindu_temple_in_Nha_Trang_Vietnam_35389466.png
Bao_tang_Dak_Lak_2_11560814.png,0.7419,manual,False,,,"An interior room with a wooden parquet floor displays historical artifacts including horse tack and harnesses inside a glass case, alongside a curved boat hull on a red platform.","Interior of a room with white walls and a herringbone patterned floor. The space contains a wooden display case with various tools, a black covered sedan chair on a red platform, and a tall spear.",D:\caption_project\vietnam_architecture\Bao_tang_Dak_Lak_2_11560814.png,/Users/jenfnguyen/Documents/Dev/KIS-AAI-DM-Master/data/caption_project/vietnam_architecture/Bao_tang_Dak_Lak_2_11560814.png
Chùa_Diệu_Pháp_(Cổng_mái)_(8)_126873648.png,0.7422,manual,False,,,A traditional wooden pavilion with a curved tiled roof and intricately carved dark wood beams supported by thick red pillars. A stone path leads through the structure toward trees and a large planter in the background.,Wooden pillars with carved calligraphy support a tiled roof structure in a garden setting. A large bonsai tree sits in a decorative stone planter on a stone-paved path nearby.,D:\caption_project\vietnam_architecture\Chùa_Diệu_Pháp_(Cổng_mái)_(8)_126873648.png,/Users/jenfnguyen/Documents/Dev/KIS-AAI-DM-Master/data/caption_project/vietnam_architecture/Chùa_Diệu_Pháp_(Cổng_mái)_(8)_126873648.png
Budhisma_statuo_en_nefinita_parto_de_pagodo_Linh_Phước_(Dalato)_98821871.png,0.7431,manual,False,statue,statue,"A large seated statue made of golden-brown grains, positioned indoors under a metal roof with a blue backdrop featuring white text.","Large statue of a seated deity covered in small textured grains or seeds, featuring a circular halo behind the head and a small figure placed on the forehead, set against a blue backdrop.",D:\caption_project\vietnam_architecture\Budhisma_statuo_en_nefinita_parto_de_pagodo_Linh_Phước_(Dalato)_98821871.png,/Users/jenfnguyen/Documents/Dev/KIS-AAI-DM-Master/data/caption_project/vietnam_architecture/Budhisma_statuo_en_nefinita_parto_de_pagodo_Linh_Phước_(Dalato)_98821871.png
Chùa_Bảo_Đàm_năm_2022_(cổng_chùa_song_sắt)_(4)_115831997.png,0.7435,manual,False,,,A black metal gate with decorative ironwork stands before a white building facade featuring windows with security bars and visible text above them.,"Black metal gate with lotus motifs stands in front of a light-colored building facade. Potted plants are positioned on the ground in the foreground, partially obscuring the view of the structure.",D:\caption_project\vietnam_architecture\Chùa_Bảo_Đàm_năm_2022_(cổng_chùa_song_sắt)_(4)_115831997.png,/Users/jenfnguyen/Documents/Dev/KIS-AAI-DM-Master/data/caption_project/vietnam_architecture/Chùa_Bảo_Đàm_năm_2022_(cổng_chùa_song_sắt)_(4)_115831997.png
Chùa_Giác_Tánh_(Cổng_chùa)_(12)_119454411.png,0.7436,manual,False,statue,pagoda/temple,"A traditional Vietnamese gate with a curved tiled roof and dragon sculptures. The sign reads HI NGHIEP above a stone entrance. A large yellow poster stands to the right, next to a closed metal fence.","A pagoda gate features a dark stone structure with a green tiled roof adorned with golden dragon sculptures. A yellow funeral notice sign stands on the right, while a metal gate is visible in the background.",D:\caption_project\vietnam_architecture\Chùa_Giác_Tánh_(Cổng_chùa)_(12)_119454411.png,/Users/jenfnguyen/Documents/Dev/KIS-AAI-DM-Master/data/caption_project/vietnam_architecture/Chùa_Giác_Tánh_(Cổng_chùa)_(12)_119454411.png
"Chùa_Huệ_Nghiêm_năm_2022_(khu_nội_viện,_cổng_tam_quan)_(26)_127034227.png",0.7438,manual,False,,pagoda/temple,A traditional Vietnamese gate with curved tiled roofs and dark wooden pillars stands surrounded by green trees under a cloudy sky.,"A pagoda gate features a dark wooden frame, orange tiled roofs with curved corners, and golden Chinese characters on the lintel. The structure is surrounded by green trees and white walls.","D:\caption_project\vietnam_architecture\Chùa_Huệ_Nghiêm_năm_2022_(khu_nội_viện,_cổng_tam_quan)_(26)_127034227.png","/Users/jenfnguyen/Documents/Dev/KIS-AAI-DM-Master/data/caption_project/vietnam_architecture/Chùa_Huệ_Nghiêm_năm_2022_(khu_nội_viện,_cổng_tam_quan)_(26)_127034227.png"
A_Single_Pillar_(2802508059)_140434266.png,0.7438,manual,False,pagoda/temple,pagoda/temple,The One Pillar Pagoda stands on a single stone pillar in a garden with lotus ponds and green trees.,"Small wooden pagoda structure with a curved tile roof supported by a single stone pillar in the center of a lotus pond, surrounded by low concrete walls and green trees.",D:\caption_project\vietnam_architecture\A_Single_Pillar_(2802508059)_140434266.png,/Users/jenfnguyen/Documents/Dev/KIS-AAI-DM-Master/data/caption_project/vietnam_architecture/A_Single_Pillar_(2802508059)_140434266.png
"Chùa_Bảo_Quang,_tháng_6_năm_2019_đường_Lũy_Bán_Bích,_quận_Tân_Phú_(1)_105338480.png",0.744,manual,False,pagoda/temple,pagoda/temple,"A traditional Vietnamese temple gate with curved tiled roof, dark wood sign reading 'PHẬT NHẬT TĂNG HƯ PHÁP LUÂN THƯỜNG CHUYỂN', and yellow lotus lanterns hanging below.","Pagoda entrance featuring a red tiled roof with curved dragon-shaped roof ridges. A large wooden plaque with gold lettering is mounted on a grey stone wall, decorated with yellow lotus-shaped hanging lanterns.","D:\caption_project\vietnam_architecture\Chùa_Bảo_Quang,_tháng_6_năm_2019_đường_Lũy_Bán_Bích,_quận_Tân_Phú_(1)_105338480.png","/Users/jenfnguyen/Documents/Dev/KIS-AAI-DM-Master/data/caption_project/vietnam_architecture/Chùa_Bảo_Quang,_tháng_6_năm_2019_đường_Lũy_Bán_Bích,_quận_Tân_Phú_(1)_105338480.png"
Central_Park_(246140943)_71327326.png,0.7441,manual,False,,,A row of modern street lamps illuminates a paved walkway at night. The lights cast a glow on the rectangular paving stones.,"Modern bollard lights illuminate a paved walkway at night. These slender, vertical fixtures are arranged in a row along the path, casting light onto the rectangular stone tiles in a dark setting.",D:\caption_project\vietnam_architecture\Central_Park_(246140943)_71327326.png,/Users/jenfnguyen/Documents/Dev/KIS-AAI-DM-Master/data/caption_project/vietnam_architecture/Central_Park_(246140943)_71327326.png
Chùa_Bửu_Quang_(Cổng_chùa)_(2)_116025944.png,0.7441,manual,False,,statue,"A multi-story yellow colonial-style building with a balcony featuring ornate wooden railings and dark pillars, viewed at night under strings of illuminated rectangular lanterns against a deep blue sky.","Multi-story building with yellow walls and dark wooden balconies featuring intricate carvings. A statue stands near the entrance, while strings of colorful Buddhist flags hang overhead against the dark night sky.",D:\caption_project\vietnam_architecture\Chùa_Bửu_Quang_(Cổng_chùa)_(2)_116025944.png,/Users/jenfnguyen/Documents/Dev/KIS-AAI-DM-Master/data/caption_project/vietnam_architecture/Chùa_Bửu_Quang_(Cổng_chùa)_(2)_116025944.png
"Chùa_Huệ_Nghiêm_năm_2022,_trúc_viên_(rừng_trúc)_(9)_127262736.png",0.7442,manual,False,pagoda/temple,,Tall bamboo and leafy trees obscure a pinkish-red communal house with a traditional curved roof visible in the background.,A two-story building with a red tiled roof and yellow walls is partially obscured by dense bamboo and tree foliage. The structure features a balcony with wooden railings and dark window frames.,"D:\caption_project\vietnam_architecture\Chùa_Huệ_Nghiêm_năm_2022,_trúc_viên_(rừng_trúc)_(9)_127262736.png","/Users/jenfnguyen/Documents/Dev/KIS-AAI-DM-Master/data/caption_project/vietnam_architecture/Chùa_Huệ_Nghiêm_năm_2022,_trúc_viên_(rừng_trúc)_(9)_127262736.png"
"0040323_Thap_Doi_Cham_Hindu_complex,_Quy_Nhon,_Binh_Dinh_Vietnam_248_132483214.png",0.7448,manual,False,,,A red brick tower with arched niches and decorative moldings stands on a stone base. Green shrubs grow around the foundation under a clear blue sky.,"Brick tower structure featuring intricate carvings and layered pilasters on its exterior walls. The base is constructed from large grey stone blocks, and the structure is set against a clear blue sky.","D:\caption_project\vietnam_architecture\0040323_Thap_Doi_Cham_Hindu_complex,_Quy_Nhon,_Binh_Dinh_Vietnam_248_132483214.png","/Users/jenfnguyen/Documents/Dev/KIS-AAI-DM-Master/data/caption_project/vietnam_architecture/0040323_Thap_Doi_Cham_Hindu_complex,_Quy_Nhon,_Binh_Dinh_Vietnam_248_132483214.png"
Chùa_Giác_Sanh_năm_2022_(cầu_thang_lên_chánh_điện)_(1)_126984027.png,0.7449,manual,False,,,"A red staircase with decorative panels leads to a second-floor balcony of a beige building, surrounded by potted plants and colorful flags strung across the courtyard.","Red concrete staircase with decorative stone panels leads to an upper level in a courtyard. A potted plant with orange flowers sits below, while strings of Buddhist flags hang overhead.",D:\caption_project\vietnam_architecture\Chùa_Giác_Sanh_năm_2022_(cầu_thang_lên_chánh_điện)_(1)_126984027.png,/Users/jenfnguyen/Documents/Dev/KIS-AAI-DM-Master/data/caption_project/vietnam_architecture/Chùa_Giác_Sanh_năm_2022_(cầu_thang_lên_chánh_điện)_(1)_126984027.png
Chua_xaton_4161502.png,0.7449,manual,False,pagoda/temple,pagoda/temple,"A yellow temple with a multi-tiered dark roof and ornate spires stands behind colorful stupa structures lined along a paved path, surrounded by palm trees and greenery.","A pagoda features a yellow exterior wall and a multi-tiered tiled roof with curved gables. Several colorful, multi-layered stupas are arranged in front of the building on a paved ground surrounded by trees.",D:\caption_project\vietnam_architecture\Chua_xaton_4161502.png,/Users/jenfnguyen/Documents/Dev/KIS-AAI-DM-Master/data/caption_project/vietnam_architecture/Chua_xaton_4161502.png
"Chùa_Huệ_Nghiêm_năm_2022_(khu_nội_viện,_bảng_hiệu_chánh_điện,_nghiêng)_126510716.png",0.745,manual,False,pagoda/temple,pagoda/temple,"A traditional wooden pagoda entrance with intricate latticed doors and curved tiled roof eaves. Large wooden signs display Chinese characters above the doorway, surrounded by green foliage.","Wooden structure of a temple featuring dark brown timber walls, intricate spindle-style balusters, and horizontal wooden signs with gold-painted Chinese characters. A tiled roof overhangs the entrance, partially obscured by green foliage.","D:\caption_project\vietnam_architecture\Chùa_Huệ_Nghiêm_năm_2022_(khu_nội_viện,_bảng_hiệu_chánh_điện,_nghiêng)_126510716.png","/Users/jenfnguyen/Documents/Dev/KIS-AAI-DM-Master/data/caption_project/vietnam_architecture/Chùa_Huệ_Nghiêm_năm_2022_(khu_nội_viện,_bảng_hiệu_chánh_điện,_nghiêng)_126510716.png"
20260120_Sluice_site_of_Nam_Việt_(121801)_193737238.png,0.7451,manual,False,,,"Interior of an archaeological exhibit displaying preserved wooden piles and structural remnants arranged on earthen ground, illuminated by spotlights under a reflective ceiling.",Archaeological excavation site featuring numerous upright wooden posts embedded in the earth. The area is enclosed within a modern indoor space with a reflective dark ceiling and artificial lighting.,D:\caption_project\vietnam_architecture\20260120_Sluice_site_of_Nam_Việt_(121801)_193737238.png,/Users/jenfnguyen/Documents/Dev/KIS-AAI-DM-Master/data/caption_project/vietnam_architecture/20260120_Sluice_site_of_Nam_Việt_(121801)_193737238.png
"2025-02-09_Cấm_Temple_(Đền_Cấm),_Lào_Cai_City,_Vietnam_老街禁祠_17_160967075.png",0.7458,manual,True,pagoda/temple,statue,"A wooden pagoda with a curved tiled roof and red lanterns stands outdoors, surrounded by trees. In front is an altar table covered in red cloth.","Open-air pavilion with a curved tiled roof and wooden pillars, featuring a red sign with gold text. A red-covered table with offerings sits in front, surrounded by trees and stone elephant statues.","D:\caption_project\vietnam_architecture\2025-02-09_Cấm_Temple_(Đền_Cấm),_Lào_Cai_City,_Vietnam_老街禁祠_17_160967075.png","/Users/jenfnguyen/Documents/Dev/KIS-AAI-DM-Master/data/caption_project/vietnam_architecture/2025-02-09_Cấm_Temple_(Đền_Cấm),_Lào_Cai_City,_Vietnam_老街禁祠_17_160967075.png"
Chiếc_bình_hồ_lô_vàng_trong_Nghĩa_trrang_Trung_Minh_ng24th9n2022_(2)_123411184.png,0.7459,manual,False,statue,,"A tiered stone monument with red panels and cream-colored trim supports a large, glossy yellow gourd sculpture on top against a bright sky.","A tiered square structure features dark red panels framed by light-colored stone borders. A prominent, glossy yellow ceramic gourd-shaped ornament sits at the very top of the structure against a plain background.",D:\caption_project\vietnam_architecture\Chiếc_bình_hồ_lô_vàng_trong_Nghĩa_trrang_Trung_Minh_ng24th9n2022_(2)_123411184.png,/Users/jenfnguyen/Documents/Dev/KIS-AAI-DM-Master/data/caption_project/vietnam_architecture/Chiếc_bình_hồ_lô_vàng_trong_Nghĩa_trrang_Trung_Minh_ng24th9n2022_(2)_123411184.png
"0040323_Thap_Doi_Cham_Hindu_complex,_Quy_Nhon,_Binh_Dinh_Vietnam_185_132483210.png",0.7461,manual,False,,,"A weathered red brick tower with an arched niche and carved details, surrounded by palm trees under a clear blue sky.",Tall brick tower structure with a square base and a pointed arch niche on the exterior wall. The weathered orange masonry features decorative pilasters and small plants growing from the crevices.,"D:\caption_project\vietnam_architecture\0040323_Thap_Doi_Cham_Hindu_complex,_Quy_Nhon,_Binh_Dinh_Vietnam_185_132483210.png","/Users/jenfnguyen/Documents/Dev/KIS-AAI-DM-Master/data/caption_project/vietnam_architecture/0040323_Thap_Doi_Cham_Hindu_complex,_Quy_Nhon,_Binh_Dinh_Vietnam_185_132483210.png"
"Chùa_Giác_Lâm,_tháng_01_năm_2022_(Miếu_thờ_xin_xăm,_cửa_sổ)_121674497.png",0.7462,manual,False,,house,"A colonial building with an orange facade and a yellow lower section features green louvered shutters open on either side of a window. A decorative concrete vent is centered above the window, and three red plastic chairs sit outside.","Orange exterior wall of a house featuring a window with dark green louvered shutters and a metal security grille. A white decorative ventilation block sits above the window, with three red plastic chairs below.","D:\caption_project\vietnam_architecture\Chùa_Giác_Lâm,_tháng_01_năm_2022_(Miếu_thờ_xin_xăm,_cửa_sổ)_121674497.png","/Users/jenfnguyen/Documents/Dev/KIS-AAI-DM-Master/data/caption_project/vietnam_architecture/Chùa_Giác_Lâm,_tháng_01_năm_2022_(Miếu_thờ_xin_xăm,_cửa_sổ)_121674497.png"
"Chùa_Huệ_Nghiêm_năm_2022_(khu_nội_viện,_cổng_tam_quan)_(1)_127034188.png",0.7462,manual,False,,,"A traditional Vietnamese gate with a curved red-tiled roof and dark wooden structure stands surrounded by green trees, with people standing near stacked boxes at its base.",Traditional wooden gate with a multi-tiered orange tiled roof and curved eaves. The dark brown structure features golden Chinese characters on the crossbeams and is surrounded by trees and people.,"D:\caption_project\vietnam_architecture\Chùa_Huệ_Nghiêm_năm_2022_(khu_nội_viện,_cổng_tam_quan)_(1)_127034188.png","/Users/jenfnguyen/Documents/Dev/KIS-AAI-DM-Master/data/caption_project/vietnam_architecture/Chùa_Huệ_Nghiêm_năm_2022_(khu_nội_viện,_cổng_tam_quan)_(1)_127034188.png"
Chùa_Diệu_Pháp_(nhà_khách_mái_ngói_xanh)_(3)_126992684.png,0.7462,manual,False,pagoda/temple,,"A dark wooden communal house with a green-tiled roof and red pillars. Stone steps lead to an entrance marked KHÁCH ĐƯỜNG, flanked by large potted lotus plants on a stone-paved courtyard.","Traditional wooden building with a dark tiled roof and a stone-paved courtyard featuring potted lotus plants. A sign stands in front of the entrance, which overlooks a body of water.",D:\caption_project\vietnam_architecture\Chùa_Diệu_Pháp_(nhà_khách_mái_ngói_xanh)_(3)_126992684.png,/Users/jenfnguyen/Documents/Dev/KIS-AAI-DM-Master/data/caption_project/vietnam_architecture/Chùa_Diệu_Pháp_(nhà_khách_mái_ngói_xanh)_(3)_126992684.png
Chùa_Giác_Tánh_(Cổng_chùa)_(13)_119454415.png,0.7462,manual,False,drawing/map,,A stone gate with a dark wooden sign displaying large gold letters reading DUY TUỆ THỊ N. The roof has green tiles and is decorated with red flags featuring yellow stars. A blue informational poster is visible on the left.,"Entrance gate of a structure featuring a dark wooden sign with gold lettering, green tiled roof eaves, and red Vietnamese flags hanging above. A brick pillar supports the structure near a metal fence.",D:\caption_project\vietnam_architecture\Chùa_Giác_Tánh_(Cổng_chùa)_(13)_119454415.png,/Users/jenfnguyen/Documents/Dev/KIS-AAI-DM-Master/data/caption_project/vietnam_architecture/Chùa_Giác_Tánh_(Cổng_chùa)_(13)_119454415.png
Chua_cu_(4)_100670143.png,0.7468,manual,False,pagoda/temple,pagoda/temple,A pagoda with a multi-tiered roof and ornate gables stands on concrete steps surrounded by trees. A man walks past the entrance while another person sits near the right side.,"Pagoda with a multi-tiered roof and a prominent red and gold shrine structure in front. A monk stands on the shrine, while a person walks nearby in an outdoor courtyard with statues.",D:\caption_project\vietnam_architecture\Chua_cu_(4)_100670143.png,/Users/jenfnguyen/Documents/Dev/KIS-AAI-DM-Master/data/caption_project/vietnam_architecture/Chua_cu_(4)_100670143.png
Ben_phai_158683660.png,0.7476,manual,False,,tomb,"Rows of red rectangular memorial stones with gold stars and pink flowers sit on a concrete surface. Behind them stands a tall red monument with inscriptions, set against a backdrop of residential buildings under an overcast sky.","Rows of dark red tiled tombs are arranged in a cemetery, featuring a central tall monument with a yellow star and Vietnamese text. Residential buildings are visible in the background under a cloudy sky.",D:\caption_project\vietnam_architecture\Ben_phai_158683660.png,/Users/jenfnguyen/Documents/Dev/KIS-AAI-DM-Master/data/caption_project/vietnam_architecture/Ben_phai_158683660.png
Chandra_over_Trung_Kính_Hạ_Temple_05-10-2025_179687524.png,0.7484,manual,False,,,A bright moon shines through scattered clouds in a dark night sky above silhouetted trees and utility poles with wires.,"Vertical utility pole with thick black cables stands prominently against a dark night sky. The moon shines brightly behind thin clouds, surrounded by silhouettes of tree branches in the foreground.",D:\caption_project\vietnam_architecture\Chandra_over_Trung_Kính_Hạ_Temple_05-10-2025_179687524.png,/Users/jenfnguyen/Documents/Dev/KIS-AAI-DM-Master/data/caption_project/vietnam_architecture/Chandra_over_Trung_Kính_Hạ_Temple_05-10-2025_179687524.png
"Chùa_Huệ_Nghiêm_năm_2022_(tháp_chuông,_mái)_(3)_127289004.png",0.7487,manual,False,pagoda/temple,pagoda/temple,"Traditional pagoda with ornate curved red-tiled roofs rises above a large bush of bright green leaves, surrounded by tall trees.","Curved roof of a pagoda structure with orange tiles and decorative dragon-shaped ridge ends, partially obscured by a dense green tree in the foreground. The building features dark wooden eaves and supports.","D:\caption_project\vietnam_architecture\Chùa_Huệ_Nghiêm_năm_2022_(tháp_chuông,_mái)_(3)_127289004.png","/Users/jenfnguyen/Documents/Dev/KIS-AAI-DM-Master/data/caption_project/vietnam_architecture/Chùa_Huệ_Nghiêm_năm_2022_(tháp_chuông,_mái)_(3)_127289004.png"
2013-07-18_My_An_Onsen_Resort_ミーアン温泉_DSCF1147_107169896.png,0.7487,manual,False,,,A swimming pool with two people wading near several thatched-roof umbrellas on a sunny day. Green trees and bushes surround the pool area.,"A swimming pool with light-colored water is surrounded by several circular thatched-roof huts supported by dark wooden pillars. The area includes trees and paved walkways, with people visible in the water.",D:\caption_project\vietnam_architecture\2013-07-18_My_An_Onsen_Resort_ミーアン温泉_DSCF1147_107169896.png,/Users/jenfnguyen/Documents/Dev/KIS-AAI-DM-Master/data/caption_project/vietnam_architecture/2013-07-18_My_An_Onsen_Resort_ミーアン温泉_DSCF1147_107169896.png
"0040423_Thap_Duong_Long_Cham_tower_temples,_Hindu_trinity,_Binh_Dinh_Vietnam_089_132506943.png",0.7489,manual,False,,,"Close-up of carved sandstone architectural details on a stone structure, featuring rows of sculpted figures and decorative motifs under bright sunlight with green foliage above.",Stone architectural detail featuring a row of carved figures resembling naga heads atop horizontal decorative bands. The weathered brown masonry shows intricate relief patterns and is positioned outdoors under a bright blue sky.,"D:\caption_project\vietnam_architecture\0040423_Thap_Duong_Long_Cham_tower_temples,_Hindu_trinity,_Binh_Dinh_Vietnam_089_132506943.png","/Users/jenfnguyen/Documents/Dev/KIS-AAI-DM-Master/data/caption_project/vietnam_architecture/0040423_Thap_Duong_Long_Cham_tower_temples,_Hindu_trinity,_Binh_Dinh_Vietnam_089_132506943.png"
Chua_Thien_Vuong_Co_Sat_06_14837150.png,0.749,manual,False,pagoda/temple,pagoda/temple,"A stone and concrete gate with a tiled roof stands before a temple building. The gate displays large red characters on its facade, while the temple behind features a curved roof and decorative elements. People are visible in the courtyard.","Stone gate with a tiled roof stands before a pagoda featuring a low-pitched roof, yellow walls, and a stone-paved courtyard. Pine trees surround the structure, and Chinese characters are displayed on the gate and building facade.",D:\caption_project\vietnam_architecture\Chua_Thien_Vuong_Co_Sat_06_14837150.png,/Users/jenfnguyen/Documents/Dev/KIS-AAI-DM-Master/data/caption_project/vietnam_architecture/Chua_Thien_Vuong_Co_Sat_06_14837150.png
2023-12-10_Stupa_of_Bodhisattva_Thích_Quảng_Đức_(Bảo_tháp_Thích_Quảng_Đức)_02_142882848.png,0.7491,manual,False,pagoda/temple,pagoda/temple,"A concrete shrine with a curved roof featuring green and orange decorative tiles houses a white relief statue of a seated monk. A small bouquet of yellow flowers sits below the statue, surrounded by green trees.",Hexagonal stone pagoda structure featuring a white relief sculpture of a seated monk framed by floral carvings. The structure is topped with green roof tiles and sits near a yellow pillar with red text.,D:\caption_project\vietnam_architecture\2023-12-10_Stupa_of_Bodhisattva_Thích_Quảng_Đức_(Bảo_tháp_Thích_Quảng_Đức)_02_142882848.png,/Users/jenfnguyen/Documents/Dev/KIS-AAI-DM-Master/data/caption_project/vietnam_architecture/2023-12-10_Stupa_of_Bodhisattva_Thích_Quảng_Đức_(Bảo_tháp_Thích_Quảng_Đức)_02_142882848.png
Chùa_Huệ_Nghiêm_năm_2022_(họa_tiết_trên_cửa_trong_Bảo_tháp)_(3)_123933649.png,0.7492,manual,False,,,"An ornate arched doorway with white and gold decorative elements leads into a room with green walls. A red lantern hangs from the archway, while a round symbol featuring Chinese characters is positioned above it.","Interior doorway featuring two fluted columns topped with decorative capitals and a white arched pediment with gold floral carvings. A red lantern hangs in the center, and a circular emblem is mounted above.",D:\caption_project\vietnam_architecture\Chùa_Huệ_Nghiêm_năm_2022_(họa_tiết_trên_cửa_trong_Bảo_tháp)_(3)_123933649.png,/Users/jenfnguyen/Documents/Dev/KIS-AAI-DM-Master/data/caption_project/vietnam_architecture/Chùa_Huệ_Nghiêm_năm_2022_(họa_tiết_trên_cửa_trong_Bảo_tháp)_(3)_123933649.png
Chùa_Diệu_Pháp_(cột_trụ_gỗ)_127032484.png,0.7496,manual,False,pagoda/temple,,"A carved wooden column capital supports a ceiling beam inside a communal house. A swastika symbol is visible on the capital, and a sign reads TÔ AN TRUNG.","Polished wooden pillar with an ornate capital featuring a carved swastika symbol. The interior structure includes a wooden ceiling and a horizontal panel with an inscription, showcasing detailed woodwork and warm brown tones.",D:\caption_project\vietnam_architecture\Chùa_Diệu_Pháp_(cột_trụ_gỗ)_127032484.png,/Users/jenfnguyen/Documents/Dev/KIS-AAI-DM-Master/data/caption_project/vietnam_architecture/Chùa_Diệu_Pháp_(cột_trụ_gỗ)_127032484.png
Chua_Thien_Vuong_Co_Sat_07_14837164.png,0.7497,manual,False,,,A traditional Vietnamese gate with a curved tiled roof and concrete pillars stands over a stone path leading into a wooded area. A sign above the entrance reads 'THANG TIEN VUONG'.,"A stone gate with a multi-tiered tiled roof stands over a stone-paved path. The structure features yellow walls with circular emblems and Chinese characters, surrounded by pine trees and small market stalls.",D:\caption_project\vietnam_architecture\Chua_Thien_Vuong_Co_Sat_07_14837164.png,/Users/jenfnguyen/Documents/Dev/KIS-AAI-DM-Master/data/caption_project/vietnam_architecture/Chua_Thien_Vuong_Co_Sat_07_14837164.png
"Chu_Văn_An_High_School,_New_Garden_113432016.png",0.7501,manual,False,,,A stone staircase with decorative balustrades leads through a garden toward a colonial building visible behind large trees and greenery.,"Low concrete balustrade with circular cutouts surrounds a small garden area, featuring a short set of stairs. A colonial building with light-colored walls is partially visible in the background among trees.","D:\caption_project\vietnam_architecture\Chu_Văn_An_High_School,_New_Garden_113432016.png","/Users/jenfnguyen/Documents/Dev/KIS-AAI-DM-Master/data/caption_project/vietnam_architecture/Chu_Văn_An_High_School,_New_Garden_113432016.png"
"Bình_Lợi_Bridge,_built_by_the_Société_Constructions_Levallois-Perret_02_148552965.png",0.7508,manual,False,bridge,bridge,"A black and white photograph showing a train crossing a steel truss bridge over water, with metal railings along the sides.","Metal truss bridge spans a wide river with a steam locomotive traveling across the tracks. The structure features riveted steel beams and girders, with vegetation visible along the distant riverbanks.","D:\caption_project\vietnam_architecture\Bình_Lợi_Bridge,_built_by_the_Société_Constructions_Levallois-Perret_02_148552965.png","/Users/jenfnguyen/Documents/Dev/KIS-AAI-DM-Master/data/caption_project/vietnam_architecture/Bình_Lợi_Bridge,_built_by_the_Société_Constructions_Levallois-Perret_02_148552965.png"
"Chùa_Bảo_Quang,_Tân_Phú_(Mặt_chính_diện_cổng),_tháng_5_năm_2021_(3)_105338439.png",0.7516,manual,False,pagoda/temple,pagoda/temple,"The ornate entrance gate of a Vietnamese pagoda with curved tiled roofs and decorative wooden carvings. A large golden sign above the gate reads 'CHÙA BẢO QUANG' in bold letters, flanked by vertical inscriptions.","Pagoda entrance featuring a multi-tiered roof with curved eaves and brown tiles. The structure includes intricate wooden carvings, a large gold-lettered sign, and gray stone pillars with Chinese characters.","D:\caption_project\vietnam_architecture\Chùa_Bảo_Quang,_Tân_Phú_(Mặt_chính_diện_cổng),_tháng_5_năm_2021_(3)_105338439.png","/Users/jenfnguyen/Documents/Dev/KIS-AAI-DM-Master/data/caption_project/vietnam_architecture/Chùa_Bảo_Quang,_Tân_Phú_(Mặt_chính_diện_cổng),_tháng_5_năm_2021_(3)_105338439.png"
"Chùa_Bảo_Đàm,_năm_2022_(cổng_phụ)_(2)_115831999.png",0.7524,manual,False,,pagoda/temple,"A white colonial-style gatepost with a blue sign reading GIAO Hoi PHAT GIAO VIET CHUA BAO D stands beside a black metal gate. A red flag hangs nearby, and green foliage fills the background.","A metal gate entrance to a pagoda features a blue sign with white text. A white concrete pillar with a small decorative roof structure stands beside the gate, with a red flag attached.","D:\caption_project\vietnam_architecture\Chùa_Bảo_Đàm,_năm_2022_(cổng_phụ)_(2)_115831999.png","/Users/jenfnguyen/Documents/Dev/KIS-AAI-DM-Master/data/caption_project/vietnam_architecture/Chùa_Bảo_Đàm,_năm_2022_(cổng_phụ)_(2)_115831999.png"
Bạch_dinh-_hiện_vật_24868173.png,0.7525,manual,False,,,"A collection of old metal tools and hardware displayed on a white surface, including chisels, trowels, and bundles of nails.","Small metal tools and fasteners are displayed on a flat surface. The collection includes several elongated, dark metallic strips with loops at one end, arranged in rows alongside a cluster of thin, pointed objects.",D:\caption_project\vietnam_architecture\Bạch_dinh-_hiện_vật_24868173.png,/Users/jenfnguyen/Documents/Dev/KIS-AAI-DM-Master/data/caption_project/vietnam_architecture/Bạch_dinh-_hiện_vật_24868173.png
"Chùa_Huệ_Nghiêm_năm_2022_(khu_nội_viện,_cổng_tam_quan)_(3)_127034190.png",0.7526,manual,False,,pagoda/temple,"A traditional Vietnamese wooden gate with curved tiled roof and carved details stands beside a green tree bearing yellow fruit. A person wearing a mask walks through the entrance next to a sign reading ""KHU VUI VIẾN"".","Traditional wooden gate of a temple featuring dark brown timber, curved tiled roof corners, and gold-painted Chinese characters on wooden plaques. A person walks through the open doorway beside a small tree.","D:\caption_project\vietnam_architecture\Chùa_Huệ_Nghiêm_năm_2022_(khu_nội_viện,_cổng_tam_quan)_(3)_127034190.png","/Users/jenfnguyen/Documents/Dev/KIS-AAI-DM-Master/data/caption_project/vietnam_architecture/Chùa_Huệ_Nghiêm_năm_2022_(khu_nội_viện,_cổng_tam_quan)_(3)_127034190.png"
"0040323_Anthropomorphic_Shiva_at_the_Thap_Banh_It_Cham_Hindu_temples_complex,_Nhon_Hoa,_Binh_Dinh_Vietnam_047_132478990.png",0.7527,manual,False,statue,statue,A bronze statue of a seated deity with multiple arms rests on a stone pedestal inside a room with weathered walls and inscriptions. Yellow flowers in a vase sit nearby.,"A multi-armed statue, wearing a tall crown and intricate garments, is seated on a pedestal. It stands against a dark, textured wall covered in graffiti. Offerings of yellow flowers and liquids are placed on a low table to the right.","D:\caption_project\vietnam_architecture\0040323_Anthropomorphic_Shiva_at_the_Thap_Banh_It_Cham_Hindu_temples_complex,_Nhon_Hoa,_Binh_Dinh_Vietnam_047_132478990.png","/Users/jenfnguyen/Documents/Dev/KIS-AAI-DM-Master/data/caption_project/vietnam_architecture/0040323_Anthropomorphic_Shiva_at_the_Thap_Banh_It_Cham_Hindu_temples_complex,_Nhon_Hoa,_Binh_Dinh_Vietnam_047_132478990.png"
"Chùa_Huệ_Nghiêm_năm_2022_(kiến_trúc_nội_điện,_hành_lang_lầu)_(5)_127288080.png",0.7528,manual,False,pagoda/temple,,"A long interior corridor of a wooden pagoda with polished red floors and ornate railings. The ceiling features exposed wooden beams and brackets, while black lanterns hang from the walls.","Covered wooden corridor of a structure featuring red painted beams, pillars, and railings. The ceiling displays exposed rafters with bracket supports, while the floor is polished and reflects the surrounding greenery.","D:\caption_project\vietnam_architecture\Chùa_Huệ_Nghiêm_năm_2022_(kiến_trúc_nội_điện,_hành_lang_lầu)_(5)_127288080.png","/Users/jenfnguyen/Documents/Dev/KIS-AAI-DM-Master/data/caption_project/vietnam_architecture/Chùa_Huệ_Nghiêm_năm_2022_(kiến_trúc_nội_điện,_hành_lang_lầu)_(5)_127288080.png"
"Chùa_Huê_Nghiêm_ở_Thủ_Đức,_tháng_12_năm_2021_(Cổng_chính)_(6)_113328237.png",0.7532,manual,False,pagoda/temple,pagoda/temple,A decorated temple gate with golden ornate metalwork and red pillars. A sign above reads CHUA HUE NGHIEM.,"Pagoda gate featuring a tiled roof with gold accents, a central metal gate, and stone pillars decorated with gold carvings. The structure displays Chinese characters and Vietnamese text on its facade.","D:\caption_project\vietnam_architecture\Chùa_Huê_Nghiêm_ở_Thủ_Đức,_tháng_12_năm_2021_(Cổng_chính)_(6)_113328237.png","/Users/jenfnguyen/Documents/Dev/KIS-AAI-DM-Master/data/caption_project/vietnam_architecture/Chùa_Huê_Nghiêm_ở_Thủ_Đức,_tháng_12_năm_2021_(Cổng_chính)_(6)_113328237.png"
2024_-_Phu_Dien_Tower_(Tháp_Phú_Diên)_-_img_17_151093131.png,0.7532,manual,False,,,"A rectangular archaeological site with exposed brick foundations enclosed by a black post fence. The area is surrounded by green vegetation and stone walls, with a modern glass structure visible in the background.","Rectangular foundation of a structure marked by exposed red bricks on the ground, enclosed by a low black metal fence. A stone retaining wall and trees are visible in the background.",D:\caption_project\vietnam_architecture\2024_-_Phu_Dien_Tower_(Tháp_Phú_Diên)_-_img_17_151093131.png,/Users/jenfnguyen/Documents/Dev/KIS-AAI-DM-Master/data/caption_project/vietnam_architecture/2024_-_Phu_Dien_Tower_(Tháp_Phú_Diên)_-_img_17_151093131.png
Chùa_Giác_Sanh_năm_2022_(họa_tiết_bàn_thờ_Phật_trong_chánh_điện)_(1)_126961748.png,0.7536,manual,False,,,"A close-up of a purple wooden panel featuring intricate gold carvings and geometric patterns, including a prominent circular symbol surrounded by floral motifs.","Detailed wood carving featuring a central circular longevity symbol in gold against a dark purple background. The panel is decorated with geometric patterns and stylized floral motifs, framed by horizontal borders.",D:\caption_project\vietnam_architecture\Chùa_Giác_Sanh_năm_2022_(họa_tiết_bàn_thờ_Phật_trong_chánh_điện)_(1)_126961748.png,/Users/jenfnguyen/Documents/Dev/KIS-AAI-DM-Master/data/caption_project/vietnam_architecture/Chùa_Giác_Sanh_năm_2022_(họa_tiết_bàn_thờ_Phật_trong_chánh_điện)_(1)_126961748.png
Chapel_Y_Pha_Nho_cemetery_63443356.png,0.7543,manual,False,tomb,tomb,A white painted tomb with a cross on top and an open doorway stands in a grassy cemetery. Several other grave markers are visible around it.,"Small white tomb structure with a cross on the roof gable, featuring Latin inscriptions and decorative urns. The site includes several stone grave markers in a grassy area near a modern yellow building.",D:\caption_project\vietnam_architecture\Chapel_Y_Pha_Nho_cemetery_63443356.png,/Users/jenfnguyen/Documents/Dev/KIS-AAI-DM-Master/data/caption_project/vietnam_architecture/Chapel_Y_Pha_Nho_cemetery_63443356.png
Chùa_Diệu_Pháp_(trong_Chánh_điện_lót_gổ)_(1)_127033506.png,0.7545,manual,False,,,"Interior of a wooden building with polished hardwood floors and bamboo wall paneling. A raised platform holds display cases with artifacts, topped by a carved wooden ceiling and large structural pillars.","Interior space featuring polished wooden floors and walls made of vertical bamboo panels. Large dark red wooden pillars support the ceiling, which is decorated with carved floral motifs in square panels.",D:\caption_project\vietnam_architecture\Chùa_Diệu_Pháp_(trong_Chánh_điện_lót_gổ)_(1)_127033506.png,/Users/jenfnguyen/Documents/Dev/KIS-AAI-DM-Master/data/caption_project/vietnam_architecture/Chùa_Diệu_Pháp_(trong_Chánh_điện_lót_gổ)_(1)_127033506.png
2013-07-18_My_An_Onsen_Resort_ミーアン温泉_DSCF1275_107169955.png,0.7545,manual,False,,house,An oval swimming pool with green water and a pink tiled deck is covered by a curved blue translucent roof. A stainless steel ladder provides access to the water in the foreground.,A swimming pool with a curved edge is surrounded by a single-story U-shaped house with red tiled roofs and yellow walls. A blue translucent canopy covers part of the pool area.,D:\caption_project\vietnam_architecture\2013-07-18_My_An_Onsen_Resort_ミーアン温泉_DSCF1275_107169955.png,/Users/jenfnguyen/Documents/Dev/KIS-AAI-DM-Master/data/caption_project/vietnam_architecture/2013-07-18_My_An_Onsen_Resort_ミーアン温泉_DSCF1275_107169955.png
"Chùa_Huê_Nghiêm_ở_Thủ_Đức,_tháng_12_năm_2021_(Cổng_chính)_(3)_113530088.png",0.7551,manual,False,pagoda/temple,pagoda/temple,A colorful temple gate with a red-tiled roof and ornate golden decorations. The entrance features intricate metalwork and pillars with inscriptions.,"Pagoda gate featuring a tiered roof with golden ornaments, stone pillars with gold-painted carvings, and a white metal gate. Through the gate, a multi-story building with a green tiled roof is visible.","D:\caption_project\vietnam_architecture\Chùa_Huê_Nghiêm_ở_Thủ_Đức,_tháng_12_năm_2021_(Cổng_chính)_(3)_113530088.png","/Users/jenfnguyen/Documents/Dev/KIS-AAI-DM-Master/data/caption_project/vietnam_architecture/Chùa_Huê_Nghiêm_ở_Thủ_Đức,_tháng_12_năm_2021_(Cổng_chính)_(3)_113530088.png"
ChamMuiNe_304749.png,0.7551,manual,False,,,A tall brick tower with a stepped pyramid roof stands next to a smaller ruined brick tower. Green foliage is visible on the left side of the frame.,"Champa brick tower with a tiered, pyramidal roof and intricate carvings stands on a raised platform. A smaller, partially ruined brick structure is located nearby on a grassy, open site.",D:\caption_project\vietnam_architecture\ChamMuiNe_304749.png,/Users/jenfnguyen/Documents/Dev/KIS-AAI-DM-Master/data/caption_project/vietnam_architecture/ChamMuiNe_304749.png
ChuaGiacLam-Khuonvien_97026525.png,0.7553,manual,False,pagoda/temple,pagoda/temple,A bright yellow gate with green-tiled roofs and ornate golden details marks the entrance to Chua Giac Lam pagoda. People walk and ride motorbikes past the traditional Vietnamese temple gate under a clear blue sky.,"Yellow gate of a pagoda featuring green tiled roofs, decorative roof ridges, and red metal gates. Chinese characters and Vietnamese text are displayed on the structure, which stands along a paved street.",D:\caption_project\vietnam_architecture\ChuaGiacLam-Khuonvien_97026525.png,/Users/jenfnguyen/Documents/Dev/KIS-AAI-DM-Master/data/caption_project/vietnam_architecture/ChuaGiacLam-Khuonvien_97026525.png
"Ancient_Tomb_Complex_in_Phuoc_Vinh_Dong_Commune,_Can_Giuoc_(1)_198204634.png",0.7554,manual,False,tomb,tomb,A cluster of weathered concrete tombs with tiered roofs sits overgrown in dense green vegetation and palm trees.,"Stone tombs and grave markers, made of light-colored stone, are partially covered by dense green foliage. Several structures feature tiered tops, with one small tomb having a red roof, surrounded by palm trees.","D:\caption_project\vietnam_architecture\Ancient_Tomb_Complex_in_Phuoc_Vinh_Dong_Commune,_Can_Giuoc_(1)_198204634.png","/Users/jenfnguyen/Documents/Dev/KIS-AAI-DM-Master/data/caption_project/vietnam_architecture/Ancient_Tomb_Complex_in_Phuoc_Vinh_Dong_Commune,_Can_Giuoc_(1)_198204634.png"
"2025-02-08_Upper_Temple,_Lao_Cai_老街聖陳祠_03_160901563.png",0.7555,manual,False,,,A large traditional stone gate with curved tiled roofs and ornate carvings stands at an entrance surrounded by trees. People walk through the archway past blue market stalls under a cloudy sky.,"Stone ceremonial gate with curved roof edges and carved pillars stands at the entrance of a path. People walk through the gateway, which features Chinese characters inscribed on the central stone lintel.","D:\caption_project\vietnam_architecture\2025-02-08_Upper_Temple,_Lao_Cai_老街聖陳祠_03_160901563.png","/Users/jenfnguyen/Documents/Dev/KIS-AAI-DM-Master/data/caption_project/vietnam_architecture/2025-02-08_Upper_Temple,_Lao_Cai_老街聖陳祠_03_160901563.png"
Chính_điện_Dinh_Bà_Thủy_Long_Thánh_Mẫu_23549332.png,0.7556,manual,False,pagoda/temple,pagoda/temple,"A colorful pagoda with a green and gold curved roof decorated with dragon sculptures stands in a courtyard. Red lanterns hang nearby, and an incense burner sits on the steps.","Temple with a multi-tiered curved roof featuring gold dragon sculptures and green trim. The facade is decorated with gold pillars and red accents, with a stone incense burner placed in the front courtyard.",D:\caption_project\vietnam_architecture\Chính_điện_Dinh_Bà_Thủy_Long_Thánh_Mẫu_23549332.png,/Users/jenfnguyen/Documents/Dev/KIS-AAI-DM-Master/data/caption_project/vietnam_architecture/Chính_điện_Dinh_Bà_Thủy_Long_Thánh_Mẫu_23549332.png
Chùa_Bảo_Đàm_năm_2022_(cây_cảnh)_(18)_115905653.png,0.7558,manual,False,,,"A white planter with blue floral patterns sits on a concrete balcony ledge, surrounded by dense green foliage and thin tree branches against a pale wall.","Potted plant with green leaves sits on a concrete balcony ledge, with a partial view of a white wall and tree branches in the background under bright sunlight.",D:\caption_project\vietnam_architecture\Chùa_Bảo_Đàm_năm_2022_(cây_cảnh)_(18)_115905653.png,/Users/jenfnguyen/Documents/Dev/KIS-AAI-DM-Master/data/caption_project/vietnam_architecture/Chùa_Bảo_Đàm_năm_2022_(cây_cảnh)_(18)_115905653.png
Chùa_Giác_Sanh_năm_2022_(hoành_phi_đỏ_ở_chánh_điện)_(10)_126981880.png,0.7559,manual,False,pagoda/temple,pagoda/temple,A temple entrance featuring a red sign with gold characters above ornate carvings and metalwork on the yellow wall.,Entrance of a pagoda featuring a prominent red horizontal sign with gold Chinese characters. The yellow wall is decorated with grey carved floral motifs and a dharma wheel symbol above the dark metal door frame.,D:\caption_project\vietnam_architecture\Chùa_Giác_Sanh_năm_2022_(hoành_phi_đỏ_ở_chánh_điện)_(10)_126981880.png,/Users/jenfnguyen/Documents/Dev/KIS-AAI-DM-Master/data/caption_project/vietnam_architecture/Chùa_Giác_Sanh_năm_2022_(hoành_phi_đỏ_ở_chánh_điện)_(10)_126981880.png
Chùa_Giác_Sanh_năm_2022_(cổng_chùa_băng_rôn)_(15)_116026091.png,0.7561,manual,False,pagoda/temple,pagoda/temple,A yellow gate with swastika symbols and a banner reading Mừng Xuân Di Lặc leads to a temple complex featuring traditional Vietnamese architecture.,"Yellow arched gate featuring a swastika symbol and a banner with text, leading to a pagoda with a green tiled roof. A narrow street with buildings and parked motorbikes is visible.",D:\caption_project\vietnam_architecture\Chùa_Giác_Sanh_năm_2022_(cổng_chùa_băng_rôn)_(15)_116026091.png,/Users/jenfnguyen/Documents/Dev/KIS-AAI-DM-Master/data/caption_project/vietnam_architecture/Chùa_Giác_Sanh_năm_2022_(cổng_chùa_băng_rôn)_(15)_116026091.png
Chùa_Diệu_Pháp_(bảng_hiệu_Đại_Hùng_Bảo_điện)_(2)_127033497.png,0.7561,manual,False,,,"A wooden sign with gold lettering reading TÔ ẤN TRÙNG QUANG is mounted above a doorway of a colonial building facade. The entrance has green trim, flanked by dark wood pillars and carved wooden panels.","Interior doorway of a structure featuring a wooden plaque with gold lettering reading ""TỔ ẤN TRÙNG QUANG"". The frame is made of dark wood with intricate carvings, set against light-colored marble wall panels.",D:\caption_project\vietnam_architecture\Chùa_Diệu_Pháp_(bảng_hiệu_Đại_Hùng_Bảo_điện)_(2)_127033497.png,/Users/jenfnguyen/Documents/Dev/KIS-AAI-DM-Master/data/caption_project/vietnam_architecture/Chùa_Diệu_Pháp_(bảng_hiệu_Đại_Hùng_Bảo_điện)_(2)_127033497.png
"Chùa_Huệ_Nghiêm_năm_2022,_trúc_viên_(quang_cảnh)_(1)_127262529.png",0.7565,manual,False,,,"A paved courtyard surrounded by tall trees and greenery, with a motorcycle parked on the left side and buildings visible in the background.",Courtyard paved with rectangular stone tiles surrounded by tall trees and bamboo. A small building with a red tiled roof and yellow walls stands on the right side of the paved area.,"D:\caption_project\vietnam_architecture\Chùa_Huệ_Nghiêm_năm_2022,_trúc_viên_(quang_cảnh)_(1)_127262529.png","/Users/jenfnguyen/Documents/Dev/KIS-AAI-DM-Master/data/caption_project/vietnam_architecture/Chùa_Huệ_Nghiêm_năm_2022,_trúc_viên_(quang_cảnh)_(1)_127262529.png"
"Chùa_Bửu_Thắng,_Tân_Phú_(cổng_chùa_mặt_bên),_tháng_5_năm_2021_(2)_106024622.png",0.7567,manual,False,,,"A stone gate with a golden Dharma wheel emblem set into marble-patterned panels, topped by a yellow sign reading HOANG NHAN, overlooking a street scene.","A stone wall featuring a golden dharma wheel motif and decorative metal latticework. The structure is made of light-colored stone tiles and gray granite pillars, situated along a street with nearby shop signs.","D:\caption_project\vietnam_architecture\Chùa_Bửu_Thắng,_Tân_Phú_(cổng_chùa_mặt_bên),_tháng_5_năm_2021_(2)_106024622.png","/Users/jenfnguyen/Documents/Dev/KIS-AAI-DM-Master/data/caption_project/vietnam_architecture/Chùa_Bửu_Thắng,_Tân_Phú_(cổng_chùa_mặt_bên),_tháng_5_năm_2021_(2)_106024622.png"
Chùa_Bình_An_năm_2022_(hành_lang_cửa_sổ)_(1)_116395154.png,0.757,manual,False,pagoda/temple,,Interior of a temple featuring yellow walls and dark wooden windows with carved panels. A red lantern hangs near the entrance where a decorative screen is visible.,"Interior corridor of a building featuring yellow walls, dark wooden pillars, and dark wooden window shutters with slats. A red patterned lantern hangs from the wooden ceiling structure near a decorative carved screen.",D:\caption_project\vietnam_architecture\Chùa_Bình_An_năm_2022_(hành_lang_cửa_sổ)_(1)_116395154.png,/Users/jenfnguyen/Documents/Dev/KIS-AAI-DM-Master/data/caption_project/vietnam_architecture/Chùa_Bình_An_năm_2022_(hành_lang_cửa_sổ)_(1)_116395154.png
"04052023_Ponagar_Hindu_temples_complex,_Nha_Trang_Vietnam_-_166_130722358.png",0.7574,manual,False,pagoda/temple,pagoda/temple,"A weathered red brick Cham tower complex with a tall pyramidal roof and arched entrance stands under a clear blue sky, surrounded by green trees and distant city buildings.",Cham tower constructed from weathered orange bricks featuring a tall pyramidal roof and a smaller vaulted entrance section. The structure stands on a paved courtyard with a small bonsai tree nearby.,"D:\caption_project\vietnam_architecture\04052023_Ponagar_Hindu_temples_complex,_Nha_Trang_Vietnam_-_166_130722358.png","/Users/jenfnguyen/Documents/Dev/KIS-AAI-DM-Master/data/caption_project/vietnam_architecture/04052023_Ponagar_Hindu_temples_complex,_Nha_Trang_Vietnam_-_166_130722358.png"
"Chùa_Diệu_Pháp_(Cổng_mái,_có_dòng_chữ_Muốn_cái_Tâm_không_muốn)_(2)_126873656.png",0.7577,manual,False,,,A traditional Vietnamese gate with a dark tiled roof and ornate wooden carvings frames a stone path lined with lanterns. A sign above reads MUỐN CẢI TÂM KHÔNG MUỐN.,"Traditional wooden gate with a dark brown frame and green tiled roof featuring intricate carvings. A stone path leads through the gate, flanked by green metal arches decorated with red lanterns.","D:\caption_project\vietnam_architecture\Chùa_Diệu_Pháp_(Cổng_mái,_có_dòng_chữ_Muốn_cái_Tâm_không_muốn)_(2)_126873656.png","/Users/jenfnguyen/Documents/Dev/KIS-AAI-DM-Master/data/caption_project/vietnam_architecture/Chùa_Diệu_Pháp_(Cổng_mái,_có_dòng_chữ_Muốn_cái_Tâm_không_muốn)_(2)_126873656.png"
"Chùa_Bửu_Thắng,_Tân_Phú_(cổng_chùa_mặt_bên),_tháng_5_năm_2021_(1)_106024614.png",0.7577,manual,False,,pagoda/temple,"A concrete gate with yellow panels and red Chinese characters stands before blue metal doors, topped by a white wheel emblem between two small red-roofed towers against green trees.","Gate of a pagoda featuring a central golden Dharma wheel, two small roofed pillars on the sides, and light blue metal doors. The yellow panels are decorated with red Chinese characters and Latin script.","D:\caption_project\vietnam_architecture\Chùa_Bửu_Thắng,_Tân_Phú_(cổng_chùa_mặt_bên),_tháng_5_năm_2021_(1)_106024614.png","/Users/jenfnguyen/Documents/Dev/KIS-AAI-DM-Master/data/caption_project/vietnam_architecture/Chùa_Bửu_Thắng,_Tân_Phú_(cổng_chùa_mặt_bên),_tháng_5_năm_2021_(1)_106024614.png"
Annam._Phan-Rang._Tours_chams_et_terres_de_la_concession_du_baron_Pérignon_-_(photogr.)_A._S(alles)_-_btv1b53013244r_(2__160286609.png,0.7578,manual,False,pagoda/temple,pagoda/temple,An inverted infrared photograph shows a temple complex with tiered towers situated on a hilltop overlooking a landscape of trees and water.,"Negative image showing a temple structure with a tiered roof perched on top of a hill, surrounded by vegetation and distant mountains under a dark, cloudy sky.",D:\caption_project\vietnam_architecture\Annam._Phan-Rang._Tours_chams_et_terres_de_la_concession_du_baron_Pérignon_-_(photogr.)_A._S(alles)_-_btv1b53013244r_(2__160286609.png,/Users/jenfnguyen/Documents/Dev/KIS-AAI-DM-Master/data/caption_project/vietnam_architecture/Annam._Phan-Rang._Tours_chams_et_terres_de_la_concession_du_baron_Pérignon_-_(photogr.)_A._S(alles)_-_btv1b53013244r_(2__160286609.png
"Ancient_Tomb_Complex_in_Phước_Vĩnh_Đông_Commune,_Cần_Giuộc,_Việt_Nam_(34)_198204708.png",0.7579,manual,False,,tomb,A weathered stone gate with an arched opening and a curved tiled roof stands amidst dense green vegetation.,Stone gate of a tomb featuring a curved archway and a miniature tiled roof structure on top. The weathered gray masonry is surrounded by green foliage and palm leaves in the background.,"D:\caption_project\vietnam_architecture\Ancient_Tomb_Complex_in_Phước_Vĩnh_Đông_Commune,_Cần_Giuộc,_Việt_Nam_(34)_198204708.png","/Users/jenfnguyen/Documents/Dev/KIS-AAI-DM-Master/data/caption_project/vietnam_architecture/Ancient_Tomb_Complex_in_Phước_Vĩnh_Đông_Commune,_Cần_Giuộc,_Việt_Nam_(34)_198204708.png"
"0040423_Thap_Duong_Long_Cham_tower_temples,_Hindu_trinity,_Binh_Dinh_Vietnam_138_132506952.png",0.7582,manual,False,,,"A weathered stone architectural detail featuring carved figures and a recessed niche, set against a red brick wall under a clear blue sky.","Brick tower wall featuring a tall, narrow stone-framed niche topped with an intricate relief carving of a seated figure. The structure is built from weathered orange bricks and set against a clear blue sky.","D:\caption_project\vietnam_architecture\0040423_Thap_Duong_Long_Cham_tower_temples,_Hindu_trinity,_Binh_Dinh_Vietnam_138_132506952.png","/Users/jenfnguyen/Documents/Dev/KIS-AAI-DM-Master/data/caption_project/vietnam_architecture/0040423_Thap_Duong_Long_Cham_tower_temples,_Hindu_trinity,_Binh_Dinh_Vietnam_138_132506952.png"
Chùa_Giác_Sanh_năm_2022_(cổng_chùa)_(13)_116026102.png,0.7583,manual,False,pagoda/temple,pagoda/temple,A stone gate with a blue sign reads 'CHÙA GIÁC' and 'GIÁO HỘI PHẬT GIÁO VIỆT NAM'. Colorful Buddhist flags hang above the entrance to a temple complex.,"A pagoda entrance features a stone pillar and a large blue sign with white text. Rows of colorful Buddhist flags hang above the courtyard, leading toward a multi-story building with a tiled roof.",D:\caption_project\vietnam_architecture\Chùa_Giác_Sanh_năm_2022_(cổng_chùa)_(13)_116026102.png,/Users/jenfnguyen/Documents/Dev/KIS-AAI-DM-Master/data/caption_project/vietnam_architecture/Chùa_Giác_Sanh_năm_2022_(cổng_chùa)_(13)_116026102.png
"04052023_Ponagar_Hindu_temples_complex,_Nha_Trang_Vietnam_-_262_130722345.png",0.7586,manual,False,,,A group of tall brick towers with flat tops and small openings stands on a paved platform surrounded by green trees and manicured plants under a clear blue sky.,"Multiple octagonal brick pillars stand on a paved terrace in an outdoor setting. The weathered orange structures feature small rectangular openings, surrounded by green potted plants and trees under a clear blue sky.","D:\caption_project\vietnam_architecture\04052023_Ponagar_Hindu_temples_complex,_Nha_Trang_Vietnam_-_262_130722345.png","/Users/jenfnguyen/Documents/Dev/KIS-AAI-DM-Master/data/caption_project/vietnam_architecture/04052023_Ponagar_Hindu_temples_complex,_Nha_Trang_Vietnam_-_262_130722345.png"
Chùa_Hòa_Bình_quận_10_(cổng_chùa)_(có_một_chữ_nho)_(4)_119455196.png,0.7588,manual,False,,pagoda/temple,"A traditional gate with a curved tiled roof and ornate carvings, featuring a large Chinese character on a white wall surrounded by green palm plants.",Pagoda gate featuring a light blue wall with a large black Chinese character for Buddha in the center. The structure has a curved tiled roof and vertical pillars with inscribed Chinese characters.,D:\caption_project\vietnam_architecture\Chùa_Hòa_Bình_quận_10_(cổng_chùa)_(có_một_chữ_nho)_(4)_119455196.png,/Users/jenfnguyen/Documents/Dev/KIS-AAI-DM-Master/data/caption_project/vietnam_architecture/Chùa_Hòa_Bình_quận_10_(cổng_chùa)_(có_một_chữ_nho)_(4)_119455196.png
Annam._Qui-Nhon._Tours_chams_vues_de_l'o(uest)-s(ud)-o(uest)_-_(photogr.)_A._S(alles)_-_btv1b530132310_(2_of_2)_160982152.png,0.7591,manual,False,,,Two ruined brick structures with arched doorways and remnants of decorative elements stand amidst dense vegetation under a dark sky.,Two brick towers with pointed arched entrances and tiered roof structures stand amidst vegetation. This negative image shows the weathered masonry walls and architectural details of these structures in an outdoor setting.,D:\caption_project\vietnam_architecture\Annam._Qui-Nhon._Tours_chams_vues_de_l'o(uest)-s(ud)-o(uest)_-_(photogr.)_A._S(alles)_-_btv1b530132310_(2_of_2)_160982152.png,/Users/jenfnguyen/Documents/Dev/KIS-AAI-DM-Master/data/caption_project/vietnam_architecture/Annam._Qui-Nhon._Tours_chams_vues_de_l'o(uest)-s(ud)-o(uest)_-_(photogr.)_A._S(alles)_-_btv1b530132310_(2_of_2)_160982152.png
Bao_Dai's_Summer_Palace_08_14530112.png,0.7593,manual,False,,,"A modernist colonial-style building with a curved central section and flat roof. The structure features beige tiled walls, an arched entrance canopy supported by columns, and two red flags flying on top. Red flowers bloom in the foreground garden.","Colonial building with a curved facade and a flat roof, featuring yellow tiled walls and a prominent circular porch supported by columns. Two Vietnamese flags fly above the structure, surrounded by gardens.",D:\caption_project\vietnam_architecture\Bao_Dai's_Summer_Palace_08_14530112.png,/Users/jenfnguyen/Documents/Dev/KIS-AAI-DM-Master/data/caption_project/vietnam_architecture/Bao_Dai's_Summer_Palace_08_14530112.png
"0040423_Thap_Duong_Long_Cham_tower_temples,_Hindu_trinity,_Binh_Dinh_Vietnam_101_132506948.png",0.7594,manual,False,pagoda/temple,,Weathered red brick ruins of a temple structure overgrown with green vegetation and grass. Stone foundations and steps are visible at the base against a clear blue sky.,"Ruined brick structure featuring layered, weathered masonry and carved stone base elements. The site is overgrown with green vegetation and grass, set against a clear blue sky in an open field.","D:\caption_project\vietnam_architecture\0040423_Thap_Duong_Long_Cham_tower_temples,_Hindu_trinity,_Binh_Dinh_Vietnam_101_132506948.png","/Users/jenfnguyen/Documents/Dev/KIS-AAI-DM-Master/data/caption_project/vietnam_architecture/0040423_Thap_Duong_Long_Cham_tower_temples,_Hindu_trinity,_Binh_Dinh_Vietnam_101_132506948.png"
"0040423_Thap_Canh_Tien_Cham_Hindu_temple,_Binh_Dinh_Vietnam_201_132519301.png",0.7595,manual,False,,pagoda/temple,A tall brick tower with a stepped roof stands on a raised stone platform surrounded by green grass and trees under a clear blue sky.,"Tall brick Cham tower featuring a tiered roof structure with intricate carvings and a pointed arched doorway, set within a grassy area under a clear blue sky.","D:\caption_project\vietnam_architecture\0040423_Thap_Canh_Tien_Cham_Hindu_temple,_Binh_Dinh_Vietnam_201_132519301.png","/Users/jenfnguyen/Documents/Dev/KIS-AAI-DM-Master/data/caption_project/vietnam_architecture/0040423_Thap_Canh_Tien_Cham_Hindu_temple,_Binh_Dinh_Vietnam_201_132519301.png"
Chum_nước_phong_thủy_ng22th9n2022_(cặp_chum_3_cái)_(1)_123261372.png,0.7607,manual,False,,,Three large dark brown ceramic jars stand in a shallow water basin with jets spraying upward from their tops. The scene includes green grass and potted plants in the background.,"Three large, dark brown ceramic water jars function as fountains in a shallow outdoor pool. Water sprays upward from the openings of the jars, which are set against a background of green grass.",D:\caption_project\vietnam_architecture\Chum_nước_phong_thủy_ng22th9n2022_(cặp_chum_3_cái)_(1)_123261372.png,/Users/jenfnguyen/Documents/Dev/KIS-AAI-DM-Master/data/caption_project/vietnam_architecture/Chum_nước_phong_thủy_ng22th9n2022_(cặp_chum_3_cái)_(1)_123261372.png
"Chùa_Giác_Sanh_năm_2022_(kiến_trúc_chánh_điện_trên_lầu,_hoành_phi)_(4)_126984474.png",0.7607,manual,True,statue,pagoda/temple,"A close-up of an ornate wooden gate featuring a golden decorative arch with red Chinese characters above a carved lattice panel, leading into a dimly lit interior with statues and hanging lights.","Detail of a temple entrance featuring a horizontal wooden plaque with red Chinese characters on a gold background, positioned above a dark wooden transom with intricate geometric lattice patterns.","D:\caption_project\vietnam_architecture\Chùa_Giác_Sanh_năm_2022_(kiến_trúc_chánh_điện_trên_lầu,_hoành_phi)_(4)_126984474.png","/Users/jenfnguyen/Documents/Dev/KIS-AAI-DM-Master/data/caption_project/vietnam_architecture/Chùa_Giác_Sanh_năm_2022_(kiến_trúc_chánh_điện_trên_lầu,_hoành_phi)_(4)_126984474.png"
"An_Dihn_Palace,_Hue_(48836965432)_113257223.png",0.7608,manual,False,pagoda/temple,,"An ornate pagoda gate with yellow and blue tiled walls, intricate ceramic decorations, and a curved roof ridge stands behind a stone balustrade.","A yellow gate with a central arched entrance and a red wooden door. The structure features intricate ceramic mosaic decorations, multiple small towers, and a gravel courtyard with a potted shrub.","D:\caption_project\vietnam_architecture\An_Dihn_Palace,_Hue_(48836965432)_113257223.png","/Users/jenfnguyen/Documents/Dev/KIS-AAI-DM-Master/data/caption_project/vietnam_architecture/An_Dihn_Palace,_Hue_(48836965432)_113257223.png"
"Ancient_Tomb_Complex_in_Phước_Vĩnh_Đông_Commune,_Cần_Giuộc,_Việt_Nam_(39)_198204726.png",0.761,manual,True,statue,tomb,A weathered stone lotus flower sculpture sits atop a square pedestal. Green foliage and other stone structures are visible in the background.,"Stone lotus bud finial sits atop a weathered concrete pillar of a tomb enclosure. The structure features gray, moss-covered surfaces and stepped walls, surrounded by green vegetation in an outdoor setting.","D:\caption_project\vietnam_architecture\Ancient_Tomb_Complex_in_Phước_Vĩnh_Đông_Commune,_Cần_Giuộc,_Việt_Nam_(39)_198204726.png","/Users/jenfnguyen/Documents/Dev/KIS-AAI-DM-Master/data/caption_project/vietnam_architecture/Ancient_Tomb_Complex_in_Phước_Vĩnh_Đông_Commune,_Cần_Giuộc,_Việt_Nam_(39)_198204726.png"
"Chùa_Huệ_Nghiêm_năm_2022,_trúc_viên_(rừng_trúc)_(14)_127262746.png",0.7611,manual,False,statue,statue,A bamboo pavilion with a thatched roof stands amidst tall green and tan bamboo stalks. A stone statue is visible under the shelter of the structure.,Small gazebo with a thatched roof and wooden frame stands amidst a dense bamboo grove. A white stone statue of a figure is positioned inside the open-sided structure.,"D:\caption_project\vietnam_architecture\Chùa_Huệ_Nghiêm_năm_2022,_trúc_viên_(rừng_trúc)_(14)_127262746.png","/Users/jenfnguyen/Documents/Dev/KIS-AAI-DM-Master/data/caption_project/vietnam_architecture/Chùa_Huệ_Nghiêm_năm_2022,_trúc_viên_(rừng_trúc)_(14)_127262746.png"
16th_century_stone_angel_in_Phat_Diem_cathedral_6805626.png,0.7613,manual,False,,,A carved stone relief of a figure with a crown and ornate wings on a wall.,"Stone relief carving depicting a human figure wearing a crown, set against a background of stylized cloud patterns. The dark, polished stone figure is framed by lighter, textured stone carvings.",D:\caption_project\vietnam_architecture\16th_century_stone_angel_in_Phat_Diem_cathedral_6805626.png,/Users/jenfnguyen/Documents/Dev/KIS-AAI-DM-Master/data/caption_project/vietnam_architecture/16th_century_stone_angel_in_Phat_Diem_cathedral_6805626.png
"Chùa_Huệ_Nghiêm_năm_2022_(khu_nội_viện,_cổng_tam_quan)_(2)_127034189.png",0.7615,manual,False,,,A traditional Vietnamese gate with a curved red-tiled roof and dark wooden pillars stands beside tall green trees. People sit on a bench near potted plants in the courtyard.,"Traditional gate structure with curved tiled roofs and dark wooden pillars, featuring gold Chinese characters on a wooden plaque. A person sits on a bench near large potted plants and trees.","D:\caption_project\vietnam_architecture\Chùa_Huệ_Nghiêm_năm_2022_(khu_nội_viện,_cổng_tam_quan)_(2)_127034189.png","/Users/jenfnguyen/Documents/Dev/KIS-AAI-DM-Master/data/caption_project/vietnam_architecture/Chùa_Huệ_Nghiêm_năm_2022_(khu_nội_viện,_cổng_tam_quan)_(2)_127034189.png"
"Chùa_Huê_Nghiêm_ở_Thủ_Đức,_tháng_12_năm_2021_(Cổng_chính)_(4)_113328238.png",0.7616,manual,False,pagoda/temple,pagoda/temple,"An ornate gate with a curved roof and red pillars serves as an entrance to Chua Hue Nghiem pagoda. Golden decorative panels flank the white metal gate, leading to a multi-tiered temple structure visible in the background.",Pagoda gate featuring a tiled roof with golden ornaments and a central dharma wheel symbol. The structure is decorated with intricate golden carvings on stone pillars and white metal gates.,"D:\caption_project\vietnam_architecture\Chùa_Huê_Nghiêm_ở_Thủ_Đức,_tháng_12_năm_2021_(Cổng_chính)_(4)_113328238.png","/Users/jenfnguyen/Documents/Dev/KIS-AAI-DM-Master/data/caption_project/vietnam_architecture/Chùa_Huê_Nghiêm_ở_Thủ_Đức,_tháng_12_năm_2021_(Cổng_chính)_(4)_113328238.png"
"Ancient_Tomb_Complex_in_Phước_Vĩnh_Đông_Commune,_Cần_Giuộc,_Việt_Nam_(49)_198204754.png",0.7624,manual,False,,tomb,"Close-up of a dark gray stone architectural element with intricate carvings on its upper section, heavily overgrown with bright green leafy vines and grasses.","Stone tomb structure featuring intricate relief carvings of floral patterns and mythical creatures, partially obscured by dense green vegetation and vines growing over the grey weathered stone surfaces.","D:\caption_project\vietnam_architecture\Ancient_Tomb_Complex_in_Phước_Vĩnh_Đông_Commune,_Cần_Giuộc,_Việt_Nam_(49)_198204754.png","/Users/jenfnguyen/Documents/Dev/KIS-AAI-DM-Master/data/caption_project/vietnam_architecture/Ancient_Tomb_Complex_in_Phước_Vĩnh_Đông_Commune,_Cần_Giuộc,_Việt_Nam_(49)_198204754.png"
Binh_Tay_market_10_134444584.png,0.7624,manual,False,,,"An overhead view of a multi-level indoor market with wooden staircases connecting floors. Shops line the upper and lower levels, displaying goods under signs reading THUY TIEN and Thang Loi.","Interior of a multi-level market featuring a central split staircase with wooden railings. The space is filled with numerous small stalls displaying various goods, white walls, and a high ceiling structure.",D:\caption_project\vietnam_architecture\Binh_Tay_market_10_134444584.png,/Users/jenfnguyen/Documents/Dev/KIS-AAI-DM-Master/data/caption_project/vietnam_architecture/Binh_Tay_market_10_134444584.png
2030_Phú_Quốc_International_Airport_development_masterplan_185941301.png,0.7626,manual,False,drawing/map,drawing/map,"A master plan map of an airport showing runways, taxiways, and terminal buildings with green areas surrounding the infrastructure.","Detailed master plan drawing of an airport facility showing runways, taxiways, terminal buildings, and parking areas on a green background, labeled with Vietnamese text indicating the planning period from 2021 to 2030.",D:\caption_project\vietnam_architecture\2030_Phú_Quốc_International_Airport_development_masterplan_185941301.png,/Users/jenfnguyen/Documents/Dev/KIS-AAI-DM-Master/data/caption_project/vietnam_architecture/2030_Phú_Quốc_International_Airport_development_masterplan_185941301.png
Chùa_Bảo_Đàm_năm_2022_(Cổng_chùa_một_bên)_(2)_114398977.png,0.7626,manual,False,,,"A traditional Vietnamese gate with blue tiled roofs and white ornate carvings, surrounded by potted plants on a paved courtyard.","Gate structure featuring green glazed roof tiles and white decorative masonry with intricate carvings. The pillar displays vertical Chinese characters, while potted plants are arranged on the paved ground in front of a metal gate.",D:\caption_project\vietnam_architecture\Chùa_Bảo_Đàm_năm_2022_(Cổng_chùa_một_bên)_(2)_114398977.png,/Users/jenfnguyen/Documents/Dev/KIS-AAI-DM-Master/data/caption_project/vietnam_architecture/Chùa_Bảo_Đàm_năm_2022_(Cổng_chùa_một_bên)_(2)_114398977.png
2024_-_Phu_Dien_Tower_(Tháp_Phú_Diên)_-_img_04_151093114.png,0.7633,manual,False,tomb,,"A weathered brick tomb structure with a flat top, set on a grassy gravel area next to a stone and brick wall.","A small square brick structure sits on a gravel ground, featuring tiered levels and weathered surfaces. In the background, a stone and brick retaining wall borders a grassy area enclosed by a dark fence.",D:\caption_project\vietnam_architecture\2024_-_Phu_Dien_Tower_(Tháp_Phú_Diên)_-_img_04_151093114.png,/Users/jenfnguyen/Documents/Dev/KIS-AAI-DM-Master/data/caption_project/vietnam_architecture/2024_-_Phu_Dien_Tower_(Tháp_Phú_Diên)_-_img_04_151093114.png
"Chùa_Giác_Lâm,_tháng_01_năm_2022_(cổng_chùa)_(1)_115832700.png",0.7636,manual,False,pagoda/temple,,"An ornate pagoda gate with orange and green tiled roofs, golden decorative elements, and vertical red banners with gold lettering. Colorful flags hang above against a blue sky.","A yellow gate structure with green tiled roofs and gold dragon ornaments stands at an entrance. The gate features red Chinese characters, a central sign, and metal lattice doors, with Buddhist flags hanging above.","D:\caption_project\vietnam_architecture\Chùa_Giác_Lâm,_tháng_01_năm_2022_(cổng_chùa)_(1)_115832700.png","/Users/jenfnguyen/Documents/Dev/KIS-AAI-DM-Master/data/caption_project/vietnam_architecture/Chùa_Giác_Lâm,_tháng_01_năm_2022_(cổng_chùa)_(1)_115832700.png"
"21-5-31,_inauguration_du_pavillon_d'Annam_à_l'Exposition_coloniale_-_btv1b532450697_161639266.png",0.7638,manual,False,pagoda/temple,pagoda/temple,"A black and white photograph shows a traditional Vietnamese temple with a curved roof and ornate gateways, flanked by large decorative fan-shaped structures. Uniformed guards stand at attention in the courtyard.","Temple entrance featuring a two-story structure with a tiled roof, flanked by two large, fan-shaped stone sculptures. Guards in traditional uniforms stand in a line holding spears and umbrellas in the courtyard.","D:\caption_project\vietnam_architecture\21-5-31,_inauguration_du_pavillon_d'Annam_à_l'Exposition_coloniale_-_btv1b532450697_161639266.png","/Users/jenfnguyen/Documents/Dev/KIS-AAI-DM-Master/data/caption_project/vietnam_architecture/21-5-31,_inauguration_du_pavillon_d'Annam_à_l'Exposition_coloniale_-_btv1b532450697_161639266.png"
"0040423_Thap_Binh_Lam_Cham_Hindu_temple,_Phuoc_Hoa,_Binh_Dinh_Vietnam_058_132498788.png",0.7641,manual,False,,,"A weathered red brick tower with intricate carved stone bases and decorative elements stands against a clear blue sky, surrounded by dry grass and trees.","A tall brick tower structure features intricate carvings, vertical pilasters, and pointed decorative elements along its base. The exterior wall is constructed from weathered orange-brown bricks, set against a bright blue sky.","D:\caption_project\vietnam_architecture\0040423_Thap_Binh_Lam_Cham_Hindu_temple,_Phuoc_Hoa,_Binh_Dinh_Vietnam_058_132498788.png","/Users/jenfnguyen/Documents/Dev/KIS-AAI-DM-Master/data/caption_project/vietnam_architecture/0040423_Thap_Binh_Lam_Cham_Hindu_temple,_Phuoc_Hoa,_Binh_Dinh_Vietnam_058_132498788.png"
"Chùa_Huệ_Nghiêm_năm_2022_(kiến_trúc_nội_điện,_hành_lang_lầu)_(13)_127288091.png",0.7642,manual,False,,,The interior of a traditional wooden structure features polished red floors reflecting light and tall red pillars supporting an exposed rafter ceiling with hanging lanterns.,"Covered veranda of a building featuring red painted wooden pillars and beams, a glossy red floor, and a wooden railing with geometric patterns. A hanging lantern is attached to the ceiling structure.","D:\caption_project\vietnam_architecture\Chùa_Huệ_Nghiêm_năm_2022_(kiến_trúc_nội_điện,_hành_lang_lầu)_(13)_127288091.png","/Users/jenfnguyen/Documents/Dev/KIS-AAI-DM-Master/data/caption_project/vietnam_architecture/Chùa_Huệ_Nghiêm_năm_2022_(kiến_trúc_nội_điện,_hành_lang_lầu)_(13)_127288091.png"
Chùa_Giác_Tánh_(Cổng_chùa)_(1)_119454406.png,0.7643,manual,False,pagoda/temple,pagoda/temple,The entrance gate of Chua Giac Tan Pagoda features a black sign with gold lettering and decorative blue roof tiles above. Colorful flags hang under the gateway where people are gathered inside the courtyard.,"Entrance gate of a pagoda featuring a black wooden sign with gold lettering, topped by a tiled roof. The courtyard beyond is decorated with numerous colorful Buddhist flags and hanging red ribbons.",D:\caption_project\vietnam_architecture\Chùa_Giác_Tánh_(Cổng_chùa)_(1)_119454406.png,/Users/jenfnguyen/Documents/Dev/KIS-AAI-DM-Master/data/caption_project/vietnam_architecture/Chùa_Giác_Tánh_(Cổng_chùa)_(1)_119454406.png
"Chùa_Huê_Nghiêm_ở_Thủ_Đức,_tháng_12_năm_2021_(bên_cổng)_(3)_113530087.png",0.7643,manual,False,,,"A detailed architectural view of a traditional Vietnamese gate and wall featuring ornate green-tiled roofs with golden ridge decorations. The wall displays a large yellow relief panel with brown lotus flower carvings, set against a modern blue building.","A decorative wall features a large relief carving of lotus flowers in red and yellow. The wall is topped with green tiled eaves, and an adjacent gate has a curved roof structure.","D:\caption_project\vietnam_architecture\Chùa_Huê_Nghiêm_ở_Thủ_Đức,_tháng_12_năm_2021_(bên_cổng)_(3)_113530087.png","/Users/jenfnguyen/Documents/Dev/KIS-AAI-DM-Master/data/caption_project/vietnam_architecture/Chùa_Huê_Nghiêm_ở_Thủ_Đức,_tháng_12_năm_2021_(bên_cổng)_(3)_113530087.png"
"Chùa_Diệu_Pháp_(nhà_lầu_kế_bên,_mái_cong)_127289256.png",0.7644,manual,False,,house,"A two-story building features a traditional curved roof with green tiles and upturned eaves, contrasting with white balustrades on its balconies filled with potted plants.","Two-story house featuring a gabled roof with curved, upward-sweeping eaves covered in green tiles. The exterior walls are light gray, complemented by white balustrades on the balconies and wooden shutters on the windows.","D:\caption_project\vietnam_architecture\Chùa_Diệu_Pháp_(nhà_lầu_kế_bên,_mái_cong)_127289256.png","/Users/jenfnguyen/Documents/Dev/KIS-AAI-DM-Master/data/caption_project/vietnam_architecture/Chùa_Diệu_Pháp_(nhà_lầu_kế_bên,_mái_cong)_127289256.png"
Chùa_Bảo_Đàm_năm_2022_(cây_cảnh)_(15)_115905644.png,0.7644,manual,False,,,"Green leafy trees with slender brown branches grow closely together, partially obscuring a light-colored wall behind them.",Green leafy branches of trees partially obscure a plain light blue wall of a building. The thin brown trunks and foliage are positioned in the foreground against the flat exterior wall surface.,D:\caption_project\vietnam_architecture\Chùa_Bảo_Đàm_năm_2022_(cây_cảnh)_(15)_115905644.png,/Users/jenfnguyen/Documents/Dev/KIS-AAI-DM-Master/data/caption_project/vietnam_architecture/Chùa_Bảo_Đàm_năm_2022_(cây_cảnh)_(15)_115905644.png
"Chùa_Hòa_Bình_quận_10_(cổng_chùa,_họa_tiết_bông_hoa)_(3)_126997130.png",0.7647,manual,False,,statue,A close-up detail of a floral relief carving on a building wall. The dark carved flowers and leaves are set against a light blue octagonal recess in the textured gray surface.,Decorative wall panel featuring a black floral relief sculpture set within a light blue recessed frame. The surrounding wall is painted in a muted grey tone with a textured finish.,"D:\caption_project\vietnam_architecture\Chùa_Hòa_Bình_quận_10_(cổng_chùa,_họa_tiết_bông_hoa)_(3)_126997130.png","/Users/jenfnguyen/Documents/Dev/KIS-AAI-DM-Master/data/caption_project/vietnam_architecture/Chùa_Hòa_Bình_quận_10_(cổng_chùa,_họa_tiết_bông_hoa)_(3)_126997130.png"
"0040423_Thap_Duong_Long_Cham_tower_temples,_Hindu_trinity,_Binh_Dinh_Vietnam_094_132506945.png",0.7655,manual,False,,,"A weathered brick tower with ornate stone carvings and an arched opening stands against a clear blue sky. Vegetation grows from its top and sides, while green shrubs surround the base of the ruin.","A tall brick tower structure with vertical pilasters and a tiered roof section, partially overgrown with green vegetation. The exterior walls are made of weathered orange bricks, set against a clear blue sky.","D:\caption_project\vietnam_architecture\0040423_Thap_Duong_Long_Cham_tower_temples,_Hindu_trinity,_Binh_Dinh_Vietnam_094_132506945.png","/Users/jenfnguyen/Documents/Dev/KIS-AAI-DM-Master/data/caption_project/vietnam_architecture/0040423_Thap_Duong_Long_Cham_tower_temples,_Hindu_trinity,_Binh_Dinh_Vietnam_094_132506945.png"
"Chùa_Giác_Sanh_năm_2022_(kiến_trúc_chánh_điện_trên_lầu,_gian_bên)_(1)_126992279.png",0.7656,manual,False,pagoda/temple,pagoda/temple,A yellow temple facade features a curved roof with green tiles and red lanterns. Wooden double doors are open beneath decorative signs with visible text.,"Pagoda entrance featuring yellow walls, brown wooden pillars, and a green tiled roof with upturned corners. Red lanterns hang from the eaves, and gold-painted decorative carvings adorn the facade above the wooden doors.","D:\caption_project\vietnam_architecture\Chùa_Giác_Sanh_năm_2022_(kiến_trúc_chánh_điện_trên_lầu,_gian_bên)_(1)_126992279.png","/Users/jenfnguyen/Documents/Dev/KIS-AAI-DM-Master/data/caption_project/vietnam_architecture/Chùa_Giác_Sanh_năm_2022_(kiến_trúc_chánh_điện_trên_lầu,_gian_bên)_(1)_126992279.png"
Cementerio_Y_Pha_Nho_198073676.png,0.7658,manual,False,,tomb,"White stone ossuary facade with a cross on top and Latin inscriptions reading 'FIDES UNICA', 'OSSA ET OSSUM PULLULENT PATRIAE GLORIAM AD DEI'.","White stone tomb structure featuring a cross at the top with the inscription SPES UNICA. Below the cross, black painted text adorns the curved pediment, set against a clear blue sky.",D:\caption_project\vietnam_architecture\Cementerio_Y_Pha_Nho_198073676.png,/Users/jenfnguyen/Documents/Dev/KIS-AAI-DM-Master/data/caption_project/vietnam_architecture/Cementerio_Y_Pha_Nho_198073676.png
"0040323_Thap_Doi_Cham_Hindu_complex,_Quy_Nhon,_Binh_Dinh_Vietnam_061_132483200.png",0.7658,manual,False,,,"A tall brick tower with intricate carvings and a rectangular shape stands against a clear blue sky. The structure features an arched entrance at its base, surrounded by palm trees and green foliage.","Brick tower structure featuring a square base, tiered decorative roof elements, and a pointed arched entrance. The exterior walls are constructed from weathered red bricks, surrounded by green palm trees and plants.","D:\caption_project\vietnam_architecture\0040323_Thap_Doi_Cham_Hindu_complex,_Quy_Nhon,_Binh_Dinh_Vietnam_061_132483200.png","/Users/jenfnguyen/Documents/Dev/KIS-AAI-DM-Master/data/caption_project/vietnam_architecture/0040323_Thap_Doi_Cham_Hindu_complex,_Quy_Nhon,_Binh_Dinh_Vietnam_061_132483200.png"
Bảo_tàng_Lịch_sử_TP_(Chạm_nổi_Trần_Quốc_Toản_bóp_cam)_(3)_117259479.png,0.7667,manual,False,statue,statue,"A weathered bronze relief sculpture of a standing male figure in traditional attire with ornate patterns on his clothing and boots, holding a sword.",Bronze-colored metal relief sculpture depicting a standing figure in traditional Vietnamese attire with a sword at the waist. The background features swirling patterns representing water or clouds in a textured metallic finish.,D:\caption_project\vietnam_architecture\Bảo_tàng_Lịch_sử_TP_(Chạm_nổi_Trần_Quốc_Toản_bóp_cam)_(3)_117259479.png,/Users/jenfnguyen/Documents/Dev/KIS-AAI-DM-Master/data/caption_project/vietnam_architecture/Bảo_tàng_Lịch_sử_TP_(Chạm_nổi_Trần_Quốc_Toản_bóp_cam)_(3)_117259479.png
20-Ngói_đầu_đao_23945439.png,0.7667,manual,False,,,A close-up of a curved red roof tile with an embossed floral design and weathered texture.,"Curved terracotta roof tile fragment featuring a pointed tip and an incised cloud motif. The reddish-brown ceramic piece shows signs of wear and age, isolated against a dark gradient background.",D:\caption_project\vietnam_architecture\20-Ngói_đầu_đao_23945439.png,/Users/jenfnguyen/Documents/Dev/KIS-AAI-DM-Master/data/caption_project/vietnam_architecture/20-Ngói_đầu_đao_23945439.png
Chùa_Bảo_Đàm_năm_2022_(cổng_chính_và_cây_cảnh)_(3)_115831982.png,0.7668,manual,False,,,A traditional Vietnamese gate with a curved tiled roof and decorative stonework stands behind an iron fence. Potted palm plants line a stone-paved path in front of the entrance.,"Concrete gate with a curved green-tiled roof and decorative carvings stands at the entrance of a property. The structure features light-colored walls, a metal gate, and potted plants placed on a stone-paved courtyard.",D:\caption_project\vietnam_architecture\Chùa_Bảo_Đàm_năm_2022_(cổng_chính_và_cây_cảnh)_(3)_115831982.png,/Users/jenfnguyen/Documents/Dev/KIS-AAI-DM-Master/data/caption_project/vietnam_architecture/Chùa_Bảo_Đàm_năm_2022_(cổng_chính_và_cây_cảnh)_(3)_115831982.png
Chùa_Giác_Sanh_năm_2022_(họa_tiết_bàn_thờ_Phật_trong_chánh_điện)_(6)_126961754.png,0.7668,manual,False,,,"A detailed close-up of an ornate architectural element featuring intricate gold relief carvings on a dark purple surface. The design includes a central circular medallion with a stylized dragon motif, framed by geometric patterns and scrolling floral elements.",Detail of a dark purple wall surface featuring a central circular relief carving of a golden dragon. The design includes a gold geometric border at the top and decorative scrolling patterns on the corners.,D:\caption_project\vietnam_architecture\Chùa_Giác_Sanh_năm_2022_(họa_tiết_bàn_thờ_Phật_trong_chánh_điện)_(6)_126961754.png,/Users/jenfnguyen/Documents/Dev/KIS-AAI-DM-Master/data/caption_project/vietnam_architecture/Chùa_Giác_Sanh_năm_2022_(họa_tiết_bàn_thờ_Phật_trong_chánh_điện)_(6)_126961754.png
"Chùa_Bửu_Thắng,_Tân_Phú_(cổng_sắt),_tháng_5_năm_2021_106024619.png",0.7669,manual,False,,pagoda/temple,A modern metal gate with vertical bars and a stainless steel ramp leads to a building entrance adorned with golden spires. Buddhist prayer flags hang overhead above a paved walkway lined with green trees.,"Stainless steel gate and fence enclose a temple area with beige tiled walls. A golden finial sits atop a pillar, while Buddhist flags hang above a paved walkway with a tree.","D:\caption_project\vietnam_architecture\Chùa_Bửu_Thắng,_Tân_Phú_(cổng_sắt),_tháng_5_năm_2021_106024619.png","/Users/jenfnguyen/Documents/Dev/KIS-AAI-DM-Master/data/caption_project/vietnam_architecture/Chùa_Bửu_Thắng,_Tân_Phú_(cổng_sắt),_tháng_5_năm_2021_106024619.png"
"Chùa_Huệ_Nghiêm,_Bình_Tân_(cổng_chính),_tháng_12_năm_2021_(1)_113700005.png",0.7673,manual,False,,pagoda/temple,An arched metal gate with golden dragons and a sign reading CHUA HUE NGHIEM is set between stone pillars under a roof with decorative motifs.,Pagoda gate featuring a large arched metal entrance with gold-colored dragon motifs and lotus patterns. The stone structure above displays red lettering and decorative yellow carvings against a light-colored background.,"D:\caption_project\vietnam_architecture\Chùa_Huệ_Nghiêm,_Bình_Tân_(cổng_chính),_tháng_12_năm_2021_(1)_113700005.png","/Users/jenfnguyen/Documents/Dev/KIS-AAI-DM-Master/data/caption_project/vietnam_architecture/Chùa_Huệ_Nghiêm,_Bình_Tân_(cổng_chính),_tháng_12_năm_2021_(1)_113700005.png"
"Ancient_Tomb_Complex_in_Phước_Vĩnh_Đông_Commune,_Cần_Giuộc,_Việt_Nam_(7)_198204645.png",0.7674,manual,False,tomb,tomb,Weathered stone tomb structures with tiered roofs and carved panels sit overgrown in a dense patch of bright green vegetation and tall palm trees.,Stone tomb featuring a small roof structure with carved details and lotus-shaped finials on the corner posts. The grey stone structure is surrounded by tall green vegetation and palm leaves.,"D:\caption_project\vietnam_architecture\Ancient_Tomb_Complex_in_Phước_Vĩnh_Đông_Commune,_Cần_Giuộc,_Việt_Nam_(7)_198204645.png","/Users/jenfnguyen/Documents/Dev/KIS-AAI-DM-Master/data/caption_project/vietnam_architecture/Ancient_Tomb_Complex_in_Phước_Vĩnh_Đông_Commune,_Cần_Giuộc,_Việt_Nam_(7)_198204645.png"
Chùa_Bảo_Đàm_năm_2022_(cổng_chính_nhìn_chính_diện_phía_trước)_(1)_114398972.png,0.7676,manual,False,pagoda/temple,pagoda/temple,"An ornate temple gate with a black metal arch featuring lotus motifs and an inscription reading CHUA BAO DAI. Above, decorative panels display large Vietnamese characters and golden dragon carvings on a white facade.","Pagoda exterior featuring a black metal gate with lotus motifs, grey stone carvings, and two gold-colored relief panels on the white facade. The structure displays intricate geometric patterns and Chinese characters.",D:\caption_project\vietnam_architecture\Chùa_Bảo_Đàm_năm_2022_(cổng_chính_nhìn_chính_diện_phía_trước)_(1)_114398972.png,/Users/jenfnguyen/Documents/Dev/KIS-AAI-DM-Master/data/caption_project/vietnam_architecture/Chùa_Bảo_Đàm_năm_2022_(cổng_chính_nhìn_chính_diện_phía_trước)_(1)_114398972.png
"Chùa_Huệ_Nghiêm_năm_2022_(khu_nội_viện,_cổng_tam_quan)_(11)_127034200.png",0.7677,manual,False,pagoda/temple,pagoda/temple,A traditional wooden pagoda entrance with a curved tiled roof and intricate lattice doors. Golden Vietnamese characters are inscribed on the wooden sign above the doorway.,"Wooden temple gate with a curved tiled roof and a golden statue placed in an upper alcove. The structure features dark wood panels, vertical balusters, and gold Chinese characters inscribed on wooden plaques.","D:\caption_project\vietnam_architecture\Chùa_Huệ_Nghiêm_năm_2022_(khu_nội_viện,_cổng_tam_quan)_(11)_127034200.png","/Users/jenfnguyen/Documents/Dev/KIS-AAI-DM-Master/data/caption_project/vietnam_architecture/Chùa_Huệ_Nghiêm_năm_2022_(khu_nội_viện,_cổng_tam_quan)_(11)_127034200.png"
"Chùa_Bảo_Đàm,_năm_2022_(cổng_phụ)_(3)_115832000.png",0.7677,manual,False,,pagoda/temple,"A blue sign with white lettering reads CHÙA BẢO ĐÀM above a black metal gate flanked by two light-colored pillars topped with decorative elements, surrounded by green palm fronds.","Entrance gate of a pagoda featuring a blue sign with white text, flanked by two concrete pillars with decorative tops. A dark metal mesh gate is positioned below the sign, surrounded by palm trees.","D:\caption_project\vietnam_architecture\Chùa_Bảo_Đàm,_năm_2022_(cổng_phụ)_(3)_115832000.png","/Users/jenfnguyen/Documents/Dev/KIS-AAI-DM-Master/data/caption_project/vietnam_architecture/Chùa_Bảo_Đàm,_năm_2022_(cổng_phụ)_(3)_115832000.png"
2013-07-18_My_An_Onsen_Resort_ミーアン温泉_DSCF1144_107169894.png,0.7679,manual,False,,,Several thatched-roof gazebos line the edge of a turquoise swimming pool surrounded by green trees and foliage.,Swimming pool with light green water surrounded by several small thatched-roof structures supported by wooden poles. Trees and foliage are visible in the background under a clear blue sky.,D:\caption_project\vietnam_architecture\2013-07-18_My_An_Onsen_Resort_ミーアン温泉_DSCF1144_107169894.png,/Users/jenfnguyen/Documents/Dev/KIS-AAI-DM-Master/data/caption_project/vietnam_architecture/2013-07-18_My_An_Onsen_Resort_ミーアン温泉_DSCF1144_107169894.png
Chùa_Giác_Sanh_năm_2022_(hậu_viện)_(2)_126992268.png,0.7679,manual,False,pagoda/temple,pagoda/temple,"A yellow pagoda with red pillars and a green-tiled roof features ornate carvings on its balcony and walls, with lotus motifs decorating the railing.","Pagoda exterior featuring yellow walls, dark red cylindrical pillars, and intricate carved wooden panels. The structure includes a staircase with yellow railings and lotus-shaped decorations, leading to an open doorway.",D:\caption_project\vietnam_architecture\Chùa_Giác_Sanh_năm_2022_(hậu_viện)_(2)_126992268.png,/Users/jenfnguyen/Documents/Dev/KIS-AAI-DM-Master/data/caption_project/vietnam_architecture/Chùa_Giác_Sanh_năm_2022_(hậu_viện)_(2)_126992268.png
"Chùa_Huệ_Nghiêm_năm_2022_(khu_nội_viện,_cổng_tam_quan)_(20)_127034212.png",0.7681,manual,False,,,"A dark wooden gate with curved orange-tiled roofs and upturned eaves. Gold characters are inscribed on black panels above the archway, surrounded by green trees and a paved courtyard.","Traditional wooden gate structure with curved tiled roofs featuring upturned corners. The dark brown timber frame is adorned with gold Chinese characters on black panels, set within a garden area with trees.","D:\caption_project\vietnam_architecture\Chùa_Huệ_Nghiêm_năm_2022_(khu_nội_viện,_cổng_tam_quan)_(20)_127034212.png","/Users/jenfnguyen/Documents/Dev/KIS-AAI-DM-Master/data/caption_project/vietnam_architecture/Chùa_Huệ_Nghiêm_năm_2022_(khu_nội_viện,_cổng_tam_quan)_(20)_127034212.png"
6_jadeite_Liubo_game_pieces_16090705.png,0.7682,manual,False,,,"Six rectangular stone seals arranged on a textured beige surface. Three stand upright while three lie flat, showing carved patterns and red ink impressions on their bases.","Six small, rectangular stone blocks with mottled brown and green textures are arranged in two rows on a light-colored, textured fabric surface. These objects appear to be carved stone seals or markers.",D:\caption_project\vietnam_architecture\6_jadeite_Liubo_game_pieces_16090705.png,/Users/jenfnguyen/Documents/Dev/KIS-AAI-DM-Master/data/caption_project/vietnam_architecture/6_jadeite_Liubo_game_pieces_16090705.png
"Ancient_Tomb_Complex_in_Phước_Vĩnh_Đông_Commune,_Cần_Giuộc,_Việt_Nam_(46)_198204740.png",0.7683,manual,False,,,"A narrow concrete path winds through dense green vegetation and palm trees alongside a waterway, with a wooden utility pole visible among the foliage.",Narrow concrete path winds through dense green vegetation and palm trees in a rural setting. The path is constructed from weathered stone slabs and is bordered by thick foliage and trees.,"D:\caption_project\vietnam_architecture\Ancient_Tomb_Complex_in_Phước_Vĩnh_Đông_Commune,_Cần_Giuộc,_Việt_Nam_(46)_198204740.png","/Users/jenfnguyen/Documents/Dev/KIS-AAI-DM-Master/data/caption_project/vietnam_architecture/Ancient_Tomb_Complex_in_Phước_Vĩnh_Đông_Commune,_Cần_Giuộc,_Việt_Nam_(46)_198204740.png"
Chùa_Giác_Sanh_năm_2022_(Họa_tiết_trong_chánh_điện)_(5)_126962077.png,0.7684,manual,False,statue,statue,An ornate golden wooden beam carved with two dragons flanking a wheel symbol is mounted on a white ceiling above a red pillar with vertical Chinese characters and a seated Buddha statue.,"Golden carved wooden panel featuring two dragons flanking a central wheel symbol, positioned above a Buddha statue and a painted landscape mural on the interior wall of a temple.",D:\caption_project\vietnam_architecture\Chùa_Giác_Sanh_năm_2022_(Họa_tiết_trong_chánh_điện)_(5)_126962077.png,/Users/jenfnguyen/Documents/Dev/KIS-AAI-DM-Master/data/caption_project/vietnam_architecture/Chùa_Giác_Sanh_năm_2022_(Họa_tiết_trong_chánh_điện)_(5)_126962077.png
Chùa_Huệ_Nghiêm_năm_2022_(Bậc_thang_ở_Di_Lặc_Phật_điện)_(3a)_124489397.png,0.7684,manual,False,,,Red wooden staircase with carved railings leads upward on a stone-paved terrace surrounded by green trees and potted plants.,A stone staircase descends between red painted wooden railings featuring geometric lattice patterns and square posts topped with carved finials. The steps are made of light-colored stone tiles.,D:\caption_project\vietnam_architecture\Chùa_Huệ_Nghiêm_năm_2022_(Bậc_thang_ở_Di_Lặc_Phật_điện)_(3a)_124489397.png,/Users/jenfnguyen/Documents/Dev/KIS-AAI-DM-Master/data/caption_project/vietnam_architecture/Chùa_Huệ_Nghiêm_năm_2022_(Bậc_thang_ở_Di_Lặc_Phật_điện)_(3a)_124489397.png
Canh_2_1655873.png,0.769,manual,False,bridge,bridge,"A stone bridge with carved railings spans a small waterway, leading toward a Vietnamese temple complex featuring multi-tiered tiled roofs and traditional architecture surrounded by trees.","A stone arched bridge with decorative carvings spans a small pond in front of a temple complex. The scene includes a large bare tree, palm trees, and traditional multi-tiered roof structures.",D:\caption_project\vietnam_architecture\Canh_2_1655873.png,/Users/jenfnguyen/Documents/Dev/KIS-AAI-DM-Master/data/caption_project/vietnam_architecture/Canh_2_1655873.png
BigMountVungtau_1887141.png,0.7693,manual,False,,house,"A coastal scene with numerous wooden fishing boats on calm water, backed by a densely vegetated hill and buildings along the shore under a partly cloudy sky.",Multiple small wooden fishing boats with colorful hulls float on the water in front of a large coastal mountain. Scattered houses are visible along the base of the mountain near the shoreline.,D:\caption_project\vietnam_architecture\BigMountVungtau_1887141.png,/Users/jenfnguyen/Documents/Dev/KIS-AAI-DM-Master/data/caption_project/vietnam_architecture/BigMountVungtau_1887141.png
"Ancient_Tomb_Complex_in_Phước_Vĩnh_Đông_Commune,_Cần_Giuộc,_Việt_Nam_(20)_198204672.png",0.7695,manual,False,tomb,tomb,A weathered stone tombstone with carved decorative motifs stands among green vegetation and dried leaves in a cemetery setting.,"Stone tomb marker featuring a rectangular slab with carved decorative patterns at the top, surrounded by other similar stone grave markers and overgrown green vegetation in an outdoor burial ground.","D:\caption_project\vietnam_architecture\Ancient_Tomb_Complex_in_Phước_Vĩnh_Đông_Commune,_Cần_Giuộc,_Việt_Nam_(20)_198204672.png","/Users/jenfnguyen/Documents/Dev/KIS-AAI-DM-Master/data/caption_project/vietnam_architecture/Ancient_Tomb_Complex_in_Phước_Vĩnh_Đông_Commune,_Cần_Giuộc,_Việt_Nam_(20)_198204672.png"
Bao_tang_Dak_Lak_8_11560876.png,0.7695,manual,False,,,A two-story colonial building with a brown roof and white walls stands behind a paved driveway lined with large white planters and surrounded by tall green trees.,"Colonial building with a brown tiled roof and dormer windows, featuring a central staircase leading to an entrance. The structure is set within a garden with paved paths and white planters.",D:\caption_project\vietnam_architecture\Bao_tang_Dak_Lak_8_11560876.png,/Users/jenfnguyen/Documents/Dev/KIS-AAI-DM-Master/data/caption_project/vietnam_architecture/Bao_tang_Dak_Lak_8_11560876.png
Bản_vẽ_thành_Quãng_Trị_năm_1913._Thành_Quảng_Trị_được_xây_vào_năm_Gia_Long_thứ_1_117958197.png,0.77,manual,False,,drawing/map,A black and white architectural floor plan of a large fortified structure with multiple inner rooms and courtyards surrounded by thick walls.,"Black and white drawing of a square fortress plan with bastions and a surrounding moat. The layout shows internal divisions, pathways, and a legend, presented as a technical architectural map on paper.",D:\caption_project\vietnam_architecture\Bản_vẽ_thành_Quãng_Trị_năm_1913._Thành_Quảng_Trị_được_xây_vào_năm_Gia_Long_thứ_1_117958197.png,/Users/jenfnguyen/Documents/Dev/KIS-AAI-DM-Master/data/caption_project/vietnam_architecture/Bản_vẽ_thành_Quãng_Trị_năm_1913._Thành_Quảng_Trị_được_xây_vào_năm_Gia_Long_thứ_1_117958197.png
"0040323_Thap_Doi_Cham_Hindu_complex,_Quy_Nhon,_Binh_Dinh_Vietnam_009_132483187.png",0.7703,manual,False,,pagoda/temple,"A red brick tower with a stepped roof and arched niches stands on a grassy lawn, framed by leaning palm trees under a blue sky.","A red brick Cham tower features a square base, vertical pilasters, and pointed arched niches on its exterior walls. The structure is situated in a grassy area with palm trees nearby.","D:\caption_project\vietnam_architecture\0040323_Thap_Doi_Cham_Hindu_complex,_Quy_Nhon,_Binh_Dinh_Vietnam_009_132483187.png","/Users/jenfnguyen/Documents/Dev/KIS-AAI-DM-Master/data/caption_project/vietnam_architecture/0040323_Thap_Doi_Cham_Hindu_complex,_Quy_Nhon,_Binh_Dinh_Vietnam_009_132483187.png"
"Chùa_Hòa_Bình_quận_10_(cổng_chùa,_bảng_ghi_số_nhà)_(2)_119455198.png",0.7707,manual,False,pagoda/temple,pagoda/temple,"The entrance to Chua Hoa Binh pagoda features a blue sign with yellow lettering above a smaller opening hours sign. A tall white pillar displays vertical Chinese characters, and a potted green plant sits on the ground.","Pagoda entrance wall painted light purple featuring a blue sign with yellow text, a vertical pillar with Chinese characters, a floral relief carving, and a potted plant in a red plastic container.","D:\caption_project\vietnam_architecture\Chùa_Hòa_Bình_quận_10_(cổng_chùa,_bảng_ghi_số_nhà)_(2)_119455198.png","/Users/jenfnguyen/Documents/Dev/KIS-AAI-DM-Master/data/caption_project/vietnam_architecture/Chùa_Hòa_Bình_quận_10_(cổng_chùa,_bảng_ghi_số_nhà)_(2)_119455198.png"
4G4A0819_HDR_81341509.png,0.7708,manual,False,,,"A wide street view features a large colonial building with arched windows and a central tower flying a red flag, alongside other multi-story structures under a cloudy sky.","Colonial buildings line a wide urban intersection, featuring yellow and beige facades with arched windows and a prominent dome. A red flag flies atop the central structure, while motorbikes and cars travel below.",D:\caption_project\vietnam_architecture\4G4A0819_HDR_81341509.png,/Users/jenfnguyen/Documents/Dev/KIS-AAI-DM-Master/data/caption_project/vietnam_architecture/4G4A0819_HDR_81341509.png
Binh_Tay_market_20_134444755.png,0.7709,manual,False,,,"The yellow facade of Chợ Bình Tây market features a central clock tower with a traditional tiled roof, colorful flags, and an arched entrance surrounded by shoppers and stalls.","Market building with a central yellow clock tower, tiled roofs, and a triangular pediment featuring blue and white decorative patterns. The entrance displays a large sign and banners above the doorway.",D:\caption_project\vietnam_architecture\Binh_Tay_market_20_134444755.png,/Users/jenfnguyen/Documents/Dev/KIS-AAI-DM-Master/data/caption_project/vietnam_architecture/Binh_Tay_market_20_134444755.png
"Chùa_Huệ_Nghiêm_năm_2022_(khu_nội_viện,_cổng_tam_quan)_(22)_127034219.png",0.7711,manual,False,pagoda/temple,pagoda/temple,"A wooden temple gate with curved red tile roofs and dragon-shaped roof ridge ornaments. A signboard with golden characters reading ""Phat niem"" is mounted above the entrance, surrounded by green trees.","Pagoda gate featuring dark wooden pillars and a curved tiled roof with orange ceramic roof tiles. A wooden plaque with gold Chinese characters is mounted on the front, surrounded by green trees.","D:\caption_project\vietnam_architecture\Chùa_Huệ_Nghiêm_năm_2022_(khu_nội_viện,_cổng_tam_quan)_(22)_127034219.png","/Users/jenfnguyen/Documents/Dev/KIS-AAI-DM-Master/data/caption_project/vietnam_architecture/Chùa_Huệ_Nghiêm_năm_2022_(khu_nội_viện,_cổng_tam_quan)_(22)_127034219.png"
20260120_Nam_Việt_gable-topped_tomb_(134425)_182133641.png,0.7712,manual,False,,,A sheltered outdoor storage area contains stacked dark wooden beams and logs resting on concrete blocks under a corrugated metal roof with exposed steel framing.,Large dark wooden logs are stacked under a metal-roofed structure with a concrete floor. A glass wall separates this area from an adjacent building with blue-toned walls and an outdoor air conditioning unit.,D:\caption_project\vietnam_architecture\20260120_Nam_Việt_gable-topped_tomb_(134425)_182133641.png,/Users/jenfnguyen/Documents/Dev/KIS-AAI-DM-Master/data/caption_project/vietnam_architecture/20260120_Nam_Việt_gable-topped_tomb_(134425)_182133641.png
AnDinhResidence3_4070219.png,0.7713,manual,False,,,"A colonial building with a terracotta tiled roof and ornate central entrance stands across a canal. Its reflection is visible in the water, framed by trees.",Colonial building with a yellow facade and orange tiled roof stands behind a walled courtyard and an ornate gate. A stone staircase leads down to a canal reflecting the structure.,D:\caption_project\vietnam_architecture\AnDinhResidence3_4070219.png,/Users/jenfnguyen/Documents/Dev/KIS-AAI-DM-Master/data/caption_project/vietnam_architecture/AnDinhResidence3_4070219.png
"2025-02-08_Upper_Temple,_Lao_Cai_老街聖陳祠_04_160901576.png",0.7717,manual,False,pagoda/temple,,"A large stone ceremonial gate with a curved tiled roof and intricate carvings stands as an entrance to a temple complex surrounded by green trees. Groups of people are gathered on the steps, some walking through the archway.","Stone gate with curved roof edges and Chinese characters inscribed on the pillars stands at the entrance to a path. People walk through the gateway, surrounded by trees and temporary stalls.","D:\caption_project\vietnam_architecture\2025-02-08_Upper_Temple,_Lao_Cai_老街聖陳祠_04_160901576.png","/Users/jenfnguyen/Documents/Dev/KIS-AAI-DM-Master/data/caption_project/vietnam_architecture/2025-02-08_Upper_Temple,_Lao_Cai_老街聖陳祠_04_160901576.png"
"Chùa_Huệ_Nghiêm_năm_2022_(khu_nội_viện,_cổng_tam_quan)_(15)_127034205.png",0.7719,manual,False,,pagoda/temple,"A traditional wooden gate with a curved tiled roof and decorative ridge ornaments. Stacks of cardboard boxes are piled on the ground near the entrance, with two people visible on the right.","Wooden temple gate featuring a multi-tiered roof with curved ends and orange tiles. A golden statue sits in the upper central opening, and large stacks of cardboard boxes are placed in front of the dark wooden doors.","D:\caption_project\vietnam_architecture\Chùa_Huệ_Nghiêm_năm_2022_(khu_nội_viện,_cổng_tam_quan)_(15)_127034205.png","/Users/jenfnguyen/Documents/Dev/KIS-AAI-DM-Master/data/caption_project/vietnam_architecture/Chùa_Huệ_Nghiêm_năm_2022_(khu_nội_viện,_cổng_tam_quan)_(15)_127034205.png"
An_Dinh_Palace_-_Cung_An_Định_(2024)_-_pavilion_-_img_03_151201293.png,0.772,manual,False,statue,statue,A yellow colonial-style pavilion with a gray tiled roof stands on a stone platform in a park. A statue is visible inside the open-sided structure surrounded by trees and pathways.,"Hexagonal pavilion with a multi-tiered tiled roof and yellow pillars stands in a garden. A bronze statue is placed inside the structure, which is surrounded by trees, a stone wall, and a canal.",D:\caption_project\vietnam_architecture\An_Dinh_Palace_-_Cung_An_Định_(2024)_-_pavilion_-_img_03_151201293.png,/Users/jenfnguyen/Documents/Dev/KIS-AAI-DM-Master/data/caption_project/vietnam_architecture/An_Dinh_Palace_-_Cung_An_Định_(2024)_-_pavilion_-_img_03_151201293.png
"Chùa_Huệ_Nghiêm_năm_2022_(khu_nội_viện,_bảng_hiệu_chánh_điện)_(10)_126510705.png",0.7721,manual,False,statue,statue,A wooden building facade with a golden Buddha statue sitting on a shelf above a signboard featuring three large gold Chinese characters against a warm orange background.,A golden statue of a deity sits within a wooden structure featuring a tiled roof and a large horizontal wooden plaque with gold Chinese characters mounted above a carved wooden screen.,"D:\caption_project\vietnam_architecture\Chùa_Huệ_Nghiêm_năm_2022_(khu_nội_viện,_bảng_hiệu_chánh_điện)_(10)_126510705.png","/Users/jenfnguyen/Documents/Dev/KIS-AAI-DM-Master/data/caption_project/vietnam_architecture/Chùa_Huệ_Nghiêm_năm_2022_(khu_nội_viện,_bảng_hiệu_chánh_điện)_(10)_126510705.png"
"0040323_Thap_Doi_Cham_Hindu_complex,_Quy_Nhon,_Binh_Dinh_Vietnam_072_132483201.png",0.7723,manual,False,,,A red brick tower with a central arched doorway and stone steps leading up to it. Green bushes flank the base of the structure under a blue sky.,"Brick tower with a square base and a pointed arch entrance featuring a stone lintel. A set of brick stairs leads to the doorway, where a stone linga is visible inside.","D:\caption_project\vietnam_architecture\0040323_Thap_Doi_Cham_Hindu_complex,_Quy_Nhon,_Binh_Dinh_Vietnam_072_132483201.png","/Users/jenfnguyen/Documents/Dev/KIS-AAI-DM-Master/data/caption_project/vietnam_architecture/0040323_Thap_Doi_Cham_Hindu_complex,_Quy_Nhon,_Binh_Dinh_Vietnam_072_132483201.png"
"Building_near_Palace_I,_02_17391173.png",0.7723,manual,False,church,church,A church with rough stucco walls and stone accents features an arched wooden door and tall narrow windows under a metal roof section.,"Church exterior featuring two tall towers with textured tan walls and stone corner accents. A central pointed arch doorway leads inside, topped by a small cross, set against a grassy landscape.","D:\caption_project\vietnam_architecture\Building_near_Palace_I,_02_17391173.png","/Users/jenfnguyen/Documents/Dev/KIS-AAI-DM-Master/data/caption_project/vietnam_architecture/Building_near_Palace_I,_02_17391173.png"
"Chum_vại_ở_Cát_Sơn,_Tết_năm_2017_(4)_102990048.png",0.7724,manual,False,,,A large brown glazed ceramic jar sits on a cracked concrete surface next to a stone slab and a painted pillar base.,"A large, dark brown ceramic water jar sits on a wet concrete step next to a building pillar painted with a red band at the base. The ground is cracked and damp.","D:\caption_project\vietnam_architecture\Chum_vại_ở_Cát_Sơn,_Tết_năm_2017_(4)_102990048.png","/Users/jenfnguyen/Documents/Dev/KIS-AAI-DM-Master/data/caption_project/vietnam_architecture/Chum_vại_ở_Cát_Sơn,_Tết_năm_2017_(4)_102990048.png"
"Chùa_Bửu_Thắng,_Tân_Phú_(cổng_chùa_mặt_bên),_tháng_5_năm_2021_(5)_106024607.png",0.7727,manual,False,pagoda/temple,,"A stone gate entrance with yellow panels and Chinese characters, featuring a small golden pagoda-style roof on top. The left panel shows the word THANG below a large pink character.",Gate pillar made of speckled granite topped with a small golden structure featuring a red tiled roof. The pillar displays gold panels with pink Chinese characters and the word THANG in Latin letters.,"D:\caption_project\vietnam_architecture\Chùa_Bửu_Thắng,_Tân_Phú_(cổng_chùa_mặt_bên),_tháng_5_năm_2021_(5)_106024607.png","/Users/jenfnguyen/Documents/Dev/KIS-AAI-DM-Master/data/caption_project/vietnam_architecture/Chùa_Bửu_Thắng,_Tân_Phú_(cổng_chùa_mặt_bên),_tháng_5_năm_2021_(5)_106024607.png"
"2025-02-09_Cấm_Temple_(Đền_Cấm),_Lào_Cai_City,_Vietnam_老街禁祠_02_160967032.png",0.7728,manual,False,,,"A traditional gate with white pillars and a red-tiled roof features an ornate decorative panel above the entrance. Red lanterns hang from the eaves, and trees frame the structure against an overcast sky.","Entrance gate with a dark tiled roof and white pillars featuring red accents. A decorative panel with Chinese characters is mounted above the opening, which leads to a courtyard with a white canopy.","D:\caption_project\vietnam_architecture\2025-02-09_Cấm_Temple_(Đền_Cấm),_Lào_Cai_City,_Vietnam_老街禁祠_02_160967032.png","/Users/jenfnguyen/Documents/Dev/KIS-AAI-DM-Master/data/caption_project/vietnam_architecture/2025-02-09_Cấm_Temple_(Đền_Cấm),_Lào_Cai_City,_Vietnam_老街禁祠_02_160967032.png"
Chùa_Bửu_Quang_(Cổng_chùa)_(3)_116025942.png,0.773,manual,False,pagoda/temple,pagoda/temple,"An ornate wooden gate for Chua Bau Quang pagoda, featuring a large sign with Vietnamese text and decorative carvings above the entrance.",Pagoda entrance gate featuring a brown wooden frame with intricate carvings of dragons and a dharma wheel at the top. The structure includes a prominent sign with yellow background and brown text.,D:\caption_project\vietnam_architecture\Chùa_Bửu_Quang_(Cổng_chùa)_(3)_116025942.png,/Users/jenfnguyen/Documents/Dev/KIS-AAI-DM-Master/data/caption_project/vietnam_architecture/Chùa_Bửu_Quang_(Cổng_chùa)_(3)_116025942.png
Bao_tang_Dak_Lak_9_11560934.png,0.773,manual,False,,,"A long, single-story colonial building with a red tiled roof and cream-colored walls stands among tall trees. A low hedge lines a paved path in front of the structure.",Colonial building with a brown tiled roof and yellow walls featuring white grid patterns on the gables. The structure has a long veranda with wooden railings and is surrounded by large trees.,D:\caption_project\vietnam_architecture\Bao_tang_Dak_Lak_9_11560934.png,/Users/jenfnguyen/Documents/Dev/KIS-AAI-DM-Master/data/caption_project/vietnam_architecture/Bao_tang_Dak_Lak_9_11560934.png
Apollo_Cafe_Sunset_Town_Phu_Quoc_daytime_exterior_188753473.png,0.7732,manual,False,,,A whimsical teal and red colonial-style building features a large clock tower structure labeled Apollo Cafe with glass windows and balconies overlooking a cobblestone street lined with palm trees and motorbikes.,A teal-colored cafe structure with glass walls and a clock tower sits next to a large cylindrical building decorated with a red bow. Multi-story buildings with balconies are visible in the background.,D:\caption_project\vietnam_architecture\Apollo_Cafe_Sunset_Town_Phu_Quoc_daytime_exterior_188753473.png,/Users/jenfnguyen/Documents/Dev/KIS-AAI-DM-Master/data/caption_project/vietnam_architecture/Apollo_Cafe_Sunset_Town_Phu_Quoc_daytime_exterior_188753473.png
"Chum_kiểng_tu_viện_Vinh_Sơn,_Quận_3_(34)_115804075.png",0.7732,manual,False,,,"A paved walkway with patterned tiles runs alongside a white wall with blue trim and a metal fence on top. A large brown ceramic pot sits near the base of the wall, surrounded by dirt and sparse vegetation.",A light-colored concrete wall with dark blue vertical pillars runs alongside a paved walkway featuring square tiles with swirling patterns. A dark ceramic jar sits in the corner near the wall.,"D:\caption_project\vietnam_architecture\Chum_kiểng_tu_viện_Vinh_Sơn,_Quận_3_(34)_115804075.png","/Users/jenfnguyen/Documents/Dev/KIS-AAI-DM-Master/data/caption_project/vietnam_architecture/Chum_kiểng_tu_viện_Vinh_Sơn,_Quận_3_(34)_115804075.png"
Chùa_Diệu_Pháp_(mái_ngói_xanh)_(4)_126992676.png,0.7735,manual,False,,,"A close-up of a green glazed tile roof with curved tiles arranged in neat diagonal rows, bordered by white trim.","Sloped roof covered in glossy green glazed ceramic tiles with a white border. The roof structure features overlapping rows of cylindrical tiles, viewed from an elevated angle above a residential area.",D:\caption_project\vietnam_architecture\Chùa_Diệu_Pháp_(mái_ngói_xanh)_(4)_126992676.png,/Users/jenfnguyen/Documents/Dev/KIS-AAI-DM-Master/data/caption_project/vietnam_architecture/Chùa_Diệu_Pháp_(mái_ngói_xanh)_(4)_126992676.png
"Chum_kiểng_tu_viện_Vinh_Sơn,_Quận_3_(38)_115829300.png",0.7737,manual,False,,,A large brown ceramic jar surrounded by white stones stands against a white wall with blue pillars. Bare branches extend upward from the jar onto a tiled floor.,"A large brown ceramic jar sits on a paved sidewalk against a wall featuring blue vertical pillars and light-colored panels. A thin, leafless branch extends upward from the jar, which is surrounded by small stones.","D:\caption_project\vietnam_architecture\Chum_kiểng_tu_viện_Vinh_Sơn,_Quận_3_(38)_115829300.png","/Users/jenfnguyen/Documents/Dev/KIS-AAI-DM-Master/data/caption_project/vietnam_architecture/Chum_kiểng_tu_viện_Vinh_Sơn,_Quận_3_(38)_115829300.png"
"Chùa_Huệ_Nghiêm_năm_2022,_trúc_viên_(Quan_Âm_các,_mái_tranh)_(7)_127261665.png",0.774,manual,False,statue,house,"A white statue of a standing figure stands beneath a hexagonal thatched-roof shelter made of wood and bamboo. Yellow flowers are arranged on a table in the foreground, surrounded by dense green bamboo stalks.",A circular pavilion with a tiered thatched roof supported by bamboo poles houses a white stone statue of a deity. The structure is set on a wooden platform surrounded by bamboo stalks.,"D:\caption_project\vietnam_architecture\Chùa_Huệ_Nghiêm_năm_2022,_trúc_viên_(Quan_Âm_các,_mái_tranh)_(7)_127261665.png","/Users/jenfnguyen/Documents/Dev/KIS-AAI-DM-Master/data/caption_project/vietnam_architecture/Chùa_Huệ_Nghiêm_năm_2022,_trúc_viên_(Quan_Âm_các,_mái_tranh)_(7)_127261665.png"
"0040423_Thap_Duong_Long_Cham_tower_temples,_Hindu_trinity,_Binh_Dinh_Vietnam_024_132506958.png",0.774,manual,False,pagoda/temple,,Three red brick Cham towers stand on a grassy hill under a clear blue sky. The towers have tiered roofs and are partially covered with green vegetation.,Three orange brick towers stand in a grassy field under a clear blue sky. These structures feature vertical pilasters and tiered roofs with vegetation growing from the top sections.,"D:\caption_project\vietnam_architecture\0040423_Thap_Duong_Long_Cham_tower_temples,_Hindu_trinity,_Binh_Dinh_Vietnam_024_132506958.png","/Users/jenfnguyen/Documents/Dev/KIS-AAI-DM-Master/data/caption_project/vietnam_architecture/0040423_Thap_Duong_Long_Cham_tower_temples,_Hindu_trinity,_Binh_Dinh_Vietnam_024_132506958.png"
Chùa_Bảo_Đàm_năm_2022_(cổng_chính_nhìn_chính_diện_phía_trước)_(2)_114398970.png,0.774,manual,False,pagoda/temple,pagoda/temple,"An ornate Vietnamese temple gate with grey concrete pillars and green-tiled curved roofs. Intricate white ceramic dragon decorations adorn the ridges. The entrance is covered by a black metal gate, surrounded by dense green foliage.","Pagoda gate featuring a multi-tiered curved roof with green tiles and gray decorative dragon motifs. The structure is made of concrete with Chinese characters inscribed on pillars and walls, fronted by a black metal gate.",D:\caption_project\vietnam_architecture\Chùa_Bảo_Đàm_năm_2022_(cổng_chính_nhìn_chính_diện_phía_trước)_(2)_114398970.png,/Users/jenfnguyen/Documents/Dev/KIS-AAI-DM-Master/data/caption_project/vietnam_architecture/Chùa_Bảo_Đàm_năm_2022_(cổng_chính_nhìn_chính_diện_phía_trước)_(2)_114398970.png
"Chùa_Huệ_Nghiêm_năm_2022,_vườn_thông_(toàn_cảnh,_nhìn_ngang,_nhà_hậu_viện_(4)_119132478.png",0.7741,manual,False,statue,statue,"A garden scene with several stone statues of figures among trees, rocks, and green plants. A large rock in the center has white characters carved into it.","Buddhist garden area featuring several stone statues of figures, a central rock inscribed with text, and a wooden building with a red-painted railing visible in the background among trees and rocks.","D:\caption_project\vietnam_architecture\Chùa_Huệ_Nghiêm_năm_2022,_vườn_thông_(toàn_cảnh,_nhìn_ngang,_nhà_hậu_viện_(4)_119132478.png","/Users/jenfnguyen/Documents/Dev/KIS-AAI-DM-Master/data/caption_project/vietnam_architecture/Chùa_Huệ_Nghiêm_năm_2022,_vườn_thông_(toàn_cảnh,_nhìn_ngang,_nhà_hậu_viện_(4)_119132478.png"
Binh_Tay_market_7_134444520.png,0.7742,manual,False,,,"Interior of a multi-level Vietnamese market with wooden staircases connecting floors lined with shops selling toys and household goods, featuring decorative latticed windows on upper walls.","Interior of a multi-level market building featuring a central concrete staircase with metal railings. The space is filled with numerous small stalls selling various goods, with yellow walls and geometric window patterns visible above.",D:\caption_project\vietnam_architecture\Binh_Tay_market_7_134444520.png,/Users/jenfnguyen/Documents/Dev/KIS-AAI-DM-Master/data/caption_project/vietnam_architecture/Binh_Tay_market_7_134444520.png
"Chùa_Huệ_Nghiêm_năm_2022_(khu_nội_viện,_bảng_hiệu_chánh_điện)_(1)_126510701.png",0.7743,manual,False,,pagoda/temple,Close-up of a wooden gate with carved vertical balusters and a large wooden sign displaying three prominent Chinese characters flanked by smaller inscriptions on both sides.,"Wooden gate of a temple featuring a horizontal plaque with gold Chinese characters. The structure includes dark brown wooden panels and vertical balusters with carved details, set beneath a dark timber ceiling.","D:\caption_project\vietnam_architecture\Chùa_Huệ_Nghiêm_năm_2022_(khu_nội_viện,_bảng_hiệu_chánh_điện)_(1)_126510701.png","/Users/jenfnguyen/Documents/Dev/KIS-AAI-DM-Master/data/caption_project/vietnam_architecture/Chùa_Huệ_Nghiêm_năm_2022_(khu_nội_viện,_bảng_hiệu_chánh_điện)_(1)_126510701.png"
"Ancient_Tomb_Complex_in_Phước_Vĩnh_Đông_Commune,_Cần_Giuộc,_Việt_Nam_(35)_198204710.png",0.7747,manual,False,tomb,tomb,A weathered stone tomb complex with curved tiled roofs and decorative balustrades stands overgrown in tall green grass among palm trees.,"Tomb structure featuring a white plastered enclosure with a central arched entrance and small decorative pillars topped with lotus-shaped finials, situated in a field of tall green grass and palm trees.","D:\caption_project\vietnam_architecture\Ancient_Tomb_Complex_in_Phước_Vĩnh_Đông_Commune,_Cần_Giuộc,_Việt_Nam_(35)_198204710.png","/Users/jenfnguyen/Documents/Dev/KIS-AAI-DM-Master/data/caption_project/vietnam_architecture/Ancient_Tomb_Complex_in_Phước_Vĩnh_Đông_Commune,_Cần_Giuộc,_Việt_Nam_(35)_198204710.png"
"Ancient_Tomb_Complex_in_Phước_Vĩnh_Đông_Commune,_Cần_Giuộc,_Việt_Nam_(11)_198204656.png",0.7747,manual,False,,,"A close-up of a weathered stone pillar top with a pointed cap and decorative molding, surrounded by dense green foliage.","Stone pillar top featuring a carved lotus bud shape, situated outdoors amidst green vegetation. The weathered gray stone structure sits atop a square base, showing signs of age and exposure to elements.","D:\caption_project\vietnam_architecture\Ancient_Tomb_Complex_in_Phước_Vĩnh_Đông_Commune,_Cần_Giuộc,_Việt_Nam_(11)_198204656.png","/Users/jenfnguyen/Documents/Dev/KIS-AAI-DM-Master/data/caption_project/vietnam_architecture/Ancient_Tomb_Complex_in_Phước_Vĩnh_Đông_Commune,_Cần_Giuộc,_Việt_Nam_(11)_198204656.png"
Chùa_Diệu_Pháp_(bức_khắc_gỗ)_(1)_127033504.png,0.7748,manual,False,pagoda/temple,pagoda/temple,An interior view shows a large rectangular red wooden relief panel depicting a traditional pagoda and landscape scene mounted above an open doorway with green trim.,"Wooden relief carving depicting a multi-story pagoda nestled among mountains and trees, mounted on a wall above a doorway. The ceiling features a coffered design, and a red pillar stands to the right.",D:\caption_project\vietnam_architecture\Chùa_Diệu_Pháp_(bức_khắc_gỗ)_(1)_127033504.png,/Users/jenfnguyen/Documents/Dev/KIS-AAI-DM-Master/data/caption_project/vietnam_architecture/Chùa_Diệu_Pháp_(bức_khắc_gỗ)_(1)_127033504.png
Across_Trung_Kính_Hạ_Patron_Temple_11-03-2026_E09_185922508.png,0.775,manual,False,pagoda/temple,pagoda/temple,"A temple courtyard with a lavender facade and ornate white plaster carvings. Gold-trimmed wooden doors are flanked by tall vertical signs bearing Chinese characters, while potted plants sit on the red tiled ground.","Light blue wall of a temple featuring intricate relief carvings and Chinese characters, with a golden metal door and terracotta tiled steps leading to the entrance, surrounded by various potted bonsai plants.",D:\caption_project\vietnam_architecture\Across_Trung_Kính_Hạ_Patron_Temple_11-03-2026_E09_185922508.png,/Users/jenfnguyen/Documents/Dev/KIS-AAI-DM-Master/data/caption_project/vietnam_architecture/Across_Trung_Kính_Hạ_Patron_Temple_11-03-2026_E09_185922508.png
Chùa_Bảo_Đàm_năm_2022_(cổng_chính_và_cây_cảnh)_(4)_115831981.png,0.7751,manual,False,,,A traditional Vietnamese gate with a curved tiled roof and ornate carvings stands at an entrance. Potted palm plants sit on a paved courtyard in front of the structure.,A stone gate features curved roof corners with intricate carvings and light-colored pillars. Two large potted palm plants stand on a paved stone path in front of the structure under a clear sky.,D:\caption_project\vietnam_architecture\Chùa_Bảo_Đàm_năm_2022_(cổng_chính_và_cây_cảnh)_(4)_115831981.png,/Users/jenfnguyen/Documents/Dev/KIS-AAI-DM-Master/data/caption_project/vietnam_architecture/Chùa_Bảo_Đàm_năm_2022_(cổng_chính_và_cây_cảnh)_(4)_115831981.png
"Chùa_Giác_Sanh_năm_2022_(kiến_trúc_chánh_điện_trên_lầu,_gian_bên)_(2)_126992278.png",0.7754,manual,False,pagoda/temple,pagoda/temple,"A temple facade with yellow walls and a curved green-tiled roof features ornate carvings, red lanterns, and golden statues on either side of the entrance.","Pagoda entrance featuring yellow walls, a curved green tiled roof with a golden dragon ornament, and red lanterns. A dark wooden pillar stands beside the open doorway, with golden decorative panels on the wall.","D:\caption_project\vietnam_architecture\Chùa_Giác_Sanh_năm_2022_(kiến_trúc_chánh_điện_trên_lầu,_gian_bên)_(2)_126992278.png","/Users/jenfnguyen/Documents/Dev/KIS-AAI-DM-Master/data/caption_project/vietnam_architecture/Chùa_Giác_Sanh_năm_2022_(kiến_trúc_chánh_điện_trên_lầu,_gian_bên)_(2)_126992278.png"
Chùa_Diệu_Pháp_(Cổng_mái)_(19)_126873658.png,0.7754,manual,False,,,A traditional Vietnamese gate with a green tiled curved roof and red pillars stands on a paved path. A sign to the right displays an inscription.,"Traditional gate with a double-tiered green tiled roof featuring curved eaves and dark wooden pillars. The structure stands over a stone-paved path, surrounded by trees, a bench, and a tall information sign.",D:\caption_project\vietnam_architecture\Chùa_Diệu_Pháp_(Cổng_mái)_(19)_126873658.png,/Users/jenfnguyen/Documents/Dev/KIS-AAI-DM-Master/data/caption_project/vietnam_architecture/Chùa_Diệu_Pháp_(Cổng_mái)_(19)_126873658.png
Chùa_Bảo_Đàm_năm_2022_(cây_cảnh)_(6)_115905635.png,0.7758,manual,False,,,Various potted plants with green foliage and pink flowers are arranged on a mossy stone surface outdoors.,Potted plants with green leaves and colorful flowers are arranged on mossy rocks in a garden setting. A small blue sign with white text is partially visible among the foliage and pots.,D:\caption_project\vietnam_architecture\Chùa_Bảo_Đàm_năm_2022_(cây_cảnh)_(6)_115905635.png,/Users/jenfnguyen/Documents/Dev/KIS-AAI-DM-Master/data/caption_project/vietnam_architecture/Chùa_Bảo_Đàm_năm_2022_(cây_cảnh)_(6)_115905635.png
"CV_Bách_Tùng_Diệp,_ng26th8n2022_(Bồn_chậu_hình_trống_đồng)_(1)_147340428.png",0.776,manual,False,,,"A large, dark gray metal planter with embossed figures of boats and people sits on wet, tiled pavement in a park, filled with green leafy plants.","A large dark metal planter shaped like a Dong Son drum sits on a tiled outdoor patio. The planter features embossed patterns of birds and geometric motifs, containing a green leafy plant.","D:\caption_project\vietnam_architecture\CV_Bách_Tùng_Diệp,_ng26th8n2022_(Bồn_chậu_hình_trống_đồng)_(1)_147340428.png","/Users/jenfnguyen/Documents/Dev/KIS-AAI-DM-Master/data/caption_project/vietnam_architecture/CV_Bách_Tùng_Diệp,_ng26th8n2022_(Bồn_chậu_hình_trống_đồng)_(1)_147340428.png"
Chùa_Giác_Sanh_năm_2022_(kiến_trúc_chánh_điện_trên_lầu)_(2)_126992271.png,0.7761,manual,False,pagoda/temple,pagoda/temple,"A yellow temple facade with a green tiled roof features carved wooden panels, red lanterns, and ornate signs displaying Chinese characters.","Yellow facade of a pagoda featuring a red horizontal plaque with gold Chinese characters, green tiled roof edges, and intricate carved wooden panels above the entrance. A wind chime hangs in the center.",D:\caption_project\vietnam_architecture\Chùa_Giác_Sanh_năm_2022_(kiến_trúc_chánh_điện_trên_lầu)_(2)_126992271.png,/Users/jenfnguyen/Documents/Dev/KIS-AAI-DM-Master/data/caption_project/vietnam_architecture/Chùa_Giác_Sanh_năm_2022_(kiến_trúc_chánh_điện_trên_lầu)_(2)_126992271.png
04254-Hanoi_(31979406784)_111460533.png,0.7762,manual,False,pagoda/temple,pagoda/temple,"A traditional yellow gate with a curved tiled roof stands at the entrance to a temple complex. A large yellow banner reads KÍNH MỪNG ĐẠI LỄ PHẬT ĐÁN, flanked by Buddhist flags.","Pagoda gate with a yellow facade and a tiered roof featuring decorative ridge ornaments. The structure has three arched entrances, stone pillars with Chinese characters, and a large yellow banner hanging across the front.",D:\caption_project\vietnam_architecture\04254-Hanoi_(31979406784)_111460533.png,/Users/jenfnguyen/Documents/Dev/KIS-AAI-DM-Master/data/caption_project/vietnam_architecture/04254-Hanoi_(31979406784)_111460533.png
"Chùa_Huệ_Quang_ở_Thủ_Đức,_tháng_12_năm_2021_(cổng)_(8)_113530450.png",0.7764,manual,False,,pagoda/temple,"A yellow gate with a curved roof and decorative tile ridge stands over a green metal door. The pillars are clad in brown stone, and a sign above the arch reads CHÙA.","Pagoda entrance gate featuring a yellow arched structure with a tiled roof, stone-clad pillars, and green metal gates. A sign is attached to the gate, and trees are visible in the background.","D:\caption_project\vietnam_architecture\Chùa_Huệ_Quang_ở_Thủ_Đức,_tháng_12_năm_2021_(cổng)_(8)_113530450.png","/Users/jenfnguyen/Documents/Dev/KIS-AAI-DM-Master/data/caption_project/vietnam_architecture/Chùa_Huệ_Quang_ở_Thủ_Đức,_tháng_12_năm_2021_(cổng)_(8)_113530450.png"
"0040423_Thap_Duong_Long_Cham_tower_temples,_Hindu_trinity,_Binh_Dinh_Vietnam_149_132506956.png",0.7766,manual,False,,,"Two tall brick towers stand as ruins under a clear blue sky. The reddish-orange brick structures show significant weathering and crumbling walls, with green vegetation growing on their sides and around the grassy ground.","Two tall, weathered brick towers stand in an open field. These structures feature vertical pilasters, rectangular doorways, and remnants of stone foundations, with vegetation growing along the orange-colored masonry walls.","D:\caption_project\vietnam_architecture\0040423_Thap_Duong_Long_Cham_tower_temples,_Hindu_trinity,_Binh_Dinh_Vietnam_149_132506956.png","/Users/jenfnguyen/Documents/Dev/KIS-AAI-DM-Master/data/caption_project/vietnam_architecture/0040423_Thap_Duong_Long_Cham_tower_temples,_Hindu_trinity,_Binh_Dinh_Vietnam_149_132506956.png"
4G4A0810_81341483.png,0.7768,manual,False,,,"A street scene with colonial-style buildings of various colors and architectural styles, featuring arched windows and domed roofs under a cloudy sky, with motorbikes and cars on the road.","Urban street intersection featuring several multi-story buildings with colonial-style architectural elements, including arched windows and a prominent dome. Motorbikes and cars travel on the paved road in front of the structures.",D:\caption_project\vietnam_architecture\4G4A0810_81341483.png,/Users/jenfnguyen/Documents/Dev/KIS-AAI-DM-Master/data/caption_project/vietnam_architecture/4G4A0810_81341483.png
"Chùa_Giác_Sanh_năm_2022_(kiến_trúc_chánh_điện_trên_lầu,_cửa_gỗ)_(1)_123933709.png",0.777,manual,False,pagoda/temple,,An open wooden door with carved panels reveals a temple interior with polished floors and an altar area. Above the doorway hangs an ornate golden sign featuring red Chinese characters on a yellow wall.,Interior of a building featuring large dark wooden doors with intricate carvings and a yellow wall above the entrance adorned with a prominent golden decorative plaque containing red Chinese characters.,"D:\caption_project\vietnam_architecture\Chùa_Giác_Sanh_năm_2022_(kiến_trúc_chánh_điện_trên_lầu,_cửa_gỗ)_(1)_123933709.png","/Users/jenfnguyen/Documents/Dev/KIS-AAI-DM-Master/data/caption_project/vietnam_architecture/Chùa_Giác_Sanh_năm_2022_(kiến_trúc_chánh_điện_trên_lầu,_cửa_gỗ)_(1)_123933709.png"
"Chùa_Huệ_Nghiêm_năm_2022_(khu_nội_viện,_bảng_hiệu_chánh_điện)_(9)_126510707.png",0.7772,manual,False,pagoda/temple,statue,A close-up of a wooden temple facade featuring a golden statue set within a dark niche above a large sign with prominent gold Chinese characters and smaller inscriptions on either side.,A golden statue sits in a recessed wooden alcove above a large horizontal wooden plaque with gold Chinese characters. Below the plaque are two wooden doors featuring decorative vertical baluster railings.,"D:\caption_project\vietnam_architecture\Chùa_Huệ_Nghiêm_năm_2022_(khu_nội_viện,_bảng_hiệu_chánh_điện)_(9)_126510707.png","/Users/jenfnguyen/Documents/Dev/KIS-AAI-DM-Master/data/caption_project/vietnam_architecture/Chùa_Huệ_Nghiêm_năm_2022_(khu_nội_viện,_bảng_hiệu_chánh_điện)_(9)_126510707.png"
04092-Hanoi_(32356559785)_111460983.png,0.7777,manual,False,,,A large modern government building with beige concrete facade featuring vertical columns and a central entrance. A red flag flies above the roof while the national emblem is mounted on the front wall.,"Modern government building featuring a symmetrical facade with vertical stone fins, glass windows, and a central emblem. A flat canopy covers the entrance, while metal barriers line the street in the foreground.",D:\caption_project\vietnam_architecture\04092-Hanoi_(32356559785)_111460983.png,/Users/jenfnguyen/Documents/Dev/KIS-AAI-DM-Master/data/caption_project/vietnam_architecture/04092-Hanoi_(32356559785)_111460983.png
Canh_8_1655885.png,0.7778,manual,False,pagoda/temple,,"A yellow communal house entrance with a tiled roof and ornate dragon sculpture on top, featuring a large black plaque with white text flanked by columns.","A yellow-painted gate structure features a dark plaque with white text, topped by a small tiled roof and elaborate dragon-shaped masonry decorations. The structure stands against a weathered wall.",D:\caption_project\vietnam_architecture\Canh_8_1655885.png,/Users/jenfnguyen/Documents/Dev/KIS-AAI-DM-Master/data/caption_project/vietnam_architecture/Canh_8_1655885.png
Chùa_Bảo_Đàm_năm_2022_(cây_cối_nhìn_từ_trên)_(3)_115905668.png,0.7778,manual,False,,,Two potted bonsai trees sit on a ledge in front of dense green foliage. A wind chime with metal tubes and an orange top hangs from the leaves.,"Two potted plants sit on a concrete ledge in front of a dense green tree. A small metal wind chime hangs from the branches of the tree, which fills the background.",D:\caption_project\vietnam_architecture\Chùa_Bảo_Đàm_năm_2022_(cây_cối_nhìn_từ_trên)_(3)_115905668.png,/Users/jenfnguyen/Documents/Dev/KIS-AAI-DM-Master/data/caption_project/vietnam_architecture/Chùa_Bảo_Đàm_năm_2022_(cây_cối_nhìn_từ_trên)_(3)_115905668.png
Beach-3058750_108933498.png,0.7778,manual,False,pagoda/temple,pagoda/temple,A wide courtyard features a large golden dragon relief on the ground and stone dragon railings leading up to a temple complex with red-tiled roofs overlooking the sea.,"Pagoda complex featuring a wide staircase with gold dragon carvings leading down to a courtyard with red-tiled roofs, overlooking the sea under a cloudy sunset sky.",D:\caption_project\vietnam_architecture\Beach-3058750_108933498.png,/Users/jenfnguyen/Documents/Dev/KIS-AAI-DM-Master/data/caption_project/vietnam_architecture/Beach-3058750_108933498.png
"2025-02-09_Quan_Temple,_Lao_Cai_City_(Đền_Quan_Lào_Cai)_04_160984204.png",0.778,manual,False,,pagoda/temple,"A traditional Vietnamese gate with a curved tiled roof, white pillars, and dark red wooden doors. A yellow sign with black characters hangs above the entrance.","Temple gate featuring a curved tiled roof with dark wooden beams, white pillars, and a central dark red wooden door. A gold-painted horizontal plaque with black Chinese characters is mounted above the entrance.","D:\caption_project\vietnam_architecture\2025-02-09_Quan_Temple,_Lao_Cai_City_(Đền_Quan_Lào_Cai)_04_160984204.png","/Users/jenfnguyen/Documents/Dev/KIS-AAI-DM-Master/data/caption_project/vietnam_architecture/2025-02-09_Quan_Temple,_Lao_Cai_City_(Đền_Quan_Lào_Cai)_04_160984204.png"
"Chùa_Hòa_Bình_quận_10_(cổng_chùa,_cột_ghi_chữ_nho)_(2)_119455212.png",0.778,manual,False,,,A white building entrance features a tall vertical sign with black Chinese characters and an arched metal gate decorated with a lotus flower design. Green potted plants grow near the base of the wall.,"Exterior wall of a building featuring a light blue surface with grey decorative corner carvings, a vertical pillar with dark Chinese characters, and an arched metal gate adorned with a lotus flower design.","D:\caption_project\vietnam_architecture\Chùa_Hòa_Bình_quận_10_(cổng_chùa,_cột_ghi_chữ_nho)_(2)_119455212.png","/Users/jenfnguyen/Documents/Dev/KIS-AAI-DM-Master/data/caption_project/vietnam_architecture/Chùa_Hòa_Bình_quận_10_(cổng_chùa,_cột_ghi_chữ_nho)_(2)_119455212.png"
"Bảo_tháp_của_Chùa_Thiên_Mụ_(con_đường),_tháng_3_năm_2021_(13)_106177842.png",0.7781,manual,False,pagoda/temple,pagoda/temple,"A tall brick pagoda with multiple tiers stands in a park setting, surrounded by green pine trees and paved walkways.","Octagonal brick pagoda featuring multiple levels with small circular windows and tiled roofs, situated in a garden with paved walkways, pine trees, and a stone stele on a pedestal nearby.","D:\caption_project\vietnam_architecture\Bảo_tháp_của_Chùa_Thiên_Mụ_(con_đường),_tháng_3_năm_2021_(13)_106177842.png","/Users/jenfnguyen/Documents/Dev/KIS-AAI-DM-Master/data/caption_project/vietnam_architecture/Bảo_tháp_của_Chùa_Thiên_Mụ_(con_đường),_tháng_3_năm_2021_(13)_106177842.png"
"Chùa_Bảo_Đàm_năm_2022_(Điện_Quan_Âm,_phiến_đá)_(2)_115890291.png",0.7784,manual,False,,,"A tall, upright stone monument with white calligraphy stands amidst dense green foliage and potted plants.","Large vertical stone slab featuring white calligraphic text carved into its surface, positioned amidst various potted green plants and foliage in an outdoor garden setting.","D:\caption_project\vietnam_architecture\Chùa_Bảo_Đàm_năm_2022_(Điện_Quan_Âm,_phiến_đá)_(2)_115890291.png","/Users/jenfnguyen/Documents/Dev/KIS-AAI-DM-Master/data/caption_project/vietnam_architecture/Chùa_Bảo_Đàm_năm_2022_(Điện_Quan_Âm,_phiến_đá)_(2)_115890291.png"
"Chùa_Huệ_Nghiêm_năm_2022,_trúc_viên_(Quan_Âm_các,_mái_tranh)_(15)_127261676.png",0.7784,manual,False,statue,statue,"A thatched-roof bamboo shelter stands amidst dense green bamboo stalks, with a statue of a robed figure visible inside beneath the wooden support beams.","Small open-sided pavilion with a two-tiered thatched roof made of dried palm leaves, supported by wooden poles, sheltering a white stone statue of a standing figure amidst a dense bamboo grove.","D:\caption_project\vietnam_architecture\Chùa_Huệ_Nghiêm_năm_2022,_trúc_viên_(Quan_Âm_các,_mái_tranh)_(15)_127261676.png","/Users/jenfnguyen/Documents/Dev/KIS-AAI-DM-Master/data/caption_project/vietnam_architecture/Chùa_Huệ_Nghiêm_năm_2022,_trúc_viên_(Quan_Âm_các,_mái_tranh)_(15)_127261676.png"
"Chùa_Huệ_Nghiêm_năm_2022_(khu_nội_viện,_cổng_tam_quan)_(21)_127034214.png",0.7786,manual,False,,pagoda/temple,"A traditional wooden gate with curved orange tiled roofs and dark brown pillars stands surrounded by green trees, featuring a large sign with golden characters above the entrance and stacks of cardboard boxes on the ground.","A wooden gate of a temple features curved tiled roofs with decorative finials. Dark brown pillars support the structure, which displays gold Chinese characters on horizontal wooden plaques above the entrance.","D:\caption_project\vietnam_architecture\Chùa_Huệ_Nghiêm_năm_2022_(khu_nội_viện,_cổng_tam_quan)_(21)_127034214.png","/Users/jenfnguyen/Documents/Dev/KIS-AAI-DM-Master/data/caption_project/vietnam_architecture/Chùa_Huệ_Nghiêm_năm_2022_(khu_nội_viện,_cổng_tam_quan)_(21)_127034214.png"
"Chùa_Huệ_Nghiêm_năm_2022_(khu_nội_viện,_bảng_hiệu_chánh_điện)_(13)_126510709.png",0.779,manual,False,pagoda/temple,pagoda/temple,A traditional wooden gate of a Vietnamese pagoda with intricate carvings and vertical slats on its doors. A large wooden sign above the entrance displays prominent golden Chinese characters.,Wooden gate of a temple featuring a tiled roof and a central horizontal plaque with gold Chinese characters. A small golden statue sits in a recessed alcove above the wooden doors.,"D:\caption_project\vietnam_architecture\Chùa_Huệ_Nghiêm_năm_2022_(khu_nội_viện,_bảng_hiệu_chánh_điện)_(13)_126510709.png","/Users/jenfnguyen/Documents/Dev/KIS-AAI-DM-Master/data/caption_project/vietnam_architecture/Chùa_Huệ_Nghiêm_năm_2022_(khu_nội_viện,_bảng_hiệu_chánh_điện)_(13)_126510709.png"
"Chùa_Huệ_Nghiêm_năm_2022_(khu_nội_viện,_bảng_hiệu_chánh_điện)_(12)_126510708.png",0.7796,manual,False,statue,pagoda/temple,A wooden gate features a large sign with Chinese characters above double doors composed of vertical wooden elements. A statue is visible on a shelf above the sign.,"Wooden gate of a temple featuring dark timber beams, a tiled roof, and a horizontal wooden plaque with gold Chinese characters. A small golden statue sits in the space above the gate.","D:\caption_project\vietnam_architecture\Chùa_Huệ_Nghiêm_năm_2022_(khu_nội_viện,_bảng_hiệu_chánh_điện)_(12)_126510708.png","/Users/jenfnguyen/Documents/Dev/KIS-AAI-DM-Master/data/caption_project/vietnam_architecture/Chùa_Huệ_Nghiêm_năm_2022_(khu_nội_viện,_bảng_hiệu_chánh_điện)_(12)_126510708.png"
An_Dinh_Palace_-_Cung_An_Định_(2024)_-_front_facade_-_img_01_151201453.png,0.7797,manual,False,,,A large yellow colonial building with ornate white architectural details and dark brown shutters. A gravel courtyard is visible in front of the structure.,"Colonial building with yellow walls and white decorative moldings features arched doorways, wooden shutters, and a stone staircase. A man stands on the gravel ground in front of the structure.",D:\caption_project\vietnam_architecture\An_Dinh_Palace_-_Cung_An_Định_(2024)_-_front_facade_-_img_01_151201453.png,/Users/jenfnguyen/Documents/Dev/KIS-AAI-DM-Master/data/caption_project/vietnam_architecture/An_Dinh_Palace_-_Cung_An_Định_(2024)_-_front_facade_-_img_01_151201453.png
Bao_tang_Dak_Lak_3_11560815.png,0.78,manual,False,,,"Interior of a museum hall with polished dark floors and white walls, displaying traditional Vietnamese clothing inside tall glass cases lined along both sides.","Interior of a museum gallery featuring white walls, a dark wooden floor, and several glass display cases containing traditional clothing. Ceiling fans and fluorescent lights are mounted on the plain white ceiling.",D:\caption_project\vietnam_architecture\Bao_tang_Dak_Lak_3_11560815.png,/Users/jenfnguyen/Documents/Dev/KIS-AAI-DM-Master/data/caption_project/vietnam_architecture/Bao_tang_Dak_Lak_3_11560815.png
Chùa_Giác_Tánh_(Cổng_chùa)_(11)_119454409.png,0.78,manual,False,pagoda/temple,pagoda/temple,"A traditional Vietnamese Buddhist temple entrance with a green tiled roof and ornate golden decorations. A large black sign displays 'CHÙA GIÁC TÂN' in gold letters, while colorful flags hang under the covered walkway.","A pagoda entrance gate features a dark wooden sign with gold lettering, topped with green tiled roof sections. The gate opens into a courtyard with tables, chairs, and colorful hanging prayer flags.",D:\caption_project\vietnam_architecture\Chùa_Giác_Tánh_(Cổng_chùa)_(11)_119454409.png,/Users/jenfnguyen/Documents/Dev/KIS-AAI-DM-Master/data/caption_project/vietnam_architecture/Chùa_Giác_Tánh_(Cổng_chùa)_(11)_119454409.png
"Chùa_Hòa_Bình_quận_10_(cổng_chùa,_bảng_ghi_số_nhà)_(3)_119455201.png",0.78,manual,False,pagoda/temple,pagoda/temple,Entrance gate to Chua Hoa Binh temple with a blue sign displaying yellow lettering and address details. Vertical Chinese characters adorn the white pillar beside an arched doorway.,"Pagoda entrance featuring a grey wall with a blue sign reading CHÙA HÒA BÌNH, a tall pillar with vertical Chinese characters, and a small roof section covered with orange clay tiles.","D:\caption_project\vietnam_architecture\Chùa_Hòa_Bình_quận_10_(cổng_chùa,_bảng_ghi_số_nhà)_(3)_119455201.png","/Users/jenfnguyen/Documents/Dev/KIS-AAI-DM-Master/data/caption_project/vietnam_architecture/Chùa_Hòa_Bình_quận_10_(cổng_chùa,_bảng_ghi_số_nhà)_(3)_119455201.png"
Bright_night_(22505388068)_105289069.png,0.7802,manual,False,,pagoda/temple,"A traditional Vietnamese pavilion with curved tiled roofs stands on a lake at night, illuminated by bright spotlights that cast colorful reflections across the calm water surface.","Small multi-story stone pagoda structure illuminated at night, situated on a small island in the middle of a lake. Bright spotlights shine upward from the structure, reflecting onto the water surface.",D:\caption_project\vietnam_architecture\Bright_night_(22505388068)_105289069.png,/Users/jenfnguyen/Documents/Dev/KIS-AAI-DM-Master/data/caption_project/vietnam_architecture/Bright_night_(22505388068)_105289069.png
Chùa_Giác_Tánh_(Cổng_chùa)_(10)_119454410.png,0.7805,manual,False,pagoda/temple,pagoda/temple,The entrance gate of a temple features colorful flags and a sign reading GIAO Hoi PHAT CHUA G with an address. People are visible inside the courtyard area under hanging lanterns.,"Pagoda entrance gate featuring a dark wooden pillar with gold-painted carvings and a multi-colored traditional flag. A large informational poster with illustrations is attached to the side, while prayer flags hang above the courtyard.",D:\caption_project\vietnam_architecture\Chùa_Giác_Tánh_(Cổng_chùa)_(10)_119454410.png,/Users/jenfnguyen/Documents/Dev/KIS-AAI-DM-Master/data/caption_project/vietnam_architecture/Chùa_Giác_Tánh_(Cổng_chùa)_(10)_119454410.png
"Ancient_Tomb_Complex_in_Phước_Vĩnh_Đông_Commune,_Cần_Giuộc,_Việt_Nam_(40)_198204722.png",0.7807,manual,False,tomb,tomb,Rows of weathered gray stone grave markers stand in overgrown green grass within a cemetery.,"Stone tomb markers with tiered, square-based finials arranged in a row amidst tall green grass. The weathered gray stone structures feature pointed, carved tops and are situated in an outdoor cemetery setting.","D:\caption_project\vietnam_architecture\Ancient_Tomb_Complex_in_Phước_Vĩnh_Đông_Commune,_Cần_Giuộc,_Việt_Nam_(40)_198204722.png","/Users/jenfnguyen/Documents/Dev/KIS-AAI-DM-Master/data/caption_project/vietnam_architecture/Ancient_Tomb_Complex_in_Phước_Vĩnh_Đông_Commune,_Cần_Giuộc,_Việt_Nam_(40)_198204722.png"
Bến_Hội_An_10722958.png,0.781,manual,False,house,house,"Several wooden boats are moored on a calm river with green algae near the surface. In the background, traditional shophouses with dark tiled roofs line the bank, their warm lights reflecting in the water.","Row of yellow and brown shophouses with dark tiled roofs lines the riverbank, while several wooden boats float in the water. The buildings feature multiple stories and are illuminated by warm lights.",D:\caption_project\vietnam_architecture\Bến_Hội_An_10722958.png,/Users/jenfnguyen/Documents/Dev/KIS-AAI-DM-Master/data/caption_project/vietnam_architecture/Bến_Hội_An_10722958.png
"0040323_Thap_Doi_Cham_Hindu_complex,_Quy_Nhon,_Binh_Dinh_Vietnam_050_132483191.png",0.7813,manual,False,,,A weathered brick tower with a damaged roof stands in a manicured green lawn under a clear blue sky. Tall palm trees and other vegetation surround the reddish-brown structure.,"Tall brick tower structure with a weathered, textured surface and arched decorative niches stands in a grassy courtyard. Palm trees surround the building, which is set against a clear blue sky.","D:\caption_project\vietnam_architecture\0040323_Thap_Doi_Cham_Hindu_complex,_Quy_Nhon,_Binh_Dinh_Vietnam_050_132483191.png","/Users/jenfnguyen/Documents/Dev/KIS-AAI-DM-Master/data/caption_project/vietnam_architecture/0040323_Thap_Doi_Cham_Hindu_complex,_Quy_Nhon,_Binh_Dinh_Vietnam_050_132483191.png"
At_Hue_Citadel5_18647024.png,0.7814,manual,False,pagoda/temple,statue,A detailed view of a traditional Vietnamese temple roof ridge featuring ornate ceramic sculptures of dragons and mythical creatures against a clear blue sky.,"Roof ridge detail of a structure featuring a central dragon head sculpture with an open mouth, flanked by ornate ceramic phoenix and floral motifs on curved roof ends with brown tiles.",D:\caption_project\vietnam_architecture\At_Hue_Citadel5_18647024.png,/Users/jenfnguyen/Documents/Dev/KIS-AAI-DM-Master/data/caption_project/vietnam_architecture/At_Hue_Citadel5_18647024.png
Bamboo_pipe_at_Vân_Anh_Iced_Tea_18-10-2025_178565581.png,0.7815,manual,False,,,"Blue and purple plastic tables and stools are arranged on interlocking pavers at an outdoor seating area under a large tree, with motorbikes parked in the background.",Outdoor seating area on a paved sidewalk featuring blue plastic tables and small stools arranged under a tree. A bamboo water pipe stands upright on the ground near the tables.,D:\caption_project\vietnam_architecture\Bamboo_pipe_at_Vân_Anh_Iced_Tea_18-10-2025_178565581.png,/Users/jenfnguyen/Documents/Dev/KIS-AAI-DM-Master/data/caption_project/vietnam_architecture/Bamboo_pipe_at_Vân_Anh_Iced_Tea_18-10-2025_178565581.png
"Chùa_Huệ_Nghiêm_năm_2022_(khu_nội_viện,_cổng_tam_quan)_(27)_127034228.png",0.7818,manual,False,,pagoda/temple,"A traditional wooden gate with curved red-tiled roofs and upturned eaves, featuring golden Chinese characters on dark panels, surrounded by green trees.","Wooden temple gate with dark brown pillars and orange tiled roofs featuring curved eaves. Gold Chinese characters are inscribed on the central wooden panels, while stacks of cardboard boxes sit on the ground.","D:\caption_project\vietnam_architecture\Chùa_Huệ_Nghiêm_năm_2022_(khu_nội_viện,_cổng_tam_quan)_(27)_127034228.png","/Users/jenfnguyen/Documents/Dev/KIS-AAI-DM-Master/data/caption_project/vietnam_architecture/Chùa_Huệ_Nghiêm_năm_2022_(khu_nội_viện,_cổng_tam_quan)_(27)_127034228.png"
"Chùa_Huệ_Nghiêm_năm_2022,_trúc_viên_(rừng_trúc)_(11)_127262742.png",0.782,manual,False,,,"A dense grove of tall green bamboo stalks rises vertically, filling the frame with their segmented stems and leafy canopy. The ground below is covered in dry leaves and scattered potted plants.",Bamboo stalks grow in a dense cluster in front of a yellow building with a tiled roof. The ground is covered with fallen leaves and several potted plants are placed near the base.,"D:\caption_project\vietnam_architecture\Chùa_Huệ_Nghiêm_năm_2022,_trúc_viên_(rừng_trúc)_(11)_127262742.png","/Users/jenfnguyen/Documents/Dev/KIS-AAI-DM-Master/data/caption_project/vietnam_architecture/Chùa_Huệ_Nghiêm_năm_2022,_trúc_viên_(rừng_trúc)_(11)_127262742.png"
Chùa_Giác_Sanh_năm_2022_(họa_tiết_bàn_thờ_Phật_trong_chánh_điện)_(9)_126961756.png,0.7826,manual,False,,,"A detailed close-up of ornate gold relief carvings on a dark surface, featuring intricate floral motifs and swirling vine patterns typical of traditional Vietnamese architectural decoration.","Intricate wood carving detail featuring a central lotus flower motif surrounded by swirling floral patterns. The relief is painted in gold against a dark purple background, showcasing traditional decorative craftsmanship.",D:\caption_project\vietnam_architecture\Chùa_Giác_Sanh_năm_2022_(họa_tiết_bàn_thờ_Phật_trong_chánh_điện)_(9)_126961756.png,/Users/jenfnguyen/Documents/Dev/KIS-AAI-DM-Master/data/caption_project/vietnam_architecture/Chùa_Giác_Sanh_năm_2022_(họa_tiết_bàn_thờ_Phật_trong_chánh_điện)_(9)_126961756.png
Burger_King_in_Hanoi_88544868.png,0.7826,manual,False,,,"A weathered colonial-style building facade with ornate white columns and an arched balcony supports a Burger King sign. Below, a red brick storefront displays a large Burger King banner and neon signs for Vietnamese food.","Colonial building featuring a second-story balcony with white columns and a balustrade, currently housing a fast food restaurant with prominent signage and red banners on the ground floor facade.",D:\caption_project\vietnam_architecture\Burger_King_in_Hanoi_88544868.png,/Users/jenfnguyen/Documents/Dev/KIS-AAI-DM-Master/data/caption_project/vietnam_architecture/Burger_King_in_Hanoi_88544868.png
Annam._Sur_la_route_mandarine._Tours_chams_au_n(ord)_de_Phan-rang_-_(photogr.)_A._S(alles)_-_btv1b53172352f_(3_of_3)_162502029.png,0.7828,manual,False,,pagoda/temple,"Aged beige paper with handwritten French text including ""Annam"", ""Sur la route Mandarins"", ""Tours Chams au N. de Phan-rang"", the date ""29 Avril 1898"", and ""pour Mitterrand"".","Handwritten text in French on a piece of paper, providing details about a location and date. The document includes the date 29 Avril 1898 and mentions Cham towers.",D:\caption_project\vietnam_architecture\Annam._Sur_la_route_mandarine._Tours_chams_au_n(ord)_de_Phan-rang_-_(photogr.)_A._S(alles)_-_btv1b53172352f_(3_of_3)_162502029.png,/Users/jenfnguyen/Documents/Dev/KIS-AAI-DM-Master/data/caption_project/vietnam_architecture/Annam._Sur_la_route_mandarine._Tours_chams_au_n(ord)_de_Phan-rang_-_(photogr.)_A._S(alles)_-_btv1b53172352f_(3_of_3)_162502029.png
"Chùa_Huệ_Nghiêm_năm_2022_(khu_nội_viện,_cổng_tam_quan)_(18)_127034211.png",0.7828,manual,False,,pagoda/temple,"A dark wooden gate with curved orange tiled roofs and upturned eaves stands at an entrance. Stacks of cardboard boxes are piled on the ground in front of the pillars, surrounded by green trees.","A wooden temple gate features dark brown pillars, curved tiled roofs with decorative ridge ends, and golden Chinese characters on horizontal plaques. Stacks of cardboard boxes sit on the ground in front of the gate.","D:\caption_project\vietnam_architecture\Chùa_Huệ_Nghiêm_năm_2022_(khu_nội_viện,_cổng_tam_quan)_(18)_127034211.png","/Users/jenfnguyen/Documents/Dev/KIS-AAI-DM-Master/data/caption_project/vietnam_architecture/Chùa_Huệ_Nghiêm_năm_2022_(khu_nội_viện,_cổng_tam_quan)_(18)_127034211.png"
"Chùa_Huệ_Nghiêm_năm_2022_(khu_nội_viện,_cổng_tam_quan)_(19)_127034215.png",0.7831,manual,False,,pagoda/temple,"A traditional wooden gate with a curved tiled roof and ornate ridge decorations. Stacks of cardboard boxes sit on the ground in front of the structure, surrounded by green trees.","Wooden temple gate featuring a multi-tiered roof with curved eaves and orange tiles. The dark wood structure displays gold Chinese characters on horizontal plaques, with stacks of cardboard boxes placed on the ground nearby.","D:\caption_project\vietnam_architecture\Chùa_Huệ_Nghiêm_năm_2022_(khu_nội_viện,_cổng_tam_quan)_(19)_127034215.png","/Users/jenfnguyen/Documents/Dev/KIS-AAI-DM-Master/data/caption_project/vietnam_architecture/Chùa_Huệ_Nghiêm_năm_2022_(khu_nội_viện,_cổng_tam_quan)_(19)_127034215.png"
"Cemetery_in_Tứ_Liên,_Hanoi,_10_March_2019_77558487.png",0.7832,manual,False,tomb,tomb,"Rows of tombstones with numbered markers stand close together in a cemetery. Some are made of red and grey stone, others are plain concrete.","Rows of uniform, hexagonal-shaped tombs constructed from dark red and black polished stone tiles fill a cemetery. Each tomb is marked with a white painted number, set against a backdrop of urban buildings.","D:\caption_project\vietnam_architecture\Cemetery_in_Tứ_Liên,_Hanoi,_10_March_2019_77558487.png","/Users/jenfnguyen/Documents/Dev/KIS-AAI-DM-Master/data/caption_project/vietnam_architecture/Cemetery_in_Tứ_Liên,_Hanoi,_10_March_2019_77558487.png"
"Chùa_Huệ_Nghiêm_năm_2022_(kiến_trúc_nội_điện,_hành_lang_lầu)_(10)_127288086.png",0.7833,manual,False,,,"A covered corridor with a polished terracotta floor reflecting dark wooden pillars and railings. The roof features traditional curved tiles and hanging lanterns, while green trees are visible outside.","Covered corridor of a building featuring red polished stone floors, wooden pillars, and a wooden railing with geometric patterns. Hanging lanterns illuminate the walkway, which overlooks trees through an open side.","D:\caption_project\vietnam_architecture\Chùa_Huệ_Nghiêm_năm_2022_(kiến_trúc_nội_điện,_hành_lang_lầu)_(10)_127288086.png","/Users/jenfnguyen/Documents/Dev/KIS-AAI-DM-Master/data/caption_project/vietnam_architecture/Chùa_Huệ_Nghiêm_năm_2022_(kiến_trúc_nội_điện,_hành_lang_lầu)_(10)_127288086.png"
"CV_Bách_Tùng_Diệp,_ng26th8n2022_(Bồn_chậu_đá)_(3)_147340425.png",0.7834,manual,False,,,A large terracotta urn with lotus petal detailing on a rectangular stone pedestal stands beside a patterned sidewalk next to green hedges and trees.,"Terracotta lotus-shaped pedestal featuring intricate relief carvings of figures and animals, standing on a rectangular stone base in a public park area with paved walkways and surrounding greenery.","D:\caption_project\vietnam_architecture\CV_Bách_Tùng_Diệp,_ng26th8n2022_(Bồn_chậu_đá)_(3)_147340425.png","/Users/jenfnguyen/Documents/Dev/KIS-AAI-DM-Master/data/caption_project/vietnam_architecture/CV_Bách_Tùng_Diệp,_ng26th8n2022_(Bồn_chậu_đá)_(3)_147340425.png"
Chùa_Bảo_Đàm_năm_2022_(cổng_chính_và_cây_cảnh)_(1)_114398975.png,0.7837,manual,False,,,"An ornate gate structure with a curved roof and decorative ridges stands at the entrance of a property. The facade is painted white and grey with intricate carvings, flanked by potted palm plants on a paved walkway.",A concrete gate with curved roof edges and intricate grey carvings stands over a metal fence. Potted plants line the stone-paved walkway in front of the structure under a clear blue sky.,D:\caption_project\vietnam_architecture\Chùa_Bảo_Đàm_năm_2022_(cổng_chính_và_cây_cảnh)_(1)_114398975.png,/Users/jenfnguyen/Documents/Dev/KIS-AAI-DM-Master/data/caption_project/vietnam_architecture/Chùa_Bảo_Đàm_năm_2022_(cổng_chính_và_cây_cảnh)_(1)_114398975.png
Bac_Ha_Dinh_vua_meo_93307806.png,0.7838,manual,False,,,"A three-story colonial-style building with a cream and red facade, featuring numerous arched windows and doorways on multiple levels. The structure includes decorative columns, tiled roof ridges, and an enclosed courtyard.","Colonial building featuring a two-story facade with arched openings, fluted columns, and decorative balustrades. The structure is painted in yellow and red, with a central pediment displaying the year 1924.",D:\caption_project\vietnam_architecture\Bac_Ha_Dinh_vua_meo_93307806.png,/Users/jenfnguyen/Documents/Dev/KIS-AAI-DM-Master/data/caption_project/vietnam_architecture/Bac_Ha_Dinh_vua_meo_93307806.png
20260120_Model_of_the_Nam_Việt_gable-topped_tomb_182133638.png,0.7839,manual,False,,,A wooden architectural model of a traditional Vietnamese roof structure sits on a bed of sand inside a sheltered display area with a metal roof.,"Wooden model of a structure with a sloped roof and a smaller rectangular base, displayed on a gravel surface under a metal canopy. A small sign with text sits next to the model.",D:\caption_project\vietnam_architecture\20260120_Model_of_the_Nam_Việt_gable-topped_tomb_182133638.png,/Users/jenfnguyen/Documents/Dev/KIS-AAI-DM-Master/data/caption_project/vietnam_architecture/20260120_Model_of_the_Nam_Việt_gable-topped_tomb_182133638.png
"2013-07-15_Minh_Toan_Hotel_Hanoi,Vietnam_DSCF8675_46951012.png",0.7841,manual,False,,,"An indoor water feature with large rocks and pebble edging sits beneath a white staircase with metal railings, next to a brick wall and a seating area.",Interior space featuring a small indoor water feature with natural rocks placed under a curved staircase. The staircase has stainless steel railings and is situated next to a wall with textured stone tiles.,"D:\caption_project\vietnam_architecture\2013-07-15_Minh_Toan_Hotel_Hanoi,Vietnam_DSCF8675_46951012.png","/Users/jenfnguyen/Documents/Dev/KIS-AAI-DM-Master/data/caption_project/vietnam_architecture/2013-07-15_Minh_Toan_Hotel_Hanoi,Vietnam_DSCF8675_46951012.png"
BahnarRong_1624917.png,0.7847,manual,True,house,pagoda/temple,"A traditional stilt house with a massive steep thatched roof made of dried grass, bamboo walls, and wooden stilts on a dirt ground with trees in the background.","Communal house with a tall, steeply curved thatched roof and woven bamboo walls, elevated on wooden stilts. The structure is situated in an open area with trees in the background.",D:\caption_project\vietnam_architecture\BahnarRong_1624917.png,/Users/jenfnguyen/Documents/Dev/KIS-AAI-DM-Master/data/caption_project/vietnam_architecture/BahnarRong_1624917.png
"Chùa_Giác_Lâm,_tháng_01_năm_2022_(cổng_chùa)_(7)_115832709.png",0.7848,manual,False,pagoda/temple,pagoda/temple,An orange pagoda gate with green tiled roof and golden dragon decorations stands before a tall yellow pagoda tower under a blue sky. Decorative flags hang above the entrance to the temple grounds.,"A multi-story yellow pagoda stands behind a gate with green tiled roofs and orange pillars. The scene includes large decorative pots containing small trees, and strings of small flags hang overhead.","D:\caption_project\vietnam_architecture\Chùa_Giác_Lâm,_tháng_01_năm_2022_(cổng_chùa)_(7)_115832709.png","/Users/jenfnguyen/Documents/Dev/KIS-AAI-DM-Master/data/caption_project/vietnam_architecture/Chùa_Giác_Lâm,_tháng_01_năm_2022_(cổng_chùa)_(7)_115832709.png"
Budhismaj_statuoj_en_nefinita_parto_de_pagodo_Linh_Phước_(Dalato)_02_98821880.png,0.785,manual,False,statue,statue,A row of golden statues stands inside a hall with elaborately painted columns and a decorated ceiling featuring dragons.,"A row of golden standing statues is positioned under a roof structure decorated with colorful ceramic mosaics and dragon motifs. The supporting pillars are also covered in intricate, multi-colored tile patterns.",D:\caption_project\vietnam_architecture\Budhismaj_statuoj_en_nefinita_parto_de_pagodo_Linh_Phước_(Dalato)_02_98821880.png,/Users/jenfnguyen/Documents/Dev/KIS-AAI-DM-Master/data/caption_project/vietnam_architecture/Budhismaj_statuoj_en_nefinita_parto_de_pagodo_Linh_Phước_(Dalato)_02_98821880.png
"Chùa_Huệ_Nghiêm_năm_2022_(khu_nội_viện,_bảng_hiệu_chánh_điện)_(8)_126510703.png",0.7851,manual,False,pagoda/temple,statue,"A wooden pagoda facade features a golden statue of a deity within an upper balcony, above a large sign with three large yellow Chinese characters and smaller text on either side.",Golden statue of a deity positioned in a recessed wooden alcove above a large horizontal wooden plaque with yellow Chinese characters. The structure features dark brown wooden beams and a tiled roof.,"D:\caption_project\vietnam_architecture\Chùa_Huệ_Nghiêm_năm_2022_(khu_nội_viện,_bảng_hiệu_chánh_điện)_(8)_126510703.png","/Users/jenfnguyen/Documents/Dev/KIS-AAI-DM-Master/data/caption_project/vietnam_architecture/Chùa_Huệ_Nghiêm_năm_2022_(khu_nội_viện,_bảng_hiệu_chánh_điện)_(8)_126510703.png"
Chùa_Diệu_Pháp_(mái_trần_Chánh_điện)_(2)_127033088.png,0.7852,manual,False,,,"An interior wooden ceiling with intricate carved floral and geometric panels. Recessed lights are embedded in the beams, highlighting the rich brown tones of the woodwork.",Wooden ceiling featuring intricate floral carvings and a central octagonal panel with relief designs. The structure incorporates recessed circular lighting and geometric border patterns on a polished brown wood surface.,D:\caption_project\vietnam_architecture\Chùa_Diệu_Pháp_(mái_trần_Chánh_điện)_(2)_127033088.png,/Users/jenfnguyen/Documents/Dev/KIS-AAI-DM-Master/data/caption_project/vietnam_architecture/Chùa_Diệu_Pháp_(mái_trần_Chánh_điện)_(2)_127033088.png
2017_11_19_102230_Vietnam_SaPa_Museum_SaPa_chuch_1986_65362452.png,0.7854,manual,False,church,church,"A black and white photograph of a church with a pointed roof and arched windows, surrounded by tall trees and set against a backdrop of mountains.","Church building featuring a tall bell tower with a cross on top, situated in a mountainous landscape with tall trees. The structure has arched doorways and windows, surrounded by dense vegetation.",D:\caption_project\vietnam_architecture\2017_11_19_102230_Vietnam_SaPa_Museum_SaPa_chuch_1986_65362452.png,/Users/jenfnguyen/Documents/Dev/KIS-AAI-DM-Master/data/caption_project/vietnam_architecture/2017_11_19_102230_Vietnam_SaPa_Museum_SaPa_chuch_1986_65362452.png
"Chùa_Giác_Sanh_năm_2022_(kiến_trúc_chánh_điện_trên_lầu,_hoành_phi,_nhìn_thẳng)_(2)_126984479.png",0.7858,manual,False,pagoda/temple,pagoda/temple,"Interior of a Vietnamese temple entrance featuring large wooden doors, an altar with offerings, and decorative elements.","Interior of a temple featuring a yellow wall with a large gold-painted relief carving, dark wooden doors with lattice patterns, and an altar decorated with flowers and brass candle holders.","D:\caption_project\vietnam_architecture\Chùa_Giác_Sanh_năm_2022_(kiến_trúc_chánh_điện_trên_lầu,_hoành_phi,_nhìn_thẳng)_(2)_126984479.png","/Users/jenfnguyen/Documents/Dev/KIS-AAI-DM-Master/data/caption_project/vietnam_architecture/Chùa_Giác_Sanh_năm_2022_(kiến_trúc_chánh_điện_trên_lầu,_hoành_phi,_nhìn_thẳng)_(2)_126984479.png"
04309-Hanoi_(32317550906)_111460975.png,0.7861,manual,False,tomb,tomb,"A large mausoleum made of grey stone with a flat roof and tall columns, featuring the inscription CHU TICH HO-CHI-MINH above the entrance, flanked by two uniformed guards standing before rows of yellow flowers.","Mausoleum structure featuring a flat roof and grey stone facade with vertical columns. Two guards stand at the central entrance, flanked by rows of floral wreaths on a paved plaza.",D:\caption_project\vietnam_architecture\04309-Hanoi_(32317550906)_111460975.png,/Users/jenfnguyen/Documents/Dev/KIS-AAI-DM-Master/data/caption_project/vietnam_architecture/04309-Hanoi_(32317550906)_111460975.png
Barbed_wire_encloses_the_security_compound_discipline_barracks_148772483.png,0.7863,manual,False,,,"Rows of barbed wire coils stretch along a perimeter fence with wooden posts and concrete pillars, surrounding a sandy ground.",Barbed wire coils and wooden posts form a perimeter fence line. The structure includes vertical timber supports and a small wooden guard shelter visible on the right side of the frame.,D:\caption_project\vietnam_architecture\Barbed_wire_encloses_the_security_compound_discipline_barracks_148772483.png,/Users/jenfnguyen/Documents/Dev/KIS-AAI-DM-Master/data/caption_project/vietnam_architecture/Barbed_wire_encloses_the_security_compound_discipline_barracks_148772483.png
Beboidienxieccaheo_89259557.png,0.7863,manual,False,bridge,bridge,An indoor swimming pool with turquoise water under a large arched metal roof structure. The walls feature a mural of an underwater scene with fish and a bridge.,"Indoor pool facility featuring a large curved metal truss roof structure. The walls are decorated with a mural of a coastal landscape, and a small metal pedestrian bridge spans the edge of the pool.",D:\caption_project\vietnam_architecture\Beboidienxieccaheo_89259557.png,/Users/jenfnguyen/Documents/Dev/KIS-AAI-DM-Master/data/caption_project/vietnam_architecture/Beboidienxieccaheo_89259557.png
Chùa_Diệu_Pháp_(Cổng_mái)_(18)_126873654.png,0.7867,manual,False,,,A traditional Vietnamese gate with a curved green-tiled roof and dark wooden pillars stands at the end of a pebble-strewn path. A person walks through the entrance into a courtyard area.,Traditional gate with a tiered green tiled roof and dark wooden pillars stands over a cobblestone path. A green metal frame with hanging plants and yellow lanterns lines the walkway entrance.,D:\caption_project\vietnam_architecture\Chùa_Diệu_Pháp_(Cổng_mái)_(18)_126873654.png,/Users/jenfnguyen/Documents/Dev/KIS-AAI-DM-Master/data/caption_project/vietnam_architecture/Chùa_Diệu_Pháp_(Cổng_mái)_(18)_126873654.png
Afternoon_in_Hanoi_163236007.png,0.7869,manual,False,,,An interior room with sheer white curtains covering a large window. A grandfather clock stands against the wall next to exercise equipment and a television set.,Interior living space featuring large floor-to-ceiling glass doors covered by translucent white curtains. A tall wooden grandfather clock stands in the corner near a stationary exercise bike and a glass coffee table.,D:\caption_project\vietnam_architecture\Afternoon_in_Hanoi_163236007.png,/Users/jenfnguyen/Documents/Dev/KIS-AAI-DM-Master/data/caption_project/vietnam_architecture/Afternoon_in_Hanoi_163236007.png
"Bảo_tàng_Mỹ_thuật_Tp_(Kiến_trúc_tòa_nhà_vàng,_cận_cảnh,_hồ_nước_nhỏ)_(3)_124506722.png",0.787,manual,False,,statue,A yellow stucco building with white trim and a decorative circular wall relief stands behind a rectangular water fountain with multiple jets. The fountain is surrounded by dense green shrubs.,"A yellow concrete wall with a circular decorative relief sits behind a small fountain. The fountain features multiple water jets, green shrubs, and a stone sculpture on a pedestal.","D:\caption_project\vietnam_architecture\Bảo_tàng_Mỹ_thuật_Tp_(Kiến_trúc_tòa_nhà_vàng,_cận_cảnh,_hồ_nước_nhỏ)_(3)_124506722.png","/Users/jenfnguyen/Documents/Dev/KIS-AAI-DM-Master/data/caption_project/vietnam_architecture/Bảo_tàng_Mỹ_thuật_Tp_(Kiến_trúc_tòa_nhà_vàng,_cận_cảnh,_hồ_nước_nhỏ)_(3)_124506722.png"
Canh_13_1655912.png,0.787,manual,False,pagoda/temple,pagoda/temple,"A yellow and white pagoda facade with arched doorways, ornate roof ridges, and decorative statues along the base under a sky strung with triangular flags.","Yellow temple facade featuring arched doorways and white pillars decorated with small colorful tiles. Stone lion sculptures sit at the base of each pillar, and strings of triangular flags hang overhead.",D:\caption_project\vietnam_architecture\Canh_13_1655912.png,/Users/jenfnguyen/Documents/Dev/KIS-AAI-DM-Master/data/caption_project/vietnam_architecture/Canh_13_1655912.png
"Chùa_Huệ_Nghiêm_năm_2022,_trúc_viên_(Quan_Âm_các,_mái_tranh)_(4)_127261661.png",0.7877,manual,False,statue,statue,"A wooden shelter with a thatched roof stands among bamboo trees, housing a white statue of a deity surrounded by flower offerings and small tables.",A white stone statue of a deity stands under a circular bamboo pavilion with a thatched roof. The structure is set on a stone-faced platform surrounded by bamboo stalks and yellow flowers.,"D:\caption_project\vietnam_architecture\Chùa_Huệ_Nghiêm_năm_2022,_trúc_viên_(Quan_Âm_các,_mái_tranh)_(4)_127261661.png","/Users/jenfnguyen/Documents/Dev/KIS-AAI-DM-Master/data/caption_project/vietnam_architecture/Chùa_Huệ_Nghiêm_năm_2022,_trúc_viên_(Quan_Âm_các,_mái_tranh)_(4)_127261661.png"
Chùa_Bình_An_năm_2022_(cửa_gỗ)_(1)_116394744.png,0.7877,manual,False,,statue,"A pair of tall, polished dark reddish-brown wooden doors with carved geometric panels and upper grilles, set within an interior space.","Polished dark brown wooden double doors with vertical slats and carved geometric patterns stand in an interior space. In the background, a Buddhist altar with statues and Vietnamese text is visible.",D:\caption_project\vietnam_architecture\Chùa_Bình_An_năm_2022_(cửa_gỗ)_(1)_116394744.png,/Users/jenfnguyen/Documents/Dev/KIS-AAI-DM-Master/data/caption_project/vietnam_architecture/Chùa_Bình_An_năm_2022_(cửa_gỗ)_(1)_116394744.png
"Chùa_Huệ_Nghiêm_năm_2022,_trúc_viên_(Quan_Âm_các,_mái_tranh)_(12)_127261672.png",0.7878,manual,False,statue,statue,A thatched-roof shelter with wooden posts surrounds a standing statue on a stone platform. A mosaic-topped altar and a black sign with text stand nearby in a bamboo grove.,"Small open-sided pavilion with a thatched roof supported by bamboo poles shelters a stone statue of a deity. A mosaic-tiled incense burner stands in front, surrounded by people in a bamboo grove.","D:\caption_project\vietnam_architecture\Chùa_Huệ_Nghiêm_năm_2022,_trúc_viên_(Quan_Âm_các,_mái_tranh)_(12)_127261672.png","/Users/jenfnguyen/Documents/Dev/KIS-AAI-DM-Master/data/caption_project/vietnam_architecture/Chùa_Huệ_Nghiêm_năm_2022,_trúc_viên_(Quan_Âm_các,_mái_tranh)_(12)_127261672.png"
"Ancient_Tomb_Complex_in_Phước_Vĩnh_Đông_Commune,_Cần_Giuộc,_Việt_Nam_(5)_198204642.png",0.7879,manual,False,tomb,tomb,"A cemetery with numerous weathered stone tombs and grave markers overgrown with bright green vegetation, surrounded by tall palm trees.",Multiple stone tombs with rectangular enclosures and decorative pillars stand in a grassy area. The gray stone structures feature carved details and are surrounded by dense palm trees and green vegetation.,"D:\caption_project\vietnam_architecture\Ancient_Tomb_Complex_in_Phước_Vĩnh_Đông_Commune,_Cần_Giuộc,_Việt_Nam_(5)_198204642.png","/Users/jenfnguyen/Documents/Dev/KIS-AAI-DM-Master/data/caption_project/vietnam_architecture/Ancient_Tomb_Complex_in_Phước_Vĩnh_Đông_Commune,_Cần_Giuộc,_Việt_Nam_(5)_198204642.png"
Chùa_Bảo_Đàm_năm_2022_(cổng_chùa_phía_trước_nhìn_bên)_(1)_115831986.png,0.7885,manual,False,pagoda/temple,pagoda/temple,"A traditional Vietnamese temple gate with ornate grey and white decorative elements, intricate tile work on the roof ridge, and large Chinese characters above the entrance surrounded by potted plants.",A gray concrete gate of a pagoda features intricate relief carvings and Chinese characters. The structure has a tiled roof and is partially obscured by potted plants and power lines.,D:\caption_project\vietnam_architecture\Chùa_Bảo_Đàm_năm_2022_(cổng_chùa_phía_trước_nhìn_bên)_(1)_115831986.png,/Users/jenfnguyen/Documents/Dev/KIS-AAI-DM-Master/data/caption_project/vietnam_architecture/Chùa_Bảo_Đàm_năm_2022_(cổng_chùa_phía_trước_nhìn_bên)_(1)_115831986.png
Chua_cu_(12)_100670109.png,0.7885,manual,False,statue,statue,"A golden and red multi-tiered monument featuring a central spiraling pillar topped with a Naga head sculpture. Two lion-like guardian statues flank the base of the structure, which stands on a paved surface surrounded by green trees.",Tall golden pillar with a twisted design stands on a multi-tiered rectangular base decorated with red and gold accents. Three lion-like statues are positioned at the corners of the base.,D:\caption_project\vietnam_architecture\Chua_cu_(12)_100670109.png,/Users/jenfnguyen/Documents/Dev/KIS-AAI-DM-Master/data/caption_project/vietnam_architecture/Chua_cu_(12)_100670109.png
"Ancient_Tomb_Complex_in_Phước_Vĩnh_Đông_Commune,_Cần_Giuộc,_Việt_Nam_(19)_198204676.png",0.7886,manual,False,tomb,,A weathered rectangular stone tombstone stands upright among dry brown vines and green grass in a cemetery setting.,"Stone tombstone featuring weathered gray surfaces and carved decorative patterns at the top, surrounded by dry vegetation and other stone structures in an outdoor setting.","D:\caption_project\vietnam_architecture\Ancient_Tomb_Complex_in_Phước_Vĩnh_Đông_Commune,_Cần_Giuộc,_Việt_Nam_(19)_198204676.png","/Users/jenfnguyen/Documents/Dev/KIS-AAI-DM-Master/data/caption_project/vietnam_architecture/Ancient_Tomb_Complex_in_Phước_Vĩnh_Đông_Commune,_Cần_Giuộc,_Việt_Nam_(19)_198204676.png"
"Chùa_Diệu_Pháp_(mái_trần_Chánh_điện,_họa_tiết)_(1)_127033107.png",0.7887,manual,False,pagoda/temple,,"An ornate wooden ceiling with intricate carvings of birds and floral motifs on an octagonal panel, illuminated by recessed lighting within a traditional communal house interior.","Wooden interior ceiling featuring an octagonal panel with intricate fish and floral carvings. The ceiling is constructed from polished brown timber, complemented by ornate beams and a dark altar area below.","D:\caption_project\vietnam_architecture\Chùa_Diệu_Pháp_(mái_trần_Chánh_điện,_họa_tiết)_(1)_127033107.png","/Users/jenfnguyen/Documents/Dev/KIS-AAI-DM-Master/data/caption_project/vietnam_architecture/Chùa_Diệu_Pháp_(mái_trần_Chánh_điện,_họa_tiết)_(1)_127033107.png"
Chùa_Giác_Hải_2022_(hoành_phi)_116594721.png,0.7896,manual,False,pagoda/temple,pagoda/temple,"An ornate golden archway entrance to a pagoda featuring two large dragon heads flanking the opening. The sign above reads CHUA GIAC HAT in red letters against a gold background, with intricate patterns and hanging wind chimes visible.","Ornate wooden archway inside a temple, featuring two large golden dragon heads facing each other. The structure is decorated with intricate carvings, red and gold paint, and a central wind chime.",D:\caption_project\vietnam_architecture\Chùa_Giác_Hải_2022_(hoành_phi)_116594721.png,/Users/jenfnguyen/Documents/Dev/KIS-AAI-DM-Master/data/caption_project/vietnam_architecture/Chùa_Giác_Hải_2022_(hoành_phi)_116594721.png
"0040223_My_Son_UNESCO_site_entrance,_Cham_Hindu_temples_complex,_Vietnam_132592300.png",0.7899,manual,False,,,"A red brick arched gate with a pointed roof under a blue sky. The structure features visible text including ""My Son"" and ""THE VALLEY OF DIVINITY AND ART"" in white and red lettering against the brickwork.",Pointed arch gate constructed from red bricks features a prominent logo and text. Multiple similar arched structures are aligned in a sequence against a clear blue sky and green trees.,"D:\caption_project\vietnam_architecture\0040223_My_Son_UNESCO_site_entrance,_Cham_Hindu_temples_complex,_Vietnam_132592300.png","/Users/jenfnguyen/Documents/Dev/KIS-AAI-DM-Master/data/caption_project/vietnam_architecture/0040223_My_Son_UNESCO_site_entrance,_Cham_Hindu_temples_complex,_Vietnam_132592300.png"
Beads_from_Burial_Jacket_(9966963845)_102411683.png,0.79,manual,False,,,A wooden display panel features engraved Chinese and English text explaining a traditional jade shroud with string beads knitting details.,"A wooden information plaque displays text in both Chinese and English, describing a string beads knitting jacket. The sign is mounted on a light-colored wood surface with a visible grain pattern.",D:\caption_project\vietnam_architecture\Beads_from_Burial_Jacket_(9966963845)_102411683.png,/Users/jenfnguyen/Documents/Dev/KIS-AAI-DM-Master/data/caption_project/vietnam_architecture/Beads_from_Burial_Jacket_(9966963845)_102411683.png
"Chùa_Huệ_Nghiêm_năm_2022,_trúc_viên_(Quan_Âm_các,_mái_tranh)_(6)_127261663.png",0.7902,manual,False,statue,statue,A white statue of a figure stands under a thatched bamboo shelter surrounded by tall green bamboo stalks and yellow flowers on a wooden table.,A white stone statue of a deity stands on a circular wooden platform under a hexagonal thatched roof supported by bamboo poles. Yellow flowers and offerings are placed on the platform.,"D:\caption_project\vietnam_architecture\Chùa_Huệ_Nghiêm_năm_2022,_trúc_viên_(Quan_Âm_các,_mái_tranh)_(6)_127261663.png","/Users/jenfnguyen/Documents/Dev/KIS-AAI-DM-Master/data/caption_project/vietnam_architecture/Chùa_Huệ_Nghiêm_năm_2022,_trúc_viên_(Quan_Âm_các,_mái_tranh)_(6)_127261663.png"
Binh_Tay_market_12_134444616.png,0.7902,manual,False,,,"A close-up of a curved red tiled roof with metal ventilation domes, adjacent to a weathered corrugated metal section and traditional tiles. Urban buildings with varied facades rise in the background under a partly cloudy sky.",Long arched roof covered in red corrugated metal sheets features a row of silver metal wind turbines. Adjacent buildings with flat roofs and urban structures are visible in the background under a cloudy sky.,D:\caption_project\vietnam_architecture\Binh_Tay_market_12_134444616.png,/Users/jenfnguyen/Documents/Dev/KIS-AAI-DM-Master/data/caption_project/vietnam_architecture/Binh_Tay_market_12_134444616.png
Balloons_over_Hoan_Kiem_lake_3096583.png,0.7907,manual,False,pagoda/temple,pagoda/temple,"A stone pagoda with a multi-tiered roof stands on an island in a calm lake, surrounded by trees and buildings. Several colorful kites fly above the water against a hazy sky.",Small stone pagoda tower stands on a tiny island in the middle of a lake. Several colorful spherical balloons with long red ribbons float in the sky above the water and surrounding trees.,D:\caption_project\vietnam_architecture\Balloons_over_Hoan_Kiem_lake_3096583.png,/Users/jenfnguyen/Documents/Dev/KIS-AAI-DM-Master/data/caption_project/vietnam_architecture/Balloons_over_Hoan_Kiem_lake_3096583.png
"Cao_Dai_Holy_See,_main_entrance_6215455.png",0.7915,manual,False,,statue,A cream-colored ceremonial gate with a curved roof topped by two colorful ceramic dragons and a golden sphere. The entrance displays a sign reading DAI DAO AM KY PHO DO and leads through blue metal gates toward a distant tower.,"Large gate structure featuring a yellow facade, a blue sign with text, and two colorful dragon sculptures on the roof. A blue metal gate stands in the center, leading to a distant tower.","D:\caption_project\vietnam_architecture\Cao_Dai_Holy_See,_main_entrance_6215455.png","/Users/jenfnguyen/Documents/Dev/KIS-AAI-DM-Master/data/caption_project/vietnam_architecture/Cao_Dai_Holy_See,_main_entrance_6215455.png"
Chùa_Giác_Sanh_năm_2022_(chính_điện)_(5)_126992265.png,0.7919,manual,False,pagoda/temple,pagoda/temple,"A yellow temple facade with red pillars and golden dragon statues flanking the entrance, decorated with red lanterns and a banner reading Mừng Xuân Đì Lặc above the doorway.","Pagoda entrance featuring two prominent pillars wrapped in golden dragon sculptures, a wide yellow banner with text, and a curved staircase leading to the main doorway decorated with red lanterns and potted plants.",D:\caption_project\vietnam_architecture\Chùa_Giác_Sanh_năm_2022_(chính_điện)_(5)_126992265.png,/Users/jenfnguyen/Documents/Dev/KIS-AAI-DM-Master/data/caption_project/vietnam_architecture/Chùa_Giác_Sanh_năm_2022_(chính_điện)_(5)_126992265.png
"Chùa_Huệ_Nghiêm_năm_2022,_trúc_viên_(Quan_Âm_các,_mái_tranh)_(16)_127261678.png",0.7919,manual,False,,,A thatched roof structure with bamboo supports stands amidst a dense grove of tall green bamboo stalks and foliage.,"Bamboo gazebo with a thatched roof stands among tall bamboo stalks. A second smaller structure with a metal roof is visible in the background, surrounded by a wire fence.","D:\caption_project\vietnam_architecture\Chùa_Huệ_Nghiêm_năm_2022,_trúc_viên_(Quan_Âm_các,_mái_tranh)_(16)_127261678.png","/Users/jenfnguyen/Documents/Dev/KIS-AAI-DM-Master/data/caption_project/vietnam_architecture/Chùa_Huệ_Nghiêm_năm_2022,_trúc_viên_(Quan_Âm_các,_mái_tranh)_(16)_127261678.png"
"CV_Bách_Tùng_Diệp,_ng26th8n2022_(Bồn_chậu_hình_trống_đồng)_(2)_147340429.png",0.792,manual,False,,,Two large dark metal planters with embossed decorative patterns and handles stand on a cracked tiled pavement outdoors.,"Two large, dark metal planters shaped like traditional bronze drums sit on a tiled outdoor plaza. The planters feature embossed geometric patterns and stylized animal motifs, each containing a green leafy shrub.","D:\caption_project\vietnam_architecture\CV_Bách_Tùng_Diệp,_ng26th8n2022_(Bồn_chậu_hình_trống_đồng)_(2)_147340429.png","/Users/jenfnguyen/Documents/Dev/KIS-AAI-DM-Master/data/caption_project/vietnam_architecture/CV_Bách_Tùng_Diệp,_ng26th8n2022_(Bồn_chậu_hình_trống_đồng)_(2)_147340429.png"
Charles_Carpeaux_before_a_gopura_de_Court_I_at_Đồng_Dương_53846083.png,0.792,manual,False,statue,pagoda/temple,A black and white photograph showing excavated ruins with carved brick walls and a seated statue. A man in a light suit and pith helmet sits on the stone steps while another person holds an umbrella nearby.,Ruined brick temple structure featuring intricate carvings and a stone statue. A man in a light suit sits on the steps while a person holds an umbrella nearby amidst the debris.,D:\caption_project\vietnam_architecture\Charles_Carpeaux_before_a_gopura_de_Court_I_at_Đồng_Dương_53846083.png,/Users/jenfnguyen/Documents/Dev/KIS-AAI-DM-Master/data/caption_project/vietnam_architecture/Charles_Carpeaux_before_a_gopura_de_Court_I_at_Đồng_Dương_53846083.png
"Bảo_tháp_của_Chùa_Thiên_Mụ,_tháng_3_năm_2021_(5)_106177796.png",0.7924,manual,False,pagoda/temple,pagoda/temple,A tall octagonal pagoda with seven tiers and curved eaves stands on a stone base surrounded by pine trees and bare branches. Green grass covers the ground in front of the structure.,Octagonal seven-story pagoda constructed from weathered brown bricks with red-painted accents. The structure features arched openings on each level and stands on a stone base surrounded by trees and a grassy lawn.,"D:\caption_project\vietnam_architecture\Bảo_tháp_của_Chùa_Thiên_Mụ,_tháng_3_năm_2021_(5)_106177796.png","/Users/jenfnguyen/Documents/Dev/KIS-AAI-DM-Master/data/caption_project/vietnam_architecture/Bảo_tháp_của_Chùa_Thiên_Mụ,_tháng_3_năm_2021_(5)_106177796.png"
"Annam._Binh-dinh._Panorama_des_tours_cham,_en_deux_phototype_-_(photogr.)_A._S(alles)_-_btv1b53013111s_(1_of_2)_154461633.png",0.7927,manual,False,,,A weathered brick tower ruin with an arched opening and decorative bands stands on a grassy hilltop against distant hills.,"Weathered brick tower structure with a vaulted roof and arched openings, standing on a hillside. The masonry shows significant erosion and loss of material, with vegetation growing on the upper sections.","D:\caption_project\vietnam_architecture\Annam._Binh-dinh._Panorama_des_tours_cham,_en_deux_phototype_-_(photogr.)_A._S(alles)_-_btv1b53013111s_(1_of_2)_154461633.png","/Users/jenfnguyen/Documents/Dev/KIS-AAI-DM-Master/data/caption_project/vietnam_architecture/Annam._Binh-dinh._Panorama_des_tours_cham,_en_deux_phototype_-_(photogr.)_A._S(alles)_-_btv1b53013111s_(1_of_2)_154461633.png"
"2025-02-08_Upper_Temple,_Lao_Cai_老街聖陳祠_21_160901639.png",0.7929,manual,False,,,A stone gate with curved tiled roofs and carved pillars stands at an entrance surrounded by palm trees and crowds of people walking on a paved area.,"Stone gate with three arched openings and curved tiled roofs stands at an entrance. The grey stone pillars are decorated with vertical Chinese character inscriptions, while people walk through the gate.","D:\caption_project\vietnam_architecture\2025-02-08_Upper_Temple,_Lao_Cai_老街聖陳祠_21_160901639.png","/Users/jenfnguyen/Documents/Dev/KIS-AAI-DM-Master/data/caption_project/vietnam_architecture/2025-02-08_Upper_Temple,_Lao_Cai_老街聖陳祠_21_160901639.png"
"04052023_Ponagar_Hindu_temples_complex,_Nha_Trang_Vietnam_-_152_130722366.png",0.7931,manual,False,pagoda/temple,,"A brick pagoda with a tall conical spire and stepped base stands on a paved courtyard under a clear blue sky, flanked by potted palm trees.","Brick tower with a tall, pointed, pyramid-shaped roof stands on a tiled courtyard. The structure features weathered orange masonry, decorative carved niches, and small potted palm trees placed at the base.","D:\caption_project\vietnam_architecture\04052023_Ponagar_Hindu_temples_complex,_Nha_Trang_Vietnam_-_152_130722366.png","/Users/jenfnguyen/Documents/Dev/KIS-AAI-DM-Master/data/caption_project/vietnam_architecture/04052023_Ponagar_Hindu_temples_complex,_Nha_Trang_Vietnam_-_152_130722366.png"
Chùa_Bảo_Đàm_năm_2022_(cây_cảnh)_(17)_115905651.png,0.7932,manual,False,,,Green and yellow leaves on trees with thin branches obscure a white wall behind them.,"Green leafy trees with thin brown branches are positioned in front of a plain, smooth white wall. The foliage partially obscures the flat surface of the building exterior under bright daylight.",D:\caption_project\vietnam_architecture\Chùa_Bảo_Đàm_năm_2022_(cây_cảnh)_(17)_115905651.png,/Users/jenfnguyen/Documents/Dev/KIS-AAI-DM-Master/data/caption_project/vietnam_architecture/Chùa_Bảo_Đàm_năm_2022_(cây_cảnh)_(17)_115905651.png
Chum_nước_phong_thủy_ng22th9n2022_(cận_cảnh)_(4)_123261230.png,0.7933,manual,False,,,A large brown glazed ceramic water jar stands in a pond with flowing water and green tiles around its base.,"A large, dark brown ceramic jar functions as a water fountain, with water overflowing from the top into a pond below. The jar is positioned in a garden setting with green plants visible.",D:\caption_project\vietnam_architecture\Chum_nước_phong_thủy_ng22th9n2022_(cận_cảnh)_(4)_123261230.png,/Users/jenfnguyen/Documents/Dev/KIS-AAI-DM-Master/data/caption_project/vietnam_architecture/Chum_nước_phong_thủy_ng22th9n2022_(cận_cảnh)_(4)_123261230.png
"Chùa_Huệ_Nghiêm_năm_2022_(kiến_trúc_nội_điện,_hành_lang_lầu)_(1)_127288075.png",0.7935,manual,False,,,A corridor with polished terracotta floors reflects wooden pillars and beams. Dark green carved doors line the right wall under hanging lanterns.,"Covered corridor of a building featuring polished red stone flooring, dark wooden pillars, and a series of dark wooden doors with carved circular motifs. Hanging lanterns are suspended from the wooden ceiling beams.","D:\caption_project\vietnam_architecture\Chùa_Huệ_Nghiêm_năm_2022_(kiến_trúc_nội_điện,_hành_lang_lầu)_(1)_127288075.png","/Users/jenfnguyen/Documents/Dev/KIS-AAI-DM-Master/data/caption_project/vietnam_architecture/Chùa_Huệ_Nghiêm_năm_2022_(kiến_trúc_nội_điện,_hành_lang_lầu)_(1)_127288075.png"
"Chùa_Huệ_Quang_ở_Thủ_Đức,_tháng_12_năm_2021_(cổng)_(2)_113530446.png",0.7936,manual,True,statue,pagoda/temple,"A yellow gate with a green tiled roof and golden dragon sculptures adorns the entrance to Chùa Huệ Quang, flanked by stone pillars and featuring a large green metal door.","Pagoda gate featuring a yellow structure with green tiled roofs, topped with golden dragon ornaments. The pillars are clad in irregular stone, and the entrance is closed by solid green metal gates.","D:\caption_project\vietnam_architecture\Chùa_Huệ_Quang_ở_Thủ_Đức,_tháng_12_năm_2021_(cổng)_(2)_113530446.png","/Users/jenfnguyen/Documents/Dev/KIS-AAI-DM-Master/data/caption_project/vietnam_architecture/Chùa_Huệ_Quang_ở_Thủ_Đức,_tháng_12_năm_2021_(cổng)_(2)_113530446.png"
Chùa_Diệu_Pháp_(mái_trần_Chánh_điện)_(3)_127033090.png,0.7937,manual,False,,,"An ornate wooden ceiling with intricate dark carvings of floral and geometric patterns, recessed lighting, and decorative panels set against polished wood surfaces.",Wooden ceiling interior featuring intricate carvings of floral patterns and an octagonal panel with fish motifs. The structure includes recessed lighting and geometric border designs crafted from polished brown timber.,D:\caption_project\vietnam_architecture\Chùa_Diệu_Pháp_(mái_trần_Chánh_điện)_(3)_127033090.png,/Users/jenfnguyen/Documents/Dev/KIS-AAI-DM-Master/data/caption_project/vietnam_architecture/Chùa_Diệu_Pháp_(mái_trần_Chánh_điện)_(3)_127033090.png
Chùa_Diệu_Pháp_(nhà_khách_mái_ngói_xanh)_(1)_126992680.png,0.7937,manual,False,pagoda/temple,,"A traditional wooden communal house with a green tiled roof and red pillars stands on a stone-paved courtyard. Potted lotus plants line the entrance steps, and a sign reads 'HOI DA TET'.","Traditional wooden building with a green tiled hip roof and dark brown pillars, featuring a stone-paved courtyard with potted lotus plants and a small wooden structure with a sign on the right.",D:\caption_project\vietnam_architecture\Chùa_Diệu_Pháp_(nhà_khách_mái_ngói_xanh)_(1)_126992680.png,/Users/jenfnguyen/Documents/Dev/KIS-AAI-DM-Master/data/caption_project/vietnam_architecture/Chùa_Diệu_Pháp_(nhà_khách_mái_ngói_xanh)_(1)_126992680.png
"Bức_tường_nghĩa_địa_dài_như_dải_Gaza_ở_BHHA_xa_diệu_vợi,_ng18th12n2022_(8)_127455759.png",0.7938,manual,False,,,"A long concrete wall covered in colorful graffiti runs alongside a paved road. In the foreground, red plastic crates and coolers sit on the ground near puddles of water.","Concrete wall covered in colorful graffiti runs along a narrow paved alleyway. Red plastic coolers are visible in the foreground, while a multi-story building stands in the background under a blue sky.","D:\caption_project\vietnam_architecture\Bức_tường_nghĩa_địa_dài_như_dải_Gaza_ở_BHHA_xa_diệu_vợi,_ng18th12n2022_(8)_127455759.png","/Users/jenfnguyen/Documents/Dev/KIS-AAI-DM-Master/data/caption_project/vietnam_architecture/Bức_tường_nghĩa_địa_dài_như_dải_Gaza_ở_BHHA_xa_diệu_vợi,_ng18th12n2022_(8)_127455759.png"
"Chùa_Giác_Lâm,_tháng_01_năm_2022_(cổng_chùa)_(11)_115832715.png",0.7938,manual,False,,pagoda/temple,An orange gate with a curved roof and golden decorative ridges stands under a blue sky. The main arch displays the text TỔ ĐÌNH GIÁC LÂM in red letters on a white background.,"Orange gate of a pagoda featuring a tiered roof with dark tiles, golden dragon ornaments, and a central dharma wheel. The structure includes metal gates and vertical inscriptions in Vietnamese.","D:\caption_project\vietnam_architecture\Chùa_Giác_Lâm,_tháng_01_năm_2022_(cổng_chùa)_(11)_115832715.png","/Users/jenfnguyen/Documents/Dev/KIS-AAI-DM-Master/data/caption_project/vietnam_architecture/Chùa_Giác_Lâm,_tháng_01_năm_2022_(cổng_chùa)_(11)_115832715.png"
"Bình_đài_ở_tháp_Ponagar,_Nha_Trang_9988207.png",0.7942,manual,False,pagoda/temple,pagoda/temple,A brick temple with a tiered tower is framed by tall stone pillars and surrounded by green trees under a clear blue sky.,"Brick tower temple complex featuring a central structure with a tiered roof, surrounded by multiple cylindrical pillars on a raised platform. The weathered orange brick construction is set against a clear blue sky.","D:\caption_project\vietnam_architecture\Bình_đài_ở_tháp_Ponagar,_Nha_Trang_9988207.png","/Users/jenfnguyen/Documents/Dev/KIS-AAI-DM-Master/data/caption_project/vietnam_architecture/Bình_đài_ở_tháp_Ponagar,_Nha_Trang_9988207.png"
Bao_tang_Dak_Lak_7_11560884.png,0.7945,manual,False,,,A colonial-style building with a hipped roof and white walls stands at the end of a concrete driveway. A wide staircase leads to the covered porch entrance surrounded by manicured trees.,Colonial building with a brown tiled roof and dormer windows features a central staircase leading to a raised veranda. The structure is surrounded by trees and potted plants in a paved courtyard.,D:\caption_project\vietnam_architecture\Bao_tang_Dak_Lak_7_11560884.png,/Users/jenfnguyen/Documents/Dev/KIS-AAI-DM-Master/data/caption_project/vietnam_architecture/Bao_tang_Dak_Lak_7_11560884.png
Bao_tang_Dak_Lak_4_11560827.png,0.7946,manual,False,house,house,"Interior of a museum room with dark wooden floors displaying traditional Vietnamese artifacts including a small model house on a red platform, large ceramic jars, framed pictures on white walls, and woven baskets.","Interior of a museum gallery displaying a wooden model of a stilt house on a platform, surrounded by large ceramic jars, a long wooden bench, and woven baskets hanging on white walls.",D:\caption_project\vietnam_architecture\Bao_tang_Dak_Lak_4_11560827.png,/Users/jenfnguyen/Documents/Dev/KIS-AAI-DM-Master/data/caption_project/vietnam_architecture/Bao_tang_Dak_Lak_4_11560827.png
Chùa_Giác_Sanh_năm_2022_(kiến_trúc_chánh_điện_trên_lầu)_(19a)_126992275.png,0.7946,manual,False,pagoda/temple,pagoda/temple,The entrance of a yellow temple with curved green-tiled roofs and golden dragon decorations. Red lanterns hang from the eaves above wooden doors and intricate carvings.,"Pagoda entrance featuring yellow walls, dark wooden doors, and green tiled curved roof eaves. A golden relief sculpture of a warrior stands on the left, accented by red lanterns and ornate gold carvings.",D:\caption_project\vietnam_architecture\Chùa_Giác_Sanh_năm_2022_(kiến_trúc_chánh_điện_trên_lầu)_(19a)_126992275.png,/Users/jenfnguyen/Documents/Dev/KIS-AAI-DM-Master/data/caption_project/vietnam_architecture/Chùa_Giác_Sanh_năm_2022_(kiến_trúc_chánh_điện_trên_lầu)_(19a)_126992275.png
Building_with_tiger_cages_3927424.png,0.7947,manual,False,house,,"A multi-story shophouse features a yellow facade with extensive metal security grilles covering balconies and windows. An air conditioning unit is mounted on the exterior wall, and various pipes run along the building.","Yellow residential buildings feature projecting balconies enclosed by metal security cages. The structures have weathered plaster walls, various window styles, and external air conditioning units mounted on the exterior facades.",D:\caption_project\vietnam_architecture\Building_with_tiger_cages_3927424.png,/Users/jenfnguyen/Documents/Dev/KIS-AAI-DM-Master/data/caption_project/vietnam_architecture/Building_with_tiger_cages_3927424.png
2013-07-18_My_An_Onsen_Resort_ミーアン温泉_DSCF1180_107169924.png,0.7956,manual,False,,,A swimming pool with three people relaxing and playing near the edge. Pink buckets are on the pool deck next to lounge chairs under trees.,"Swimming pool area with tiled edges, wooden lounge chairs, and a small stone lantern structure. People are sitting near the water's edge surrounded by green trees and foliage in an outdoor setting.",D:\caption_project\vietnam_architecture\2013-07-18_My_An_Onsen_Resort_ミーアン温泉_DSCF1180_107169924.png,/Users/jenfnguyen/Documents/Dev/KIS-AAI-DM-Master/data/caption_project/vietnam_architecture/2013-07-18_My_An_Onsen_Resort_ミーアン温泉_DSCF1180_107169924.png
Chùa_Diệu_Pháp_(Cổng_mái)_(9)_126873649.png,0.7958,manual,False,,,A traditional Vietnamese wooden pavilion with intricately carved dark red pillars and roof beams supports a tiled roof. The structure stands on a stone-paved ground surrounded by greenery and parked motorbikes.,"Wooden pavilion structure featuring dark polished pillars with carved Chinese characters and intricate wooden roof brackets. A large bonsai tree sits in a stone planter nearby, surrounded by parked motorbikes.",D:\caption_project\vietnam_architecture\Chùa_Diệu_Pháp_(Cổng_mái)_(9)_126873649.png,/Users/jenfnguyen/Documents/Dev/KIS-AAI-DM-Master/data/caption_project/vietnam_architecture/Chùa_Diệu_Pháp_(Cổng_mái)_(9)_126873649.png
04274-Hanoi_(32822196565)_111460532.png,0.796,manual,False,pagoda/temple,pagoda/temple,"A wooden pagoda with a curved tiled roof stands on concrete pillars over water, connected by a stone staircase. People are visible on the upper level and walkway, surrounded by green trees.","One-pillar pagoda featuring a dark wooden structure with a curved tiled roof, supported by a single concrete pillar rising from a small pond. A stone staircase leads to the elevated wooden platform.",D:\caption_project\vietnam_architecture\04274-Hanoi_(32822196565)_111460532.png,/Users/jenfnguyen/Documents/Dev/KIS-AAI-DM-Master/data/caption_project/vietnam_architecture/04274-Hanoi_(32822196565)_111460532.png
"Chùa_Giác_Lâm,_tháng_01_năm_2022_(cổng_chùa)_(12)_115832717.png",0.7962,manual,False,statue,pagoda/temple,An ornate orange gate with a curved tiled roof and dragon sculptures leads to a tree-lined path. Red vertical banners with Vietnamese characters hang on the pillars of the entrance structure.,Orange gate of a temple featuring a tiled roof with green edges and dragon sculptures on the ridge. Red vertical panels with gold Chinese characters are attached to the pillars.,"D:\caption_project\vietnam_architecture\Chùa_Giác_Lâm,_tháng_01_năm_2022_(cổng_chùa)_(12)_115832717.png","/Users/jenfnguyen/Documents/Dev/KIS-AAI-DM-Master/data/caption_project/vietnam_architecture/Chùa_Giác_Lâm,_tháng_01_năm_2022_(cổng_chùa)_(12)_115832717.png"
13_phot._et_2_dessins_donnés_en_1983_par_Mme_Francine_Garnier_et_provenant_des_archives_de_Léon_Garnier-_portraits_de_Lé_154340133.png,0.7966,manual,False,statue,statue,A bronze statue of a man standing on a tall stone pedestal in a park surrounded by trees and people walking nearby.,Bronze statue of a man in military uniform standing on a stone pedestal in a park. Several children are sitting or standing at the base of the monument surrounded by trees.,D:\caption_project\vietnam_architecture\13_phot._et_2_dessins_donnés_en_1983_par_Mme_Francine_Garnier_et_provenant_des_archives_de_Léon_Garnier-_portraits_de_Lé_154340133.png,/Users/jenfnguyen/Documents/Dev/KIS-AAI-DM-Master/data/caption_project/vietnam_architecture/13_phot._et_2_dessins_donnés_en_1983_par_Mme_Francine_Garnier_et_provenant_des_archives_de_Léon_Garnier-_portraits_de_Lé_154340133.png
Bronze_and_gold_tiger_16095211.png,0.7966,manual,False,,,"A black lacquer tiger-shaped object decorated with gold painted patterns and inscriptions, displayed on a clear stand.","A flat, tiger-shaped object made of dark material with gold-colored leaf-like patterns and engraved characters on its body. The artifact is displayed behind a clear protective barrier in an indoor setting.",D:\caption_project\vietnam_architecture\Bronze_and_gold_tiger_16095211.png,/Users/jenfnguyen/Documents/Dev/KIS-AAI-DM-Master/data/caption_project/vietnam_architecture/Bronze_and_gold_tiger_16095211.png
"Chùa_Huê_Nghiêm_ở_Thủ_Đức,_tháng_12_năm_2021_(cổng_bên)_(2)_113530444.png",0.7968,manual,False,pagoda/temple,pagoda/temple,"The ornate entrance gate of a Vietnamese temple features red pillars and a multi-tiered roof adorned with golden lotus flowers and a Dharma wheel. A white metal gate stands closed, offering a view through to the temple grounds.","A metal gate with decorative patterns stands before a temple complex. The gate features a red and yellow roof with a golden dharma wheel emblem, while a green-roofed building is visible in the background.","D:\caption_project\vietnam_architecture\Chùa_Huê_Nghiêm_ở_Thủ_Đức,_tháng_12_năm_2021_(cổng_bên)_(2)_113530444.png","/Users/jenfnguyen/Documents/Dev/KIS-AAI-DM-Master/data/caption_project/vietnam_architecture/Chùa_Huê_Nghiêm_ở_Thủ_Đức,_tháng_12_năm_2021_(cổng_bên)_(2)_113530444.png"
Band_stand_on_top_of_a_mountain_in_2014_63511012.png,0.7971,manual,False,pagoda/temple,,"A wooden pagoda with a tiled roof sits on a rocky mountain summit shrouded in thick fog. A stone path leads to the structure, which is flanked by dark rocks.","Open-sided wooden pavilion with a tiled hip roof stands on a rocky hillside path. The structure features wooden pillars and a simple railing, surrounded by thick fog and dark jagged rocks.",D:\caption_project\vietnam_architecture\Band_stand_on_top_of_a_mountain_in_2014_63511012.png,/Users/jenfnguyen/Documents/Dev/KIS-AAI-DM-Master/data/caption_project/vietnam_architecture/Band_stand_on_top_of_a_mountain_in_2014_63511012.png
2013-07-18_My_An_Onsen_Resort_ミーアン温泉_DSCF1145_107169891.png,0.7973,manual,False,,,A swimming pool with light blue water and curved edges is surrounded by thatched-roof gazebos and wooden lounge chairs under leafy green trees.,"A swimming pool with light green water features several thatched-roof umbrellas supported by wooden posts. In the background, a low-rise building with a tiled roof is surrounded by trees and foliage.",D:\caption_project\vietnam_architecture\2013-07-18_My_An_Onsen_Resort_ミーアン温泉_DSCF1145_107169891.png,/Users/jenfnguyen/Documents/Dev/KIS-AAI-DM-Master/data/caption_project/vietnam_architecture/2013-07-18_My_An_Onsen_Resort_ミーアン温泉_DSCF1145_107169891.png
Chùa_Bảo_Đàm_năm_2022_(Cổng_chùa_một_bên)_(3)_115831984.png,0.7976,manual,False,,,A traditional gate with a green tiled roof and white concrete walls features ornate carvings and decorative elements on its facade.,"Gate structure featuring a green tiled roof with elaborate grey decorative cresting. The central panel displays text in relief, flanked by vertical pillars with carved details, set against a background of urban surroundings.",D:\caption_project\vietnam_architecture\Chùa_Bảo_Đàm_năm_2022_(Cổng_chùa_một_bên)_(3)_115831984.png,/Users/jenfnguyen/Documents/Dev/KIS-AAI-DM-Master/data/caption_project/vietnam_architecture/Chùa_Bảo_Đàm_năm_2022_(Cổng_chùa_một_bên)_(3)_115831984.png
Chùa_Bảo_Đàm_năm_2022_(họa_tiết_thông_gió)_(4)_115907076.png,0.7976,manual,False,,,"A close-up of a white building facade featuring an ornate concrete window grille with a prominent Buddhist dharma wheel design at its center, framed by decorative molding and surrounded by green foliage.","Decorative window grille featuring a central Dharma wheel motif surrounded by geometric patterns. The light gray stone carving is set into a white wall with a gray frame, partially obscured by green foliage.",D:\caption_project\vietnam_architecture\Chùa_Bảo_Đàm_năm_2022_(họa_tiết_thông_gió)_(4)_115907076.png,/Users/jenfnguyen/Documents/Dev/KIS-AAI-DM-Master/data/caption_project/vietnam_architecture/Chùa_Bảo_Đàm_năm_2022_(họa_tiết_thông_gió)_(4)_115907076.png
Chùa_Huệ_Nghiêm_năm_2022_(cầu_thang_nơi_hậu_viện)_124489296.png,0.7978,manual,False,,,A wide staircase with reddish-brown wooden steps leads upward between matching wooden railings and posts. The structure features a yellow wall on one side and green trees in the background.,"A set of red stone stairs leads upward to a wooden gate. The staircase is flanked by matching red railings with decorative posts, set against a yellow wall and a tiled ground.",D:\caption_project\vietnam_architecture\Chùa_Huệ_Nghiêm_năm_2022_(cầu_thang_nơi_hậu_viện)_124489296.png,/Users/jenfnguyen/Documents/Dev/KIS-AAI-DM-Master/data/caption_project/vietnam_architecture/Chùa_Huệ_Nghiêm_năm_2022_(cầu_thang_nơi_hậu_viện)_124489296.png
Bạch_dinh-_đường_hầm_24868175.png,0.7978,manual,False,,,A weathered stone wall features an arched niche set into rough masonry. Green foliage and pink flowers grow along the right side of the structure.,"Stone and brick wall featuring a recessed arched niche, partially obscured by green foliage and pink flowers. The structure is built from uneven, weathered stones and red bricks in an outdoor setting.",D:\caption_project\vietnam_architecture\Bạch_dinh-_đường_hầm_24868175.png,/Users/jenfnguyen/Documents/Dev/KIS-AAI-DM-Master/data/caption_project/vietnam_architecture/Bạch_dinh-_đường_hầm_24868175.png
Chùa_Bảo_Đàm_năm_2022_(cây_cối_nhìn_từ_trên)_(4)_115905669.png,0.7981,manual,False,,,"An ornate grey carved concrete railing with floral motifs sits below a wooden balcony overhang, overlooking dense green trees and two small potted plants on the ledge.","Balcony railing featuring a white wall with grey relief carvings of floral patterns. Two small bonsai pots sit on the ledge, with a wind chime hanging in front of dense green foliage.",D:\caption_project\vietnam_architecture\Chùa_Bảo_Đàm_năm_2022_(cây_cối_nhìn_từ_trên)_(4)_115905669.png,/Users/jenfnguyen/Documents/Dev/KIS-AAI-DM-Master/data/caption_project/vietnam_architecture/Chùa_Bảo_Đàm_năm_2022_(cây_cối_nhìn_từ_trên)_(4)_115905669.png
"Chùa_Giác_Lâm,_tháng_01_năm_2022_(cổng_chùa)_(13)_115832719.png",0.7982,manual,True,pagoda/temple,statue,"A traditional orange pagoda gate with curved tiled roofs and decorative ridge figures stands at the entrance to a tree-lined path. Vertical red banners with Chinese characters flank the archway, and a motorcycle is parked on the right side.","A bright orange gate with a tiled roof features green dragon sculptures on the ridge and vertical red panels with Chinese characters on the pillars, leading into a tree-lined path.","D:\caption_project\vietnam_architecture\Chùa_Giác_Lâm,_tháng_01_năm_2022_(cổng_chùa)_(13)_115832719.png","/Users/jenfnguyen/Documents/Dev/KIS-AAI-DM-Master/data/caption_project/vietnam_architecture/Chùa_Giác_Lâm,_tháng_01_năm_2022_(cổng_chùa)_(13)_115832719.png"
"Chùa_Huệ_Nghiêm_năm_2022_(kiến_trúc_nội_điện,_hành_lang_lầu)_(11)_127288087.png",0.7984,manual,False,,,Interior of a wooden structure with a polished red floor reflecting light and green trees visible through open sides. A large red pillar stands on a carved stone base near a matching wooden railing.,"Red wooden pillar and railing with geometric patterns form a balcony overlooking green trees. The floor is made of polished red stone, reflecting the structure and the surrounding foliage.","D:\caption_project\vietnam_architecture\Chùa_Huệ_Nghiêm_năm_2022_(kiến_trúc_nội_điện,_hành_lang_lầu)_(11)_127288087.png","/Users/jenfnguyen/Documents/Dev/KIS-AAI-DM-Master/data/caption_project/vietnam_architecture/Chùa_Huệ_Nghiêm_năm_2022_(kiến_trúc_nội_điện,_hành_lang_lầu)_(11)_127288087.png"
Charpente_sculptée_-_Khung_sườn_nhà_được_chạm_khắc_37437213.png,0.7986,manual,False,drawing/map,drawing/map,"A technical architectural drawing of a carved wooden bracket system labeled Charpente sculptée, showing structural details and components.",Drawing showing architectural details of a wooden bracket system and a column base. The illustration features intricate carvings on the structural beams and a separate slender pillar with a decorative base.,D:\caption_project\vietnam_architecture\Charpente_sculptée_-_Khung_sườn_nhà_được_chạm_khắc_37437213.png,/Users/jenfnguyen/Documents/Dev/KIS-AAI-DM-Master/data/caption_project/vietnam_architecture/Charpente_sculptée_-_Khung_sườn_nhà_được_chạm_khắc_37437213.png
2013-07-18_My_An_Onsen_Resort_ミーアン温泉_DSCF1287_107169960.png,0.7987,manual,False,,,"Three thatched-roof pavilions with wooden posts stand beside a swimming pool, surrounded by green trees and plants under a bright sky.",Three small circular structures with thatched conical roofs stand beside a light blue swimming pool. The structures feature wooden supports and are surrounded by trees and foliage in an outdoor setting.,D:\caption_project\vietnam_architecture\2013-07-18_My_An_Onsen_Resort_ミーアン温泉_DSCF1287_107169960.png,/Users/jenfnguyen/Documents/Dev/KIS-AAI-DM-Master/data/caption_project/vietnam_architecture/2013-07-18_My_An_Onsen_Resort_ミーアン温泉_DSCF1287_107169960.png
"Chùa_Giác_Sanh_năm_2022_(phòng_tiếp_khách,_bộ_bàn_ghế_gỗ)_(5)_126742834.png",0.7989,manual,False,,,A wooden coffee table displays a vase with dried grasses and red paper flowers. Behind it sits a sofa upholstered in red fabric featuring an orange wavy pattern.,"Interior living space featuring a wooden coffee table with a decorative wheat and red ribbon arrangement in a vase, surrounded by wooden furniture with red patterned cushions and a tiled floor.","D:\caption_project\vietnam_architecture\Chùa_Giác_Sanh_năm_2022_(phòng_tiếp_khách,_bộ_bàn_ghế_gỗ)_(5)_126742834.png","/Users/jenfnguyen/Documents/Dev/KIS-AAI-DM-Master/data/caption_project/vietnam_architecture/Chùa_Giác_Sanh_năm_2022_(phòng_tiếp_khách,_bộ_bàn_ghế_gỗ)_(5)_126742834.png"
"Chùa_Huệ_Nghiêm_năm_2022,_trúc_viên_(Quan_Âm_các,_mái_tranh)_(10)_127261668.png",0.7991,manual,False,statue,statue,A thatched-roof bamboo pavilion shelters a white Guanyin statue on a stone platform with an altar. People stand before the statue surrounded by tall bamboo trees.,"Small open-sided pavilion with a thatched roof supported by wooden posts, sheltering a stone statue of a deity. The structure is set on a stone-clad base surrounded by a dense bamboo grove.","D:\caption_project\vietnam_architecture\Chùa_Huệ_Nghiêm_năm_2022,_trúc_viên_(Quan_Âm_các,_mái_tranh)_(10)_127261668.png","/Users/jenfnguyen/Documents/Dev/KIS-AAI-DM-Master/data/caption_project/vietnam_architecture/Chùa_Huệ_Nghiêm_năm_2022,_trúc_viên_(Quan_Âm_các,_mái_tranh)_(10)_127261668.png"
Budhismaj_statuoj_en_pagodo_Linh_Phước_(Dalato)_01_98821859.png,0.7994,manual,False,pagoda/temple,statue,"A colorful outdoor shrine features a central golden Buddha statue under an ornate umbrella, flanked by large guardian figures and a long dragon body made of dark bricks and ceramic tiles.","A large dragon-shaped structure made of dark ceramic tiles surrounds a central altar featuring a seated Buddha statue. Several colorful guardian statues stand on either side, set against a simple metal-roofed building.",D:\caption_project\vietnam_architecture\Budhismaj_statuoj_en_pagodo_Linh_Phước_(Dalato)_01_98821859.png,/Users/jenfnguyen/Documents/Dev/KIS-AAI-DM-Master/data/caption_project/vietnam_architecture/Budhismaj_statuoj_en_pagodo_Linh_Phước_(Dalato)_01_98821859.png
Chum_nước_phong_thủy_ng22th9n2022_(cận_cảnh)_(3)_123261226.png,0.7995,manual,False,,,"A large brown ceramic pot fountain with water spraying upward from its center, surrounded by a shallow pool of rippling water and green foliage in the background.","A dark brown ceramic water jar fountain sits in the center of a small pond. Water overflows from the top of the jar into the surrounding pool, with green plants visible in the background.",D:\caption_project\vietnam_architecture\Chum_nước_phong_thủy_ng22th9n2022_(cận_cảnh)_(3)_123261226.png,/Users/jenfnguyen/Documents/Dev/KIS-AAI-DM-Master/data/caption_project/vietnam_architecture/Chum_nước_phong_thủy_ng22th9n2022_(cận_cảnh)_(3)_123261226.png
"0040423_Thap_Binh_Lam_Cham_Hindu_temple,_Phuoc_Hoa,_Binh_Dinh_Vietnam_038_132498795.png",0.7997,manual,False,,,"A weathered brick tower with a stepped pyramidal roof and vertical decorative elements. Green vegetation grows from the top of the structure, which stands on a patch of dry grass.","Brick tower with a stepped, pyramidal roof and intricate carvings on the exterior walls. The structure features a dark, weathered surface and a pointed arched entrance, situated on a dirt ground.","D:\caption_project\vietnam_architecture\0040423_Thap_Binh_Lam_Cham_Hindu_temple,_Phuoc_Hoa,_Binh_Dinh_Vietnam_038_132498795.png","/Users/jenfnguyen/Documents/Dev/KIS-AAI-DM-Master/data/caption_project/vietnam_architecture/0040423_Thap_Binh_Lam_Cham_Hindu_temple,_Phuoc_Hoa,_Binh_Dinh_Vietnam_038_132498795.png"
Chum_nước_phong_thủy_ng22th9n2022_(cận_cảnh)_(8)_123261240.png,0.8,manual,False,,,A large brown ceramic jar fountain stands in a pool of rippling water. Water cascades from the rim into the surrounding pond lined with blue tiles.,"A large, dark brown ceramic water jar functions as a fountain, with water overflowing from its rim into a pond containing koi fish. The jar features a glazed, textured surface.",D:\caption_project\vietnam_architecture\Chum_nước_phong_thủy_ng22th9n2022_(cận_cảnh)_(8)_123261240.png,/Users/jenfnguyen/Documents/Dev/KIS-AAI-DM-Master/data/caption_project/vietnam_architecture/Chum_nước_phong_thủy_ng22th9n2022_(cận_cảnh)_(8)_123261240.png
"Chùa_Giác_Sanh_năm_2022_(Ban_thờ_trong_chánh_điện,_tấm_thảm_đỏ)_(2)_126983190.png",0.8001,manual,False,pagoda/temple,pagoda/temple,Interior of a temple with an ornate golden altar featuring a Buddha statue surrounded by smaller figures and flowers. A person stands at the altar while red carpets cover the floor in front.,"Interior of a temple featuring a central golden Buddha statue seated on a lotus throne, framed by intricate gilded wooden carvings, red pillars with Chinese characters, and a patterned red carpet on the floor.","D:\caption_project\vietnam_architecture\Chùa_Giác_Sanh_năm_2022_(Ban_thờ_trong_chánh_điện,_tấm_thảm_đỏ)_(2)_126983190.png","/Users/jenfnguyen/Documents/Dev/KIS-AAI-DM-Master/data/caption_project/vietnam_architecture/Chùa_Giác_Sanh_năm_2022_(Ban_thờ_trong_chánh_điện,_tấm_thảm_đỏ)_(2)_126983190.png"
"Annam._Qui-Nhon._Tour_cham,_soubassement_angle_du_n(ord)-e(st)_de_la_tour_du_nord_-_(photogr.)_A._S(alles)_-_btv1b530131_160618227.png",0.8002,manual,False,,,A black and white photograph showing carved stone architectural fragments with floral and geometric relief patterns arranged on a weathered surface.,Stone architectural detail featuring tiered horizontal bands with carved floral and geometric motifs. The weathered surface shows signs of erosion and is partially obscured by foliage in this monochrome photograph.,"D:\caption_project\vietnam_architecture\Annam._Qui-Nhon._Tour_cham,_soubassement_angle_du_n(ord)-e(st)_de_la_tour_du_nord_-_(photogr.)_A._S(alles)_-_btv1b530131_160618227.png","/Users/jenfnguyen/Documents/Dev/KIS-AAI-DM-Master/data/caption_project/vietnam_architecture/Annam._Qui-Nhon._Tour_cham,_soubassement_angle_du_n(ord)-e(st)_de_la_tour_du_nord_-_(photogr.)_A._S(alles)_-_btv1b530131_160618227.png"
Chùa_Bảo_Đàm_năm_2022_(cây_cảnh)_(10)_115905641.png,0.8004,manual,False,,,A white building exterior features a decorative window with an intricate wheel-shaped design surrounded by geometric patterns. Green shrubs and plants grow along the base of the wall in front of a gravel path.,White wall of a building featuring a circular decorative relief of a dharma wheel. Green shrubs and small trees grow in a garden bed filled with pebbles and rocks in the foreground.,D:\caption_project\vietnam_architecture\Chùa_Bảo_Đàm_năm_2022_(cây_cảnh)_(10)_115905641.png,/Users/jenfnguyen/Documents/Dev/KIS-AAI-DM-Master/data/caption_project/vietnam_architecture/Chùa_Bảo_Đàm_năm_2022_(cây_cảnh)_(10)_115905641.png
Chùa_Giác_Sanh_năm_2022_(chính_điện)_(1)_126992264.png,0.8004,manual,False,pagoda/temple,pagoda/temple,"A Vietnamese pagoda entrance with red pillars and curved tiled roofs adorned with colorful flags and lanterns. A yellow banner reads 'Mừng Xuân Di Lạc' above the doorway, while potted plants line the paved courtyard.","A pagoda with yellow walls and a tiered roof features red pillars adorned with golden dragon sculptures. Numerous red lanterns and colorful flags hang across the entrance, with a yellow banner displayed above.",D:\caption_project\vietnam_architecture\Chùa_Giác_Sanh_năm_2022_(chính_điện)_(1)_126992264.png,/Users/jenfnguyen/Documents/Dev/KIS-AAI-DM-Master/data/caption_project/vietnam_architecture/Chùa_Giác_Sanh_năm_2022_(chính_điện)_(1)_126992264.png
Chua_cu_(1)_100670127.png,0.8006,manual,False,pagoda/temple,pagoda/temple,"A Buddhist temple with a multi-tiered red roof featuring ornate gables and spires. The cream-colored building has a covered porch with columns and white balustrades, surrounded by small palm trees and a golden pillar.","Pagoda featuring a multi-tiered red roof with curved finials and a central spire. The structure has light-colored walls, decorative columns with sculpted figures, and a balustrade, surrounded by palm trees and a golden pillar.",D:\caption_project\vietnam_architecture\Chua_cu_(1)_100670127.png,/Users/jenfnguyen/Documents/Dev/KIS-AAI-DM-Master/data/caption_project/vietnam_architecture/Chua_cu_(1)_100670127.png
Chùa_Huệ_Nghiêm_năm_2022_(bảo_tháp)_(7)_127296674.png,0.8007,manual,False,pagoda/temple,pagoda/temple,A tall green pagoda with multiple tiers and decorative white panels stands behind a white gate. Red and yellow lanterns hang from trees surrounding the structure.,"Multi-story pagoda tower featuring a grey concrete facade with white decorative panels and a golden roof finial. The structure is accessed through a gate, surrounded by trees and hanging red lanterns.",D:\caption_project\vietnam_architecture\Chùa_Huệ_Nghiêm_năm_2022_(bảo_tháp)_(7)_127296674.png,/Users/jenfnguyen/Documents/Dev/KIS-AAI-DM-Master/data/caption_project/vietnam_architecture/Chùa_Huệ_Nghiêm_năm_2022_(bảo_tháp)_(7)_127296674.png
"Bach_Dinh,_duong_Tran_phu,_Ba_ria_Vungtau,_Vietnam_-_panoramio_57538120.png",0.8009,manual,False,,,A white colonial building with arched windows and red brick accents is viewed through tree branches against a blue sky.,"Colonial building with white plastered walls and arched windows featuring brick detailing. The structure has multiple levels with light blue wooden shutters, partially obscured by the branches of flowering trees in the foreground.","D:\caption_project\vietnam_architecture\Bach_Dinh,_duong_Tran_phu,_Ba_ria_Vungtau,_Vietnam_-_panoramio_57538120.png","/Users/jenfnguyen/Documents/Dev/KIS-AAI-DM-Master/data/caption_project/vietnam_architecture/Bach_Dinh,_duong_Tran_phu,_Ba_ria_Vungtau,_Vietnam_-_panoramio_57538120.png"
"Bahnar_Communal_House,_Museum_of_Ethnology,_Hanoi_(2)_(37608808975)_64218390.png",0.801,manual,True,house,pagoda/temple,"A tall stilt house with a steep thatched roof made of dried grass or straw. The structure is built on wooden stilts and features woven bamboo walls, surrounded by dense green trees under a blue sky.","Communal house with a tall, steeply pitched thatched roof made of brown straw. The structure is elevated on wooden stilts and features woven bamboo walls, situated in an outdoor area with trees.","D:\caption_project\vietnam_architecture\Bahnar_Communal_House,_Museum_of_Ethnology,_Hanoi_(2)_(37608808975)_64218390.png","/Users/jenfnguyen/Documents/Dev/KIS-AAI-DM-Master/data/caption_project/vietnam_architecture/Bahnar_Communal_House,_Museum_of_Ethnology,_Hanoi_(2)_(37608808975)_64218390.png"
Chiếc_bình_hồ_lô_vàng_trong_Nghĩa_trrang_Trung_Minh_ng24th9n2022_(3)_123411185.png,0.8011,manual,False,,,"A glossy orange ceramic gourd-shaped finial sits atop a square architectural structure with cream-colored marble-like framing and deep red textured panels, set against a bright sky.",Gourd-shaped yellow ceramic finial sits atop a square pillar structure. The pillar features dark red panels framed by light-colored stone or tile borders against a bright blue sky.,D:\caption_project\vietnam_architecture\Chiếc_bình_hồ_lô_vàng_trong_Nghĩa_trrang_Trung_Minh_ng24th9n2022_(3)_123411185.png,/Users/jenfnguyen/Documents/Dev/KIS-AAI-DM-Master/data/caption_project/vietnam_architecture/Chiếc_bình_hồ_lô_vàng_trong_Nghĩa_trrang_Trung_Minh_ng24th9n2022_(3)_123411185.png
Chùa_Diệu_Pháp_(mái_ngói_xanh)_(7)_126992679.png,0.8014,manual,False,,,"A close-up of a traditional Vietnamese roof covered in curved green glazed ceramic tiles arranged in neat overlapping rows, with white painted eaves and adjacent buildings visible in the background.","Sloped roof covered in glossy green glazed ceramic tiles, viewed from an elevated angle. The structure features a white border along the edge, with residential buildings visible in the background.",D:\caption_project\vietnam_architecture\Chùa_Diệu_Pháp_(mái_ngói_xanh)_(7)_126992679.png,/Users/jenfnguyen/Documents/Dev/KIS-AAI-DM-Master/data/caption_project/vietnam_architecture/Chùa_Diệu_Pháp_(mái_ngói_xanh)_(7)_126992679.png
"Chùa_Huê_Nghiêm_ở_Thủ_Đức,_tháng_12_năm_2021_(bên_cổng)_(4)_113530085.png",0.8018,manual,False,,,"A traditional Vietnamese gate with a curved green and gold roof, reddish-brown pillars, and an ornate yellow wall featuring red lotus carvings, set against a blue sky.","A gate with a curved, tiled roof and a yellow wall featuring a relief carving of lotus flowers. The structure is painted in orange and gold, with a metal gate and stone-paved ground.","D:\caption_project\vietnam_architecture\Chùa_Huê_Nghiêm_ở_Thủ_Đức,_tháng_12_năm_2021_(bên_cổng)_(4)_113530085.png","/Users/jenfnguyen/Documents/Dev/KIS-AAI-DM-Master/data/caption_project/vietnam_architecture/Chùa_Huê_Nghiêm_ở_Thủ_Đức,_tháng_12_năm_2021_(bên_cổng)_(4)_113530085.png"
"Chùa_Bảo_Quang,_Tân_Phú_(Mặt_chính_diện_cổng),_tháng_5_năm_2021_(2)_105338443.png",0.8018,manual,False,pagoda/temple,pagoda/temple,"A close-up of a temple entrance featuring an ornate wooden gate and a large sign with gold lettering on a brown background, partially obscured by green foliage.","Pagoda entrance featuring a wooden sign with gold lettering mounted above a dark metal gate. Intricate brown wooden carvings frame the gate, while a green leafy plant stands in the foreground.","D:\caption_project\vietnam_architecture\Chùa_Bảo_Quang,_Tân_Phú_(Mặt_chính_diện_cổng),_tháng_5_năm_2021_(2)_105338443.png","/Users/jenfnguyen/Documents/Dev/KIS-AAI-DM-Master/data/caption_project/vietnam_architecture/Chùa_Bảo_Quang,_Tân_Phú_(Mặt_chính_diện_cổng),_tháng_5_năm_2021_(2)_105338443.png"
ChuaLinhPhuoc03_16881680.png,0.8021,manual,False,statue,statue,A large seated Buddha statue sits under a decorative dragon-shaped roof in an outdoor garden. Offerings are placed on a table before it. The foreground features a curved wall made of colorful tiles and stones.,"A seated Buddha statue sits beneath a large dragon-head canopy, positioned behind a dark wooden altar. The foreground features a curved wall constructed from dark glass bottles with green ceramic scales.",D:\caption_project\vietnam_architecture\ChuaLinhPhuoc03_16881680.png,/Users/jenfnguyen/Documents/Dev/KIS-AAI-DM-Master/data/caption_project/vietnam_architecture/ChuaLinhPhuoc03_16881680.png
"Chùa_Huệ_Nghiêm_năm_2022,_trúc_viên_(rừng_trúc)_(3)_127262729.png",0.8022,manual,False,,,Tall green bamboo stalks rise into leafy canopy beside a thatched roof structure supported by wooden poles. A light blue building is partially visible in the background.,"A small hut with a thatched roof made of dried leaves stands beside a dense grove of tall, dark green bamboo stalks. A multi-story building with light-colored walls is visible in the background.","D:\caption_project\vietnam_architecture\Chùa_Huệ_Nghiêm_năm_2022,_trúc_viên_(rừng_trúc)_(3)_127262729.png","/Users/jenfnguyen/Documents/Dev/KIS-AAI-DM-Master/data/caption_project/vietnam_architecture/Chùa_Huệ_Nghiêm_năm_2022,_trúc_viên_(rừng_trúc)_(3)_127262729.png"
Chùa_Huệ_Nghiêm_năm_2022_(cái_lu)_(1)_119470328.png,0.8024,manual,False,,,A brown ceramic jar with gold calligraphy sits on a tiled porch in front of tall dark wooden doors with geometric lattice windows.,Dark wooden doors with intricate geometric lattice panels stand against a light yellow wall on a tiled porch. A large brown ceramic jar with a lid sits in the foreground.,D:\caption_project\vietnam_architecture\Chùa_Huệ_Nghiêm_năm_2022_(cái_lu)_(1)_119470328.png,/Users/jenfnguyen/Documents/Dev/KIS-AAI-DM-Master/data/caption_project/vietnam_architecture/Chùa_Huệ_Nghiêm_năm_2022_(cái_lu)_(1)_119470328.png
Bich_Cau_Reconstruction_-_Timbers_24572385.png,0.8024,manual,False,,,"Stacks of large wooden logs are piled on a construction site under striped blue and orange tarps. In the background, there is a white building with windows and surrounding trees.","Large cylindrical wooden logs are stacked on the ground in an outdoor workshop area. A striped plastic tarp provides shade over the timber, with residential buildings visible in the background.",D:\caption_project\vietnam_architecture\Bich_Cau_Reconstruction_-_Timbers_24572385.png,/Users/jenfnguyen/Documents/Dev/KIS-AAI-DM-Master/data/caption_project/vietnam_architecture/Bich_Cau_Reconstruction_-_Timbers_24572385.png
BUDDIST_TEMPLE_TRAIMAT_VIETNAM_JAN_2012_(7031903879)_26363801.png,0.803,manual,False,pagoda/temple,pagoda/temple,A multi-tiered temple with curved roofs and ornate decorations is set against a blue sky. The structure features colorful ceramic tiles and detailed dragon sculptures on its eaves.,"Multi-tiered pagoda featuring intricate mosaic decorations made of ceramic shards and glass. The structure is adorned with dragon sculptures and curved roof eaves, set against a blue sky with scattered clouds.",D:\caption_project\vietnam_architecture\BUDDIST_TEMPLE_TRAIMAT_VIETNAM_JAN_2012_(7031903879)_26363801.png,/Users/jenfnguyen/Documents/Dev/KIS-AAI-DM-Master/data/caption_project/vietnam_architecture/BUDDIST_TEMPLE_TRAIMAT_VIETNAM_JAN_2012_(7031903879)_26363801.png
"Ancient_Tomb_Complex_in_Phước_Vĩnh_Đông_Commune,_Cần_Giuộc,_Việt_Nam_(45)_198204735.png",0.803,manual,False,tomb,tomb,"Several weathered stone tombs stand overgrown with bright green vegetation, surrounded by dense tropical foliage and palm fronds.",Stone tombs with rectangular bases and tiered roof structures are partially obscured by dense green foliage and palm leaves in an overgrown outdoor area.,"D:\caption_project\vietnam_architecture\Ancient_Tomb_Complex_in_Phước_Vĩnh_Đông_Commune,_Cần_Giuộc,_Việt_Nam_(45)_198204735.png","/Users/jenfnguyen/Documents/Dev/KIS-AAI-DM-Master/data/caption_project/vietnam_architecture/Ancient_Tomb_Complex_in_Phước_Vĩnh_Đông_Commune,_Cần_Giuộc,_Việt_Nam_(45)_198204735.png"
"Bảo_tháp_của_Chùa_Thiên_Mụ,_tháng_3_năm_2021_(3)_106177736.png",0.8033,manual,False,pagoda/temple,pagoda/temple,"A tall brick pagoda with multiple tiers and arched windows is viewed from below against a pale sky, surrounded by green pine trees and bare branches.",Octagonal pagoda tower constructed from reddish-brown bricks features multiple levels with arched openings and decorative white panels. The structure is surrounded by pine trees and bare-branched trees against a clear sky.,"D:\caption_project\vietnam_architecture\Bảo_tháp_của_Chùa_Thiên_Mụ,_tháng_3_năm_2021_(3)_106177736.png","/Users/jenfnguyen/Documents/Dev/KIS-AAI-DM-Master/data/caption_project/vietnam_architecture/Bảo_tháp_của_Chùa_Thiên_Mụ,_tháng_3_năm_2021_(3)_106177736.png"
"AP0011-Sallet_Annam,_Quang_Nam,_Dong_Duong,_1930_–_Dvarapala_de_la_deuxième_enceinte_144639410.png",0.8033,manual,False,statue,statue,"A black and white photograph of a weathered stone statue depicting a standing figure with one arm raised, positioned over a reclining form on a base, surrounded by dense foliage.","Stone statue of a warrior figure standing over a smaller crouching figure, captured in a black and white photograph. The sculpture is positioned outdoors amidst blurred foliage and trees.","D:\caption_project\vietnam_architecture\AP0011-Sallet_Annam,_Quang_Nam,_Dong_Duong,_1930_–_Dvarapala_de_la_deuxième_enceinte_144639410.png","/Users/jenfnguyen/Documents/Dev/KIS-AAI-DM-Master/data/caption_project/vietnam_architecture/AP0011-Sallet_Annam,_Quang_Nam,_Dong_Duong,_1930_–_Dvarapala_de_la_deuxième_enceinte_144639410.png"
"Chùa_Hòa_Bình_quận_10_(cổng_chùa,_cột_ghi_chữ_nho)_(1)_119455211.png",0.8035,manual,False,,,"Close-up of a building entrance with an arched metal gate featuring a lotus design. A vertical pillar displays Chinese characters, and green plants are visible to the left.","A light-colored wall features a vertical pillar with Chinese characters, adjacent to a metal gate decorated with a lotus motif. A curved roof edge with orange tiles is visible at the top.","D:\caption_project\vietnam_architecture\Chùa_Hòa_Bình_quận_10_(cổng_chùa,_cột_ghi_chữ_nho)_(1)_119455211.png","/Users/jenfnguyen/Documents/Dev/KIS-AAI-DM-Master/data/caption_project/vietnam_architecture/Chùa_Hòa_Bình_quận_10_(cổng_chùa,_cột_ghi_chữ_nho)_(1)_119455211.png"
"Chùa_Diệu_Pháp_(mái_trần_Chánh_điện,_họa_tiết)_(8)_127033119.png",0.8035,manual,False,,,Interior view showing a wooden ceiling with an ornate hexagonal light fixture and carved wooden wall panels featuring floral designs.,Wooden ceiling interior featuring an octagonal recessed panel with intricate carvings of coin motifs and a central chandelier with four white spherical bulbs. The walls below display carved wooden panels depicting plants.,"D:\caption_project\vietnam_architecture\Chùa_Diệu_Pháp_(mái_trần_Chánh_điện,_họa_tiết)_(8)_127033119.png","/Users/jenfnguyen/Documents/Dev/KIS-AAI-DM-Master/data/caption_project/vietnam_architecture/Chùa_Diệu_Pháp_(mái_trần_Chánh_điện,_họa_tiết)_(8)_127033119.png"
Chùa_Giác_Sanh_năm_2022_(kiến_trúc_chánh_điện_trên_lầu)_(15)_126992272.png,0.8038,manual,False,pagoda/temple,pagoda/temple,"A yellow temple facade with a green-tiled roof and red lanterns. Two large wooden pillars support the entrance, which features carved wooden doors and decorative panels with Chinese characters.","Pagoda exterior featuring a yellow facade, dark wooden doors, and green tiled roofs with curved edges. Red lanterns hang from the eaves, and ornate gold-colored inscriptions decorate the walls above the entrance.",D:\caption_project\vietnam_architecture\Chùa_Giác_Sanh_năm_2022_(kiến_trúc_chánh_điện_trên_lầu)_(15)_126992272.png,/Users/jenfnguyen/Documents/Dev/KIS-AAI-DM-Master/data/caption_project/vietnam_architecture/Chùa_Giác_Sanh_năm_2022_(kiến_trúc_chánh_điện_trên_lầu)_(15)_126992272.png
"Ancient_Tomb_Complex_in_Phước_Vĩnh_Đông_Commune,_Cần_Giuộc,_Việt_Nam_(37)_198204715.png",0.8038,manual,False,,tomb,"Close-up of a weathered stone architectural detail resembling a miniature traditional roof with curved tiles and ridge decorations on a pillar, surrounded by green foliage.","Stone roof structure of a tomb featuring weathered gray surfaces, curved roof tiles, and a central arched element. The structure is set against a blurred background of green foliage.","D:\caption_project\vietnam_architecture\Ancient_Tomb_Complex_in_Phước_Vĩnh_Đông_Commune,_Cần_Giuộc,_Việt_Nam_(37)_198204715.png","/Users/jenfnguyen/Documents/Dev/KIS-AAI-DM-Master/data/caption_project/vietnam_architecture/Ancient_Tomb_Complex_in_Phước_Vĩnh_Đông_Commune,_Cần_Giuộc,_Việt_Nam_(37)_198204715.png"
"Chum_vại_ở_Cát_Sơn,_Tết_năm_2017_(3)_102990050.png",0.8039,manual,False,,,A large brown glazed ceramic jar sits on a wet concrete surface next to a pile of dry leaves and debris.,Large ceramic water jar with a glossy brown and reddish finish sits on a concrete surface next to a stone step. The ground is damp and scattered with dry leaves.,"D:\caption_project\vietnam_architecture\Chum_vại_ở_Cát_Sơn,_Tết_năm_2017_(3)_102990050.png","/Users/jenfnguyen/Documents/Dev/KIS-AAI-DM-Master/data/caption_project/vietnam_architecture/Chum_vại_ở_Cát_Sơn,_Tết_năm_2017_(3)_102990050.png"
"Chùa_Huê_Nghiêm_ở_Thủ_Đức,_tháng_12_năm_2021_(cổng_bên)_(1)_113530445.png",0.804,manual,False,,,A traditional gate with a curved tiled roof and ornate yellow trim. The white metal gate features decorative scrollwork and is framed by reddish-brown pillars.,"Gate structure featuring a yellow wall with dark red floral carvings, topped by a green tiled roof edge. A metal gate with pointed spikes stands below, leading to a courtyard with trees.","D:\caption_project\vietnam_architecture\Chùa_Huê_Nghiêm_ở_Thủ_Đức,_tháng_12_năm_2021_(cổng_bên)_(1)_113530445.png","/Users/jenfnguyen/Documents/Dev/KIS-AAI-DM-Master/data/caption_project/vietnam_architecture/Chùa_Huê_Nghiêm_ở_Thủ_Đức,_tháng_12_năm_2021_(cổng_bên)_(1)_113530445.png"
"Chùa_Huê_Nghiêm_ở_Thủ_Đức,_tháng_12_năm_2021_(Cổng_chính)_(2)_113530443.png",0.8042,manual,False,pagoda/temple,pagoda/temple,"The ornate gate of Chua Hue Nghiem pagoda features a traditional curved roof with golden decorative ridges and intricate carvings on its pillars. Through the white metal gate, another temple building is visible in the background.","A pagoda gate featuring a tiled roof with golden ornaments, stone pillars with gold-painted carvings, and a white metal gate. Through the gate, a multi-story building with green roof tiles is visible.","D:\caption_project\vietnam_architecture\Chùa_Huê_Nghiêm_ở_Thủ_Đức,_tháng_12_năm_2021_(Cổng_chính)_(2)_113530443.png","/Users/jenfnguyen/Documents/Dev/KIS-AAI-DM-Master/data/caption_project/vietnam_architecture/Chùa_Huê_Nghiêm_ở_Thủ_Đức,_tháng_12_năm_2021_(Cổng_chính)_(2)_113530443.png"
"Chùa_Huê_Nghiêm_ở_Thủ_Đức,_tháng_12_năm_2021_(cổng_bên)_(3)_113530086.png",0.8042,manual,False,pagoda/temple,pagoda/temple,"A temple gate with red pillars and a roof adorned with golden lotus flowers and a wheel symbol above an ornate yellow panel, leading to a courtyard through white metal gates.","Gate of a temple featuring a tiled roof with green and gold accents, topped with a golden dharma wheel. A metal gate leads to a path with a building in the background.","D:\caption_project\vietnam_architecture\Chùa_Huê_Nghiêm_ở_Thủ_Đức,_tháng_12_năm_2021_(cổng_bên)_(3)_113530086.png","/Users/jenfnguyen/Documents/Dev/KIS-AAI-DM-Master/data/caption_project/vietnam_architecture/Chùa_Huê_Nghiêm_ở_Thủ_Đức,_tháng_12_năm_2021_(cổng_bên)_(3)_113530086.png"
Chùa_Huệ_Nghiêm_năm_2022_(Bậc_thang_ở_Di_Lặc_Phật_điện)_(2)_124489394.png,0.8045,manual,False,,,A view from a red wooden balcony with carved railings looks down onto a courtyard paved with grey stone tiles and green grass. Large potted trees stand on the light-colored ground.,Red wooden staircase with decorative railings leads down to a courtyard paved with rectangular grey stone blocks and green grass growing in the gaps. Several potted evergreen trees stand nearby.,D:\caption_project\vietnam_architecture\Chùa_Huệ_Nghiêm_năm_2022_(Bậc_thang_ở_Di_Lặc_Phật_điện)_(2)_124489394.png,/Users/jenfnguyen/Documents/Dev/KIS-AAI-DM-Master/data/caption_project/vietnam_architecture/Chùa_Huệ_Nghiêm_năm_2022_(Bậc_thang_ở_Di_Lặc_Phật_điện)_(2)_124489394.png
Ap_Bac_Memorial_Gate_14632911.png,0.8045,manual,False,,,"A monumental concrete gate with a curved top and red-brown pillars stands over a road, flanked by colorful flags on poles and a central Vietnamese flag. A truck drives under the archway where a sign reads CHIẾN THẮNG ẤP BÁC.","Concrete gate structure spanning a road, featuring a central archway with a sign, topped with a red flag and multiple colorful flags. The structure is painted in beige and dark red tones.",D:\caption_project\vietnam_architecture\Ap_Bac_Memorial_Gate_14632911.png,/Users/jenfnguyen/Documents/Dev/KIS-AAI-DM-Master/data/caption_project/vietnam_architecture/Ap_Bac_Memorial_Gate_14632911.png
Chùa_Diệu_Pháp_(lư_hương_khảm_sành_sứ)_(2)_127216875.png,0.8046,manual,False,,,A large three-legged incense burner made of colorful mosaic tiles stands on an orange tiled floor at the entrance of a building.,"Ceramic incense burner decorated with colorful mosaic shards stands on three legs on a tiled floor. The vessel features two tall handles and a Chinese character on the front, with incense sticks inside.",D:\caption_project\vietnam_architecture\Chùa_Diệu_Pháp_(lư_hương_khảm_sành_sứ)_(2)_127216875.png,/Users/jenfnguyen/Documents/Dev/KIS-AAI-DM-Master/data/caption_project/vietnam_architecture/Chùa_Diệu_Pháp_(lư_hương_khảm_sành_sứ)_(2)_127216875.png
"0040323_Thap_Doi_Cham_Hindu_complex,_Quy_Nhon,_Binh_Dinh_Vietnam_036_132483192.png",0.8046,manual,False,,,"Two weathered red brick towers with rectangular shapes and decorative arched niches stand side by side under a clear blue sky. Green plants grow on top of the structures, which are surrounded by grass and trees.","Two tall brick towers with square bases and pointed arch motifs stand on a grassy lawn. The red brick structures feature decorative carvings and vegetation growing from their flat, weathered tops.","D:\caption_project\vietnam_architecture\0040323_Thap_Doi_Cham_Hindu_complex,_Quy_Nhon,_Binh_Dinh_Vietnam_036_132483192.png","/Users/jenfnguyen/Documents/Dev/KIS-AAI-DM-Master/data/caption_project/vietnam_architecture/0040323_Thap_Doi_Cham_Hindu_complex,_Quy_Nhon,_Binh_Dinh_Vietnam_036_132483192.png"
"04052023_Ponagar_Hindu_temples_complex,_Nha_Trang_Vietnam_-_117_130722372.png",0.8046,manual,False,statue,,"A weathered brick tower with a triangular pediment above a stone doorway, featuring a central relief sculpture of a seated figure within an arched frame.",Brick tower entrance featuring a pointed archway with a stone relief carving of a dancing figure above the doorway. The structure is built from weathered reddish-brown bricks with stone pillars and lintels.,"D:\caption_project\vietnam_architecture\04052023_Ponagar_Hindu_temples_complex,_Nha_Trang_Vietnam_-_117_130722372.png","/Users/jenfnguyen/Documents/Dev/KIS-AAI-DM-Master/data/caption_project/vietnam_architecture/04052023_Ponagar_Hindu_temples_complex,_Nha_Trang_Vietnam_-_117_130722372.png"
"Bảo_tháp_của_Chùa_Thiên_Mụ,_tháng_3_năm_2021_(4)_106177731.png",0.8055,manual,False,pagoda/temple,pagoda/temple,A tall brick pagoda with multiple tiers and curved roofs stands against a clear sky. The structure features circular windows with decorative patterns and is surrounded by green pine trees.,Octagonal brick pagoda tower featuring multiple levels with curved tiled roofs and circular windows decorated with geometric patterns. The exterior walls are constructed from weathered brown bricks with visible signs of aging.,"D:\caption_project\vietnam_architecture\Bảo_tháp_của_Chùa_Thiên_Mụ,_tháng_3_năm_2021_(4)_106177731.png","/Users/jenfnguyen/Documents/Dev/KIS-AAI-DM-Master/data/caption_project/vietnam_architecture/Bảo_tháp_của_Chùa_Thiên_Mụ,_tháng_3_năm_2021_(4)_106177731.png"
Chu_viet_Cham_tren_phe_tich_My_Son_95037728.png,0.8056,manual,False,,,"A tall, weathered stone stele covered in rows of Khmer script stands upright in a grassy outdoor area surrounded by green vegetation and scattered stone blocks.","Tall stone stele featuring intricate carved inscriptions stands upright in an outdoor archaeological site. The weathered gray surface is surrounded by green vegetation, scattered rocks, and remnants of red brick structures.",D:\caption_project\vietnam_architecture\Chu_viet_Cham_tren_phe_tich_My_Son_95037728.png,/Users/jenfnguyen/Documents/Dev/KIS-AAI-DM-Master/data/caption_project/vietnam_architecture/Chu_viet_Cham_tren_phe_tich_My_Son_95037728.png
Chùa_Giác_Sanh_năm_2022_(cổng_chùa)_(10)_116026097.png,0.8058,manual,False,pagoda/temple,pagoda/temple,"A stone entrance gate with a large blue sign reading 'GIÁO HỘI PHẬT GIÁO VIỆT NAM CHÙA GIÁC SANH' leads into the courtyard of a Buddhist pagoda, decorated with colorful flags and red lanterns.","Pagoda entrance featuring a large blue sign with white text, stone-clad pillars, and an ornate black metal gate. Behind the gate, a yellow building with a curved roof is decorated with red lanterns.",D:\caption_project\vietnam_architecture\Chùa_Giác_Sanh_năm_2022_(cổng_chùa)_(10)_116026097.png,/Users/jenfnguyen/Documents/Dev/KIS-AAI-DM-Master/data/caption_project/vietnam_architecture/Chùa_Giác_Sanh_năm_2022_(cổng_chùa)_(10)_116026097.png
"Chùa_Huệ_Nghiêm_năm_2022,_ao_sen_(lan_can)_(4)_127250817.png",0.8058,manual,False,,bridge,"A concrete railing borders a green pond filled with large Victoria amazonica lily pads. A stone retaining wall and dense trees line the far side of the water, with a multi-story building visible behind the foliage.",Concrete bridge with a balustrade featuring dark green ceramic balusters overlooks a pond filled with large circular lily pads. A stone wall separates the water from a paved walkway and trees.,"D:\caption_project\vietnam_architecture\Chùa_Huệ_Nghiêm_năm_2022,_ao_sen_(lan_can)_(4)_127250817.png","/Users/jenfnguyen/Documents/Dev/KIS-AAI-DM-Master/data/caption_project/vietnam_architecture/Chùa_Huệ_Nghiêm_năm_2022,_ao_sen_(lan_can)_(4)_127250817.png"
Chua_Thien_Vuong_Co_Sat_05_14837165.png,0.8059,manual,False,,,A stone gate with a curved tiled roof stands among tall pine trees. The beige panels feature red Chinese characters and Dharma wheel symbols. A motorcycle is parked on the dirt path behind the structure.,"Gate structure with three openings, featuring brown tiled roofs and concrete pillars. The central panel displays red Chinese characters and two circular dharma wheel symbols, set within a pine forest environment.",D:\caption_project\vietnam_architecture\Chua_Thien_Vuong_Co_Sat_05_14837165.png,/Users/jenfnguyen/Documents/Dev/KIS-AAI-DM-Master/data/caption_project/vietnam_architecture/Chua_Thien_Vuong_Co_Sat_05_14837165.png
"Chùa_Di_Lặc_ở_Bình_Tân,_tháng_12_năm_2021_(Cổng_chùa)_(2)_113533095.png",0.806,manual,False,pagoda/temple,pagoda/temple,A stone gate with a golden sign reading CHUA DI LAC leads to a temple courtyard featuring a golden Buddha statue and a red-roofed pagoda.,"Stone gate entrance to a pagoda featuring a golden plaque with text, topped by a dharma wheel and dragon sculptures. A temple building with a curved tiled roof is visible in the background.","D:\caption_project\vietnam_architecture\Chùa_Di_Lặc_ở_Bình_Tân,_tháng_12_năm_2021_(Cổng_chùa)_(2)_113533095.png","/Users/jenfnguyen/Documents/Dev/KIS-AAI-DM-Master/data/caption_project/vietnam_architecture/Chùa_Di_Lặc_ở_Bình_Tân,_tháng_12_năm_2021_(Cổng_chùa)_(2)_113533095.png"
Chùa_Bình_An_năm_2022_(điện_thờ_Quan_Âm_khuôn_viên)_(1)_116395411.png,0.806,manual,False,,,"A small Vietnamese pavilion with a red tiled roof and ornate white trim stands behind overgrown green bushes. Two red pillars wrapped with golden dragons support the structure, which is situated near power lines.","Open-sided pavilion with a red tiled hip roof and curved eaves, featuring red pillars decorated with golden dragon carvings. Intricate white wooden brackets support the roof structure, partially obscured by green foliage.",D:\caption_project\vietnam_architecture\Chùa_Bình_An_năm_2022_(điện_thờ_Quan_Âm_khuôn_viên)_(1)_116395411.png,/Users/jenfnguyen/Documents/Dev/KIS-AAI-DM-Master/data/caption_project/vietnam_architecture/Chùa_Bình_An_năm_2022_(điện_thờ_Quan_Âm_khuôn_viên)_(1)_116395411.png
Chùa_Bình_An_năm_2022_(hành_lang_cửa_sổ)_(6)_116395147.png,0.8062,manual,False,,,A row of dark reddish-brown wooden windows with carved panels and vertical slats set into a light-colored tiled wall inside a building.,A row of dark polished wooden window panels with vertical slats and carved geometric details is installed along a wall. The lower wall section is covered in light-colored stone tiles.,D:\caption_project\vietnam_architecture\Chùa_Bình_An_năm_2022_(hành_lang_cửa_sổ)_(6)_116395147.png,/Users/jenfnguyen/Documents/Dev/KIS-AAI-DM-Master/data/caption_project/vietnam_architecture/Chùa_Bình_An_năm_2022_(hành_lang_cửa_sổ)_(6)_116395147.png
2013-07-18_My_An_Onsen_Resort_ミーアン温泉_DSCF1148_107169897.png,0.8062,manual,False,,,A swimming pool surrounded by lounge chairs and thatched-roof structures. The scene includes a large potted plant and trees casting shadows on the paved area.,"Swimming pool area featuring multiple thatched-roof huts supported by dark wooden posts. The surrounding patio is paved with irregular stone slabs, and a large potted bonsai tree sits in the foreground.",D:\caption_project\vietnam_architecture\2013-07-18_My_An_Onsen_Resort_ミーアン温泉_DSCF1148_107169897.png,/Users/jenfnguyen/Documents/Dev/KIS-AAI-DM-Master/data/caption_project/vietnam_architecture/2013-07-18_My_An_Onsen_Resort_ミーアン温泉_DSCF1148_107169897.png
"2012.01.25_Hanoi,_Ho_Chi_Minh-Mausoleum_18703481.png",0.8064,manual,False,tomb,tomb,"The Ho Chi Minh Mausoleum, a large granite mausoleum with a stepped pyramid structure and tall columns at the entrance, surrounded by manicured gardens and paved grounds.","Large stone mausoleum with a flat roof and rectangular columns, featuring the inscription ""CHỦ TỊCH HỒ-CHÍ-MINH"" on the facade. The structure is surrounded by potted yellow flowers and guards in white uniforms.","D:\caption_project\vietnam_architecture\2012.01.25_Hanoi,_Ho_Chi_Minh-Mausoleum_18703481.png","/Users/jenfnguyen/Documents/Dev/KIS-AAI-DM-Master/data/caption_project/vietnam_architecture/2012.01.25_Hanoi,_Ho_Chi_Minh-Mausoleum_18703481.png"
Annam._Qui-Nhon._Tours_chams_vues_de_l'o(uest)-s(ud)-o(uest)_-_(photogr.)_A._S(alles)_-_btv1b530132310_(1_of_2)_160982145.png,0.8067,manual,False,pagoda/temple,,"Two weathered brick towers of a ruined temple stand amidst overgrown vegetation, with trees growing from their crumbling tops and an arched doorway visible on the left structure.","Two weathered brick towers stand in a field, featuring pointed arch doorways and remnants of decorative carvings. Vegetation grows from the top and sides of the damaged structures under a clear sky.",D:\caption_project\vietnam_architecture\Annam._Qui-Nhon._Tours_chams_vues_de_l'o(uest)-s(ud)-o(uest)_-_(photogr.)_A._S(alles)_-_btv1b530132310_(1_of_2)_160982145.png,/Users/jenfnguyen/Documents/Dev/KIS-AAI-DM-Master/data/caption_project/vietnam_architecture/Annam._Qui-Nhon._Tours_chams_vues_de_l'o(uest)-s(ud)-o(uest)_-_(photogr.)_A._S(alles)_-_btv1b530132310_(1_of_2)_160982145.png
"04052023_Ponagar_Hindu_temples_complex,_Nha_Trang_Vietnam_-_175_130722354.png",0.8069,manual,False,pagoda/temple,pagoda/temple,"A large brick pagoda with a pyramidal roof and intricate carvings stands under a clear blue sky. The structure features multiple towers made of reddish-brown bricks, surrounded by green trees and potted bonsai plants on a paved courtyard.",Brick tower temple featuring a tall pyramidal roof and weathered orange masonry walls. The structure displays intricate carvings and sits on a paved courtyard surrounded by green trees and potted bonsai plants.,"D:\caption_project\vietnam_architecture\04052023_Ponagar_Hindu_temples_complex,_Nha_Trang_Vietnam_-_175_130722354.png","/Users/jenfnguyen/Documents/Dev/KIS-AAI-DM-Master/data/caption_project/vietnam_architecture/04052023_Ponagar_Hindu_temples_complex,_Nha_Trang_Vietnam_-_175_130722354.png"
Chua_Giac_Lam_Gate_13155627.png,0.807,manual,False,pagoda/temple,pagoda/temple,The ornate yellow gate of Giác Lâm Pagoda features a green-tiled roof with decorative ridges and displays a sign reading CHÙA GIÁC LÂM along with vertical red inscriptions on its pillars.,"Yellow pagoda gate with green tiled roofs and red Chinese and Vietnamese characters. The structure features a central archway, decorative roof ornaments, and a Buddhist flag flying on top.",D:\caption_project\vietnam_architecture\Chua_Giac_Lam_Gate_13155627.png,/Users/jenfnguyen/Documents/Dev/KIS-AAI-DM-Master/data/caption_project/vietnam_architecture/Chua_Giac_Lam_Gate_13155627.png
"Ancient_Tomb_Complex_in_Phước_Vĩnh_Đông_Commune,_Cần_Giuộc,_Việt_Nam_(3)_198204641.png",0.8074,manual,False,tomb,tomb,"Weathered stone tomb ruins with an arched gateway stand overgrown in tall green grass. In the background, small models of buildings with red roofs are surrounded by dense tropical vegetation.",Weathered stone tomb featuring a central arched gate and decorative pillars topped with lotus-shaped finials. The structure is surrounded by dense green vegetation and palm trees in an open field.,"D:\caption_project\vietnam_architecture\Ancient_Tomb_Complex_in_Phước_Vĩnh_Đông_Commune,_Cần_Giuộc,_Việt_Nam_(3)_198204641.png","/Users/jenfnguyen/Documents/Dev/KIS-AAI-DM-Master/data/caption_project/vietnam_architecture/Ancient_Tomb_Complex_in_Phước_Vĩnh_Đông_Commune,_Cần_Giuộc,_Việt_Nam_(3)_198204641.png"
Chùa_Giác_Sanh_năm_2022_(Họa_tiết_trong_chánh_điện)_(1)_126962072.png,0.8075,manual,False,,,"A close-up of a golden carved wooden beam featuring two dragons flanking a central Buddhist wheel symbol, mounted on a white ceiling above green potted plants.",Intricate wooden carving featuring two golden dragons flanking a central red dharma wheel symbol. The ornate panel is mounted on a white ceiling above a wall mural depicting green foliage.,D:\caption_project\vietnam_architecture\Chùa_Giác_Sanh_năm_2022_(Họa_tiết_trong_chánh_điện)_(1)_126962072.png,/Users/jenfnguyen/Documents/Dev/KIS-AAI-DM-Master/data/caption_project/vietnam_architecture/Chùa_Giác_Sanh_năm_2022_(Họa_tiết_trong_chánh_điện)_(1)_126962072.png
"Bảo_tháp_của_Chùa_Thiên_Mụ,_tháng_3_năm_2021_(6)_106177794.png",0.8075,manual,False,pagoda/temple,pagoda/temple,A seven-story octagonal brick pagoda with curved tiled roofs stands on a stone base. The reddish-brown structure features arched windows and is surrounded by bare trees.,"Octagonal pagoda tower constructed from reddish-brown brick with seven levels. Each level features arched openings, tiled roof edges, and vertical stone panels inscribed with Chinese characters, surrounded by trees on a stone base.","D:\caption_project\vietnam_architecture\Bảo_tháp_của_Chùa_Thiên_Mụ,_tháng_3_năm_2021_(6)_106177794.png","/Users/jenfnguyen/Documents/Dev/KIS-AAI-DM-Master/data/caption_project/vietnam_architecture/Bảo_tháp_của_Chùa_Thiên_Mụ,_tháng_3_năm_2021_(6)_106177794.png"
"0040423_Thap_Duong_Long_Cham_tower_temples,_Hindu_trinity,_Binh_Dinh_Vietnam_127_132506949.png",0.8075,manual,False,,,A weathered brick tower features a large stone relief carving of a dragon and a circular emblem on its exterior wall against a clear blue sky.,Brick tower wall featuring intricate stone carvings of deities set within arched frames. The weathered orange brickwork contrasts with the grey stone reliefs against a clear blue sky.,"D:\caption_project\vietnam_architecture\0040423_Thap_Duong_Long_Cham_tower_temples,_Hindu_trinity,_Binh_Dinh_Vietnam_127_132506949.png","/Users/jenfnguyen/Documents/Dev/KIS-AAI-DM-Master/data/caption_project/vietnam_architecture/0040423_Thap_Duong_Long_Cham_tower_temples,_Hindu_trinity,_Binh_Dinh_Vietnam_127_132506949.png"
Chùa_Hòa_Bình_quận_10_(cổng_chùa)_(2)_119455182.png,0.8075,manual,False,pagoda/temple,pagoda/temple,"A gray temple gate with a curved tiled roof and lotus motifs on its metal doors, flanked by tall pillars with vertical Chinese inscriptions, set in an urban area with buildings and plants.","Gate of a pagoda featuring a curved tiled roof, a central arched metal door with lotus motifs, and tall pillars decorated with Chinese characters. The structure is painted in light blue and grey tones.",D:\caption_project\vietnam_architecture\Chùa_Hòa_Bình_quận_10_(cổng_chùa)_(2)_119455182.png,/Users/jenfnguyen/Documents/Dev/KIS-AAI-DM-Master/data/caption_project/vietnam_architecture/Chùa_Hòa_Bình_quận_10_(cổng_chùa)_(2)_119455182.png
Chùa_Hòa_Bình_quận_10_(cổng_chùa)_(có_một_chữ_nho)_(3)_119455193.png,0.8076,manual,False,,pagoda/temple,"A traditional gate features a curved roof with decorative tiles and carved pillars. Large Chinese characters adorn the wall below, surrounded by green foliage.",Pagoda gate featuring a light blue wall with a large dark Chinese character in the center. The structure is topped with a curved tiled roof and flanked by two pillars with vertical inscriptions.,D:\caption_project\vietnam_architecture\Chùa_Hòa_Bình_quận_10_(cổng_chùa)_(có_một_chữ_nho)_(3)_119455193.png,/Users/jenfnguyen/Documents/Dev/KIS-AAI-DM-Master/data/caption_project/vietnam_architecture/Chùa_Hòa_Bình_quận_10_(cổng_chùa)_(có_một_chữ_nho)_(3)_119455193.png
"Chùa_Giác_Lâm,_tháng_01_năm_2022_(cổng_chùa)_(3)_115832701.png",0.8077,manual,False,pagoda/temple,,"An ornate yellow and green pagoda gate with curved tiled roofs and golden dragon sculptures stands under a blue sky, adorned with colorful flags and banners.","A yellow gate with green tiled roofs and golden dragon ornaments stands at an entrance. The structure features red Chinese characters, a golden metal gate, and colorful prayer flags hanging above.","D:\caption_project\vietnam_architecture\Chùa_Giác_Lâm,_tháng_01_năm_2022_(cổng_chùa)_(3)_115832701.png","/Users/jenfnguyen/Documents/Dev/KIS-AAI-DM-Master/data/caption_project/vietnam_architecture/Chùa_Giác_Lâm,_tháng_01_năm_2022_(cổng_chùa)_(3)_115832701.png"
Bia_phai_158683670.png,0.8079,manual,False,,,A large memorial wall with a red tiled frame and arched glass front displays numerous small black plaques arranged in rows. A golden star sits above an inscription at the top of the structure.,"Memorial monument featuring a dark red tiled structure with an arched top and a central black stone plaque inscribed with names. A gold star sits above the list, and a small incense burner rests below.",D:\caption_project\vietnam_architecture\Bia_phai_158683670.png,/Users/jenfnguyen/Documents/Dev/KIS-AAI-DM-Master/data/caption_project/vietnam_architecture/Bia_phai_158683670.png
Chùa_Huệ_Nghiêm_năm_2022_(Bậc_thang_ở_Di_Lặc_Phật_điện)_(6b)_124489403.png,0.8081,manual,False,,,"A wide staircase with reddish-brown stone steps and matching wooden railings with decorative posts ascends toward a building entrance, surrounded by potted trees on a paved courtyard.",Stone staircase with reddish-brown steps and matching wooden railings featuring geometric patterns. The structure is set outdoors near potted bonsai trees on a paved ground surface.,D:\caption_project\vietnam_architecture\Chùa_Huệ_Nghiêm_năm_2022_(Bậc_thang_ở_Di_Lặc_Phật_điện)_(6b)_124489403.png,/Users/jenfnguyen/Documents/Dev/KIS-AAI-DM-Master/data/caption_project/vietnam_architecture/Chùa_Huệ_Nghiêm_năm_2022_(Bậc_thang_ở_Di_Lặc_Phật_điện)_(6b)_124489403.png
"0040323_Thap_Doi_Cham_Hindu_complex,_Quy_Nhon,_Binh_Dinh_Vietnam_273_132483216.png",0.8081,manual,False,,,"A low-angle view of a weathered brick tower with intricate vertical carvings and stepped tiers against a clear blue sky, framed by green tree leaves on the left.","Brick tower wall featuring vertical pilasters and a pointed arch niche with intricate carvings. The orange-brown structure stands against a clear blue sky, with green foliage visible in the lower left corner.","D:\caption_project\vietnam_architecture\0040323_Thap_Doi_Cham_Hindu_complex,_Quy_Nhon,_Binh_Dinh_Vietnam_273_132483216.png","/Users/jenfnguyen/Documents/Dev/KIS-AAI-DM-Master/data/caption_project/vietnam_architecture/0040323_Thap_Doi_Cham_Hindu_complex,_Quy_Nhon,_Binh_Dinh_Vietnam_273_132483216.png"
Chùa_Diệu_Pháp_(mái_trần_Chánh_điện)_(4)_127033091.png,0.8082,manual,False,,,An ornate wooden ceiling fixture with carved hexagonal frame and six frosted glass globes. The polished wood ceiling is visible above green trees seen through an open doorway.,Wooden ceiling featuring an octagonal carved panel with a central chandelier holding four spherical white glass lamps. The surrounding ceiling is made of polished orange-toned wood planks.,D:\caption_project\vietnam_architecture\Chùa_Diệu_Pháp_(mái_trần_Chánh_điện)_(4)_127033091.png,/Users/jenfnguyen/Documents/Dev/KIS-AAI-DM-Master/data/caption_project/vietnam_architecture/Chùa_Diệu_Pháp_(mái_trần_Chánh_điện)_(4)_127033091.png
"Chùa_Bửu_Thắng,_Tân_Phú_(cổng_chùa_mặt_bên),_tháng_5_năm_2021_(8)_106024613.png",0.8083,manual,False,pagoda/temple,pagoda/temple,"An ornate temple gate with a yellow facade and large blue metal doors, featuring prominent pink Chinese characters above the entrance and decorative circular motifs on the side pillars.","Pagoda gate featuring a light blue metal door, yellow pillars with red Chinese characters, and two small roofed structures on top. A golden dharma wheel symbol is centered above the gate.","D:\caption_project\vietnam_architecture\Chùa_Bửu_Thắng,_Tân_Phú_(cổng_chùa_mặt_bên),_tháng_5_năm_2021_(8)_106024613.png","/Users/jenfnguyen/Documents/Dev/KIS-AAI-DM-Master/data/caption_project/vietnam_architecture/Chùa_Bửu_Thắng,_Tân_Phú_(cổng_chùa_mặt_bên),_tháng_5_năm_2021_(8)_106024613.png"
"Chùa_Huệ_Nghiêm_năm_2022,_trúc_viên_(khóm_trúc)_(5)_127262517.png",0.8085,manual,False,,,"Tall green bamboo stalks grow densely together on a bed of dry leaves. A terracotta pot sits among the plants, and a building is visible in the background.","Tall green bamboo stalks stand in a cluster with carved inscriptions on their surfaces. In the background, a portion of a light-colored building with a grid-patterned wall is partially visible.","D:\caption_project\vietnam_architecture\Chùa_Huệ_Nghiêm_năm_2022,_trúc_viên_(khóm_trúc)_(5)_127262517.png","/Users/jenfnguyen/Documents/Dev/KIS-AAI-DM-Master/data/caption_project/vietnam_architecture/Chùa_Huệ_Nghiêm_năm_2022,_trúc_viên_(khóm_trúc)_(5)_127262517.png"
Chùa_Huệ_Nghiêm_năm_2022_(Bậc_thang_ở_Di_Lặc_Phật_điện)_(6c)_124489404.png,0.8085,manual,False,,,A wide outdoor staircase with reddish-brown stone steps is flanked by ornate wooden railings painted red. The surrounding courtyard features manicured bonsai trees in large pots and a paved ground.,Red stone staircase with matching wooden railings leads upward. The structure features decorative posts and is surrounded by potted green plants and a paved courtyard with patches of grass.,D:\caption_project\vietnam_architecture\Chùa_Huệ_Nghiêm_năm_2022_(Bậc_thang_ở_Di_Lặc_Phật_điện)_(6c)_124489404.png,/Users/jenfnguyen/Documents/Dev/KIS-AAI-DM-Master/data/caption_project/vietnam_architecture/Chùa_Huệ_Nghiêm_năm_2022_(Bậc_thang_ở_Di_Lặc_Phật_điện)_(6c)_124489404.png
"Chùa_Huệ_Nghiêm_năm_2022,_trúc_viên_(khóm_trúc)_(2)_127262509.png",0.8087,manual,False,,,A cluster of tall green bamboo plants grows in a raised octagonal planter filled with brown mulch on a paved courtyard.,"A cluster of tall green bamboo stalks grows within a hexagonal planter box made of light-colored tiles. In the background, a multi-story building with yellow walls and a tiled courtyard is visible.","D:\caption_project\vietnam_architecture\Chùa_Huệ_Nghiêm_năm_2022,_trúc_viên_(khóm_trúc)_(2)_127262509.png","/Users/jenfnguyen/Documents/Dev/KIS-AAI-DM-Master/data/caption_project/vietnam_architecture/Chùa_Huệ_Nghiêm_năm_2022,_trúc_viên_(khóm_trúc)_(2)_127262509.png"
"0040423_Thap_Duong_Long_Cham_tower_temples,_Hindu_trinity,_Binh_Dinh_Vietnam_074_132506940.png",0.8088,manual,False,,,"A weathered red brick tower features a tall stone stele with carved reliefs and inscriptions set between two sections of crumbling wall, surrounded by green foliage.","Red brick tower structure featuring intricate stone carvings of figures above a narrow doorway. The weathered masonry displays vertical pilasters and textured surfaces, with green foliage growing near the base of the walls.","D:\caption_project\vietnam_architecture\0040423_Thap_Duong_Long_Cham_tower_temples,_Hindu_trinity,_Binh_Dinh_Vietnam_074_132506940.png","/Users/jenfnguyen/Documents/Dev/KIS-AAI-DM-Master/data/caption_project/vietnam_architecture/0040423_Thap_Duong_Long_Cham_tower_temples,_Hindu_trinity,_Binh_Dinh_Vietnam_074_132506940.png"
Chùa_Bình_An_năm_2022_(Miếu_Ngũ_Hành)_(1)_116395357.png,0.809,manual,False,statue,pagoda/temple,"A traditional gate with a curved tiled roof adorned with golden dragon sculptures. Blue and gold painted pillars feature intricate carvings, set against surrounding buildings under a clear sky.",Small shrine with a tiled roof featuring golden dragon sculptures on the ridge and eaves. The structure has blue pillars wrapped in golden dragons and is situated in a courtyard with surrounding buildings.,D:\caption_project\vietnam_architecture\Chùa_Bình_An_năm_2022_(Miếu_Ngũ_Hành)_(1)_116395357.png,/Users/jenfnguyen/Documents/Dev/KIS-AAI-DM-Master/data/caption_project/vietnam_architecture/Chùa_Bình_An_năm_2022_(Miếu_Ngũ_Hành)_(1)_116395357.png
Chùa_Giác_Sanh_năm_2022_(cổng_chùa_mặt_sau)_(23)_116026094.png,0.8092,manual,False,house,,A yellow tiled gate with a blue swastika symbol on top stands at an entrance to a street lined with shophouses and overhead power lines.,"Yellow gate with a swastika symbol on top stands at a street entrance, featuring two pillars topped with lotus-shaped ornaments, a Vietnamese flag, and a Buddhist flag flying above.",D:\caption_project\vietnam_architecture\Chùa_Giác_Sanh_năm_2022_(cổng_chùa_mặt_sau)_(23)_116026094.png,/Users/jenfnguyen/Documents/Dev/KIS-AAI-DM-Master/data/caption_project/vietnam_architecture/Chùa_Giác_Sanh_năm_2022_(cổng_chùa_mặt_sau)_(23)_116026094.png
Chua_cu_(11)_100670124.png,0.8093,manual,False,pagoda/temple,pagoda/temple,A red and gold temple gate with a multi-tiered roof stands at the entrance of a dirt path lined with golden pillars topped by white birds and low walls adorned with naga serpents.,"Gate of a pagoda featuring a tiered roof, painted in red and gold with ornate carvings. Two tall golden pillars topped with bird sculptures stand on either side of the entrance path.",D:\caption_project\vietnam_architecture\Chua_cu_(11)_100670124.png,/Users/jenfnguyen/Documents/Dev/KIS-AAI-DM-Master/data/caption_project/vietnam_architecture/Chua_cu_(11)_100670124.png
"Chùa_Giác_Lâm,_tháng_01_năm_2022_(cổng_chùa)_(2)_115832699.png",0.8095,manual,False,pagoda/temple,,An ornate temple gate with curved green-tiled roofs and golden dragon sculptures on top. The orange structure features intricate metalwork doors and a large sign reading TỲ ĐÌNH GIÁC LÂM.,"A yellow gate structure featuring a green tiled roof with dragon ornaments and a central sign. The gate is decorated with Chinese characters and topped with a dharma wheel, surrounded by Buddhist flags.","D:\caption_project\vietnam_architecture\Chùa_Giác_Lâm,_tháng_01_năm_2022_(cổng_chùa)_(2)_115832699.png","/Users/jenfnguyen/Documents/Dev/KIS-AAI-DM-Master/data/caption_project/vietnam_architecture/Chùa_Giác_Lâm,_tháng_01_năm_2022_(cổng_chùa)_(2)_115832699.png"
Chùa_Bình_An_năm_2022_(hành_lang_cửa_sổ)_(5)_116395146.png,0.8103,manual,False,,,"A long corridor inside a building features dark brown wooden doors with carved panels and vertical slats, set against yellow walls above light beige tiled wainscoting.","A corridor features a row of polished dark wood windows with vertical slats and carved panels. The wall is painted yellow above a light-colored tiled base, with a matching tiled floor.",D:\caption_project\vietnam_architecture\Chùa_Bình_An_năm_2022_(hành_lang_cửa_sổ)_(5)_116395146.png,/Users/jenfnguyen/Documents/Dev/KIS-AAI-DM-Master/data/caption_project/vietnam_architecture/Chùa_Bình_An_năm_2022_(hành_lang_cửa_sổ)_(5)_116395146.png
Chùa_Bình_An_năm_2022_(trên_chánh_điện)_(3)_116395150.png,0.8105,manual,False,,statue,A golden wooden lattice panel with intricate carvings and a large central character is mounted between two reddish-brown pillars inside a building.,"Intricate wooden lattice screen featuring carved patterns and a central Chinese character, positioned between two dark red cylindrical pillars inside a structure with yellow walls and a partial view of a golden statue.",D:\caption_project\vietnam_architecture\Chùa_Bình_An_năm_2022_(trên_chánh_điện)_(3)_116395150.png,/Users/jenfnguyen/Documents/Dev/KIS-AAI-DM-Master/data/caption_project/vietnam_architecture/Chùa_Bình_An_năm_2022_(trên_chánh_điện)_(3)_116395150.png
Canh_1_1655846.png,0.8107,manual,False,bridge,bridge,"A man stands on a brick path next to a landscaped garden with a large artificial rock formation and green bushes. In the background, a stone bridge crosses over water near traditional buildings under a cloudy sky.","A man stands next to a large, grey, textured rock formation in a garden setting. In the background, a curved stone bridge with railings spans a path, surrounded by trees and palms.",D:\caption_project\vietnam_architecture\Canh_1_1655846.png,/Users/jenfnguyen/Documents/Dev/KIS-AAI-DM-Master/data/caption_project/vietnam_architecture/Canh_1_1655846.png
Band_stand_near_the_statue_of_Ly_Thai_To_in_2014_63506588.png,0.8108,manual,False,,,"A hexagonal pavilion with a multi-tiered roof covered in red tiles and yellow ornamental ridges stands on a stone base in an open paved plaza. People gather around its wooden railing, with colonial-style buildings and trees visible in the background.","Octagonal open-air pavilion with a tiled hip roof and yellow decorative eaves stands in a paved plaza. The structure features dark wooden pillars and a low stone base, surrounded by trees and colonial-style buildings.",D:\caption_project\vietnam_architecture\Band_stand_near_the_statue_of_Ly_Thai_To_in_2014_63506588.png,/Users/jenfnguyen/Documents/Dev/KIS-AAI-DM-Master/data/caption_project/vietnam_architecture/Band_stand_near_the_statue_of_Ly_Thai_To_in_2014_63506588.png
Chùa_Giác_Sanh_năm_2022_(Ban_thờ_trong_chánh_điện)_(11)_126983174.png,0.811,manual,False,statue,statue,"An interior altar features a large golden Buddha statue seated under a painted tree backdrop, flanked by smaller figures and surrounded by offerings of green fruit and flowers.","Golden Buddha statue sits in a meditative pose before a painted backdrop of a large tree and landscape. The altar features smaller statues, incense, and bowls of green pomelos.",D:\caption_project\vietnam_architecture\Chùa_Giác_Sanh_năm_2022_(Ban_thờ_trong_chánh_điện)_(11)_126983174.png,/Users/jenfnguyen/Documents/Dev/KIS-AAI-DM-Master/data/caption_project/vietnam_architecture/Chùa_Giác_Sanh_năm_2022_(Ban_thờ_trong_chánh_điện)_(11)_126983174.png
"Chùa_Huệ_Nghiêm_năm_2022,_trúc_viên_(rừng_trúc)_(6)_127262732.png",0.8114,manual,False,,,"A dense cluster of tall green bamboo stalks rises upward, their slender stems and feathery leaves filling the frame against a bright sky.","Dense bamboo stalks with green leaves fill the frame, extending upwards towards the sky. A small portion of a thatched roof structure is visible at the very bottom left corner.","D:\caption_project\vietnam_architecture\Chùa_Huệ_Nghiêm_năm_2022,_trúc_viên_(rừng_trúc)_(6)_127262732.png","/Users/jenfnguyen/Documents/Dev/KIS-AAI-DM-Master/data/caption_project/vietnam_architecture/Chùa_Huệ_Nghiêm_năm_2022,_trúc_viên_(rừng_trúc)_(6)_127262732.png"
2013-07-18_My_An_Onsen_Resort_ミーアン温泉_DSCF1164_107169903.png,0.8115,manual,False,,,A swimming pool surrounded by thatched umbrellas and lounge chairs on a stone patio. People are relaxing in the water under large trees.,"Swimming pool area featuring thatched-roof umbrellas supported by wooden posts, surrounded by stone-paved walkways and lounge chairs. The pool has light-colored water and is situated within a garden setting with trees.",D:\caption_project\vietnam_architecture\2013-07-18_My_An_Onsen_Resort_ミーアン温泉_DSCF1164_107169903.png,/Users/jenfnguyen/Documents/Dev/KIS-AAI-DM-Master/data/caption_project/vietnam_architecture/2013-07-18_My_An_Onsen_Resort_ミーアン温泉_DSCF1164_107169903.png
Anh_chup_thap_Rua_122918646.png,0.8116,manual,False,pagoda/temple,pagoda/temple,"A brightly lit pagoda with a multi-tiered curved roof stands on water at night, its golden light reflecting on the dark surface below.","Small multi-story pagoda illuminated at night, situated on a small island in the middle of a dark lake. The structure features arched openings and is reflected in the water below.",D:\caption_project\vietnam_architecture\Anh_chup_thap_Rua_122918646.png,/Users/jenfnguyen/Documents/Dev/KIS-AAI-DM-Master/data/caption_project/vietnam_architecture/Anh_chup_thap_Rua_122918646.png
Chùa_Giác_Sanh_năm_2022_(trong_chánh_điện)_(6)_126962086.png,0.8126,manual,False,pagoda/temple,pagoda/temple,Interior of a Vietnamese temple with a large golden Buddha statue on an ornate altar surrounded by carved wooden panels and red lanterns hanging from the ceiling.,"Interior of a temple featuring a central altar with gold-painted wooden carvings, red lanterns hanging from the ceiling, and a tiled floor covered by large red patterned rugs.",D:\caption_project\vietnam_architecture\Chùa_Giác_Sanh_năm_2022_(trong_chánh_điện)_(6)_126962086.png,/Users/jenfnguyen/Documents/Dev/KIS-AAI-DM-Master/data/caption_project/vietnam_architecture/Chùa_Giác_Sanh_năm_2022_(trong_chánh_điện)_(6)_126962086.png
"0040323_Thap_Banh_It_complex,_Nhon_Hoa,_Binh_Dinh_Vietnam_198_132478892.png",0.8126,manual,False,,,A weathered red brick tower with multiple tiers and green vegetation growing from its roof and crevices against a clear blue sky.,Brick tower structure featuring tiered levels with vertical pilasters and decorative carvings. The exterior walls are weathered with patches of moss and small plants growing from the crevices under a clear blue sky.,"D:\caption_project\vietnam_architecture\0040323_Thap_Banh_It_complex,_Nhon_Hoa,_Binh_Dinh_Vietnam_198_132478892.png","/Users/jenfnguyen/Documents/Dev/KIS-AAI-DM-Master/data/caption_project/vietnam_architecture/0040323_Thap_Banh_It_complex,_Nhon_Hoa,_Binh_Dinh_Vietnam_198_132478892.png"
"Bảo_tháp_của_Chùa_Thiên_Mụ,_tháng_3_năm_2021_(7)_106177795.png",0.8127,manual,False,pagoda/temple,pagoda/temple,A tall brick pagoda with seven octagonal tiers and curved eaves stands in a grassy area surrounded by bare-branched trees under an overcast sky.,"Octagonal brick pagoda with seven tiers featuring arched openings, a weathered orange and brown facade, and stone-carved inscriptions on the lower level. The structure stands on a raised stone base surrounded by trees.","D:\caption_project\vietnam_architecture\Bảo_tháp_của_Chùa_Thiên_Mụ,_tháng_3_năm_2021_(7)_106177795.png","/Users/jenfnguyen/Documents/Dev/KIS-AAI-DM-Master/data/caption_project/vietnam_architecture/Bảo_tháp_của_Chùa_Thiên_Mụ,_tháng_3_năm_2021_(7)_106177795.png"
"Chùa_Huệ_Nghiêm_năm_2022_(khu_nội_viện,_cổng_tam_quan)_(17)_127034210.png",0.8129,manual,False,,pagoda/temple,"A traditional wooden gate with curved, orange-tiled roofs and upturned eaves stands amidst green trees. The structure features dark brown wood pillars and a large sign with gold characters above the entrance.","Wooden gate of a temple featuring curved tiled roofs with decorative finials, dark brown timber pillars, and gold Chinese characters on horizontal plaques. Green trees and foliage are visible in the background.","D:\caption_project\vietnam_architecture\Chùa_Huệ_Nghiêm_năm_2022_(khu_nội_viện,_cổng_tam_quan)_(17)_127034210.png","/Users/jenfnguyen/Documents/Dev/KIS-AAI-DM-Master/data/caption_project/vietnam_architecture/Chùa_Huệ_Nghiêm_năm_2022_(khu_nội_viện,_cổng_tam_quan)_(17)_127034210.png"
"Chùa_Giác_Sanh_năm_2022_(kiến_trúc_chánh_điện_trên_lầu,_cửa_gỗ)_(2)_123933707.png",0.813,manual,False,pagoda/temple,pagoda/temple,"The interior of a Vietnamese temple features polished stone floors reflecting the space. A large wooden door stands open, revealing an altar area beneath yellow walls adorned with intricate golden decorations and traditional red and gold motifs.",Interior of a temple featuring a bright yellow wall with a prominent red and gold decorative plaque above a wooden doorway. The open door reveals a space with carved wooden panels and a statue.,"D:\caption_project\vietnam_architecture\Chùa_Giác_Sanh_năm_2022_(kiến_trúc_chánh_điện_trên_lầu,_cửa_gỗ)_(2)_123933707.png","/Users/jenfnguyen/Documents/Dev/KIS-AAI-DM-Master/data/caption_project/vietnam_architecture/Chùa_Giác_Sanh_năm_2022_(kiến_trúc_chánh_điện_trên_lầu,_cửa_gỗ)_(2)_123933707.png"
Beads_from_Burial_Jacket_(9967100723)_102411685.png,0.813,manual,False,,,A collection of small cowrie shells and metallic beads arranged on a dark gray background.,"Small decorative elements including metallic spheres and cowrie shells are arranged in a symmetrical pattern on a dark rectangular background, likely representing a detail from a larger architectural or craft display.",D:\caption_project\vietnam_architecture\Beads_from_Burial_Jacket_(9967100723)_102411685.png,/Users/jenfnguyen/Documents/Dev/KIS-AAI-DM-Master/data/caption_project/vietnam_architecture/Beads_from_Burial_Jacket_(9967100723)_102411685.png
Chùa_Giác_Sanh_năm_2022_(Mái_rồng)_(5)_126985375.png,0.8131,manual,False,pagoda/temple,statue,"A close-up of a traditional pagoda roof corner featuring golden dragon sculptures along the ridge, green glazed tiles, and a hanging red lantern against a blue sky.","Curved roof corner of a building featuring a golden dragon sculpture on the ridge. A red lantern hangs from the eaves, with urban buildings and a blue sky visible in the background.",D:\caption_project\vietnam_architecture\Chùa_Giác_Sanh_năm_2022_(Mái_rồng)_(5)_126985375.png,/Users/jenfnguyen/Documents/Dev/KIS-AAI-DM-Master/data/caption_project/vietnam_architecture/Chùa_Giác_Sanh_năm_2022_(Mái_rồng)_(5)_126985375.png
Budhismaj_statuoj_en_nefinita_parto_de_pagodo_Linh_Phước_(Dalato)_01_98821868.png,0.8131,manual,False,statue,statue,A row of golden statues stands on pedestals under a sheltered structure with decorative banners and painted ceiling panels.,Multiple golden statues of standing figures with elaborate halos are arranged in a row on square pedestals. They are situated in a covered area with pillars and a donation box nearby.,D:\caption_project\vietnam_architecture\Budhismaj_statuoj_en_nefinita_parto_de_pagodo_Linh_Phước_(Dalato)_01_98821868.png,/Users/jenfnguyen/Documents/Dev/KIS-AAI-DM-Master/data/caption_project/vietnam_architecture/Budhismaj_statuoj_en_nefinita_parto_de_pagodo_Linh_Phước_(Dalato)_01_98821868.png
"Chùa_Huệ_Nghiêm_năm_2022_(kiến_trúc_Di_Lặc_phật_điện,_mái_ngói_gạch_đỏ)_(2)_126992838.png",0.8134,manual,False,pagoda/temple,pagoda/temple,"A large traditional pagoda with a sweeping red-tiled roof and curved eaves, supported by reddish-brown wooden pillars and railings, surrounded by green trees and bushes.","Pagoda with a large orange tiled roof and curved eaves, featuring dark wooden pillars and a balcony. A green fence and a lotus pond are visible in the foreground with trees behind.","D:\caption_project\vietnam_architecture\Chùa_Huệ_Nghiêm_năm_2022_(kiến_trúc_Di_Lặc_phật_điện,_mái_ngói_gạch_đỏ)_(2)_126992838.png","/Users/jenfnguyen/Documents/Dev/KIS-AAI-DM-Master/data/caption_project/vietnam_architecture/Chùa_Huệ_Nghiêm_năm_2022_(kiến_trúc_Di_Lặc_phật_điện,_mái_ngói_gạch_đỏ)_(2)_126992838.png"
"Chùa_Bảo_Quang,_Tân_Phú_(Mặt_chính_diện_cổng),_tháng_5_năm_2021_(6)_105338472.png",0.8135,manual,False,pagoda/temple,pagoda/temple,"A traditional Vietnamese pagoda gate features a curved tiled roof, ornate wooden carvings, and blue-tiled walls. A large golden sign reads CHÙA BẢO QUANG with the address below.","Pagoda gate featuring a multi-tiered curved roof with brown tiles, dark grey stone walls, and intricate wooden carvings. A large gold-lettered sign is mounted above a black metal gate.","D:\caption_project\vietnam_architecture\Chùa_Bảo_Quang,_Tân_Phú_(Mặt_chính_diện_cổng),_tháng_5_năm_2021_(6)_105338472.png","/Users/jenfnguyen/Documents/Dev/KIS-AAI-DM-Master/data/caption_project/vietnam_architecture/Chùa_Bảo_Quang,_Tân_Phú_(Mặt_chính_diện_cổng),_tháng_5_năm_2021_(6)_105338472.png"
Chùa_Hòa_Bình_quận_10_(cổng_chùa)_(có_một_chữ_nho)_(2)_119455194.png,0.8135,manual,False,,pagoda/temple,"A traditional Vietnamese gate with a curved tiled roof and ornate carvings. A large Chinese character is mounted on the light gray wall, surrounded by green palm fronds.","Pagoda gate featuring a curved tiled roof and light blue walls with dark Chinese calligraphy. The structure includes decorative corner carvings and vertical pillars with inscribed text, surrounded by green foliage.",D:\caption_project\vietnam_architecture\Chùa_Hòa_Bình_quận_10_(cổng_chùa)_(có_một_chữ_nho)_(2)_119455194.png,/Users/jenfnguyen/Documents/Dev/KIS-AAI-DM-Master/data/caption_project/vietnam_architecture/Chùa_Hòa_Bình_quận_10_(cổng_chùa)_(có_một_chữ_nho)_(2)_119455194.png
Chùa_Giác_Sanh_năm_2022_(họa_tiết_bàn_thờ_Phật_trong_chánh_điện)_(3)_126961751.png,0.8135,manual,False,,,"A close-up of a black and gold architectural detail featuring ornate carvings, including a dragon motif within a circle and floral patterns on a dark surface.","Detail of a black and gold altar featuring intricate carvings of a dragon within a circular frame, floral motifs, and a geometric meander pattern along the top edge.",D:\caption_project\vietnam_architecture\Chùa_Giác_Sanh_năm_2022_(họa_tiết_bàn_thờ_Phật_trong_chánh_điện)_(3)_126961751.png,/Users/jenfnguyen/Documents/Dev/KIS-AAI-DM-Master/data/caption_project/vietnam_architecture/Chùa_Giác_Sanh_năm_2022_(họa_tiết_bàn_thờ_Phật_trong_chánh_điện)_(3)_126961751.png
"Chùa_Huệ_Nghiêm_năm_2022,_trúc_viên_(rừng_trúc)_(4)_127262731.png",0.8138,manual,False,,,A dense grove of tall green bamboo stalks and leaves partially obscures a thatched roof structure visible at the bottom of the frame.,Small hut with a thatched roof nestled within a dense grove of tall green bamboo stalks. The structure features wooden supports and is partially obscured by the surrounding vegetation.,"D:\caption_project\vietnam_architecture\Chùa_Huệ_Nghiêm_năm_2022,_trúc_viên_(rừng_trúc)_(4)_127262731.png","/Users/jenfnguyen/Documents/Dev/KIS-AAI-DM-Master/data/caption_project/vietnam_architecture/Chùa_Huệ_Nghiêm_năm_2022,_trúc_viên_(rừng_trúc)_(4)_127262731.png"
An_Dinh_Palace_-_Cung_An_Định_(2024)_-_pavilion_-_img_01_151201295.png,0.814,manual,False,house,statue,A yellow octagonal pavilion with a curved roof and dark decorative trim houses a bronze statue inside. The structure stands on a stone base next to a larger yellow colonial-style building under an overcast sky.,"Hexagonal pavilion with a tiled roof featuring dragon ornaments and yellow pillars stands in front of a yellow colonial building. A bronze statue is positioned inside the open pavilion, surrounded by palm trees.",D:\caption_project\vietnam_architecture\An_Dinh_Palace_-_Cung_An_Định_(2024)_-_pavilion_-_img_01_151201295.png,/Users/jenfnguyen/Documents/Dev/KIS-AAI-DM-Master/data/caption_project/vietnam_architecture/An_Dinh_Palace_-_Cung_An_Định_(2024)_-_pavilion_-_img_01_151201295.png
20231004_Outside_of_the_mausoleum_of_Triệu_Mạt_169406359.png,0.814,manual,False,,,Modern black building with a steep gabled roof and large glass doors stands at the end of a paved path flanked by trimmed green hedges on a grassy lawn.,Modern building with a triangular roof and dark glass walls stands at the end of a stone path. The structure is surrounded by green hedges and manicured lawns under a cloudy sky.,D:\caption_project\vietnam_architecture\20231004_Outside_of_the_mausoleum_of_Triệu_Mạt_169406359.png,/Users/jenfnguyen/Documents/Dev/KIS-AAI-DM-Master/data/caption_project/vietnam_architecture/20231004_Outside_of_the_mausoleum_of_Triệu_Mạt_169406359.png
Big_bell_in_Chùa_Linh_Phước_-_panoramio_56269460.png,0.8144,manual,False,,,"A large bronze cylindrical bell stands inside a building, its lower section covered with yellow paper slips. The bell has decorative bands and faded inscriptions, surrounded by painted walls.","Large bronze bell suspended in an interior space, featuring relief carvings and numerous yellow paper slips attached to its lower surface. The bell is supported by a dark wooden frame structure.",D:\caption_project\vietnam_architecture\Big_bell_in_Chùa_Linh_Phước_-_panoramio_56269460.png,/Users/jenfnguyen/Documents/Dev/KIS-AAI-DM-Master/data/caption_project/vietnam_architecture/Big_bell_in_Chùa_Linh_Phước_-_panoramio_56269460.png
2013-07-18_My_An_Onsen_Resort_ミーアン温泉_DSCF1140_107169888.png,0.8146,manual,False,,,"The entrance to My An Onsen Spa, a white-walled building with an open doorway and a large informational sign detailing its mineral water benefits.","Entrance of a spa building with a white wall, a wooden sign above the door, and a large information board on the right. A tiled roof overhangs the entrance area.",D:\caption_project\vietnam_architecture\2013-07-18_My_An_Onsen_Resort_ミーアン温泉_DSCF1140_107169888.png,/Users/jenfnguyen/Documents/Dev/KIS-AAI-DM-Master/data/caption_project/vietnam_architecture/2013-07-18_My_An_Onsen_Resort_ミーアン温泉_DSCF1140_107169888.png
20250222_Site_of_Nanyue_Kingdom_Palace_08_160970291.png,0.8147,manual,False,,,"Stone ruins of an archaeological site with carved stone slabs and walls, partially excavated from sandy soil.","Archaeological excavation site showing stone foundations and rectangular stone slabs forming a path. The structure consists of weathered grey stone blocks and earth, revealing remnants of a building foundation set within a dirt trench.",D:\caption_project\vietnam_architecture\20250222_Site_of_Nanyue_Kingdom_Palace_08_160970291.png,/Users/jenfnguyen/Documents/Dev/KIS-AAI-DM-Master/data/caption_project/vietnam_architecture/20250222_Site_of_Nanyue_Kingdom_Palace_08_160970291.png
Cao_Dai_Temple_Vietnam(2)_617197.png,0.8149,manual,False,statue,statue,A colorful wall relief sculpture depicts numerous figures in traditional attire against a blue background with intricate yellow and white cloud patterns. The scene is framed by pink borders.,"Interior wall decoration featuring multiple colorful relief sculptures of figures in traditional attire, set against a blue background with a lattice pattern of stylized clouds and a painted celestial ceiling.",D:\caption_project\vietnam_architecture\Cao_Dai_Temple_Vietnam(2)_617197.png,/Users/jenfnguyen/Documents/Dev/KIS-AAI-DM-Master/data/caption_project/vietnam_architecture/Cao_Dai_Temple_Vietnam(2)_617197.png
Chùa_Bửu_Quang_(Cổng_chùa)_(6)_116025947.png,0.815,manual,False,pagoda/temple,,"An ornate entrance gate to a communal house features yellow pillars with brown Chinese characters and decorative carvings, alongside a sign reading 'QUANG' and 'HỶ XÃ'.","A gate structure features yellow pillars with dark brown wooden frames and decorative carvings. The gate includes metal railings and signs with Chinese characters and Vietnamese text, illuminated at night.",D:\caption_project\vietnam_architecture\Chùa_Bửu_Quang_(Cổng_chùa)_(6)_116025947.png,/Users/jenfnguyen/Documents/Dev/KIS-AAI-DM-Master/data/caption_project/vietnam_architecture/Chùa_Bửu_Quang_(Cổng_chùa)_(6)_116025947.png
20250222_Site_of_Nanyue_Kingdom_Palace_01_160970279.png,0.8151,manual,False,,,An archaeological excavation site featuring a curved brick wall foundation and several large stone slabs supported by wooden beams and stakes.,"Archaeological excavation site featuring stone walls, upright stone slabs, and stone-paved ground. The area is protected by a modern metal support structure with pillars rising from the surrounding dirt floor.",D:\caption_project\vietnam_architecture\20250222_Site_of_Nanyue_Kingdom_Palace_01_160970279.png,/Users/jenfnguyen/Documents/Dev/KIS-AAI-DM-Master/data/caption_project/vietnam_architecture/20250222_Site_of_Nanyue_Kingdom_Palace_01_160970279.png
An_Dinh_Palace_-_Cung_An_Định_(2024)_-_entrance_gate_-_img_04_151201255.png,0.8152,manual,False,pagoda/temple,statue,"A detailed view of an ornate temple gate with a curved roof, featuring colorful ceramic tiles, dragon sculptures, and decorative carvings around an arched entrance under a cloudy sky.","Gate structure featuring a yellow arched entrance, ornate ceramic mosaic decorations, and a central upper tower. The roofline is adorned with intricate dragon sculptures and small decorative towers against a cloudy sky.",D:\caption_project\vietnam_architecture\An_Dinh_Palace_-_Cung_An_Định_(2024)_-_entrance_gate_-_img_04_151201255.png,/Users/jenfnguyen/Documents/Dev/KIS-AAI-DM-Master/data/caption_project/vietnam_architecture/An_Dinh_Palace_-_Cung_An_Định_(2024)_-_entrance_gate_-_img_04_151201255.png
"Bach_Dinh,_duong_Tran_phu,_Tp_Vungtau,_Vietnam_-_panoramio_57573187.png",0.8152,manual,False,,,"A white colonial building features arched windows and doorways with dark shutters on both floors. Decorative brickwork frames the arches, while ornate carvings adorn the eaves.",Colonial building with a symmetrical facade featuring arched doorways and windows with wooden shutters. The white exterior includes decorative brickwork around the arches and a horizontal frieze below the flat roofline.,"D:\caption_project\vietnam_architecture\Bach_Dinh,_duong_Tran_phu,_Tp_Vungtau,_Vietnam_-_panoramio_57573187.png","/Users/jenfnguyen/Documents/Dev/KIS-AAI-DM-Master/data/caption_project/vietnam_architecture/Bach_Dinh,_duong_Tran_phu,_Tp_Vungtau,_Vietnam_-_panoramio_57573187.png"
Chua_cu_(9)_100670117.png,0.8154,manual,False,pagoda/temple,pagoda/temple,A dark stupa with a tiered square base and conical spire stands on a brick platform surrounded by green foliage and palm trees under an overcast sky.,"A dark stone stupa stands on a square base with tiered levels, featuring a pointed spire and intricate geometric carvings. The structure is surrounded by palm trees and set on a paved brick ground.",D:\caption_project\vietnam_architecture\Chua_cu_(9)_100670117.png,/Users/jenfnguyen/Documents/Dev/KIS-AAI-DM-Master/data/caption_project/vietnam_architecture/Chua_cu_(9)_100670117.png
"Chùa_Giác_Sanh_năm_2022_(cổng_chùa,_nhìn_xa)_(20)_116026107.png",0.8155,manual,False,pagoda/temple,pagoda/temple,"The entrance gate of Chua Giac Sanh pagoda features a green tiled roof with golden ridge decorations and colorful Buddhist flags. A blue sign displays the name in white letters, while power lines cross above against a blue sky.","Pagoda entrance featuring a blue sign with white text, green tiled curved roofs, and yellow walls. A metal gate stands in front, with Buddhist flags displayed above the structure under a clear sky.","D:\caption_project\vietnam_architecture\Chùa_Giác_Sanh_năm_2022_(cổng_chùa,_nhìn_xa)_(20)_116026107.png","/Users/jenfnguyen/Documents/Dev/KIS-AAI-DM-Master/data/caption_project/vietnam_architecture/Chùa_Giác_Sanh_năm_2022_(cổng_chùa,_nhìn_xa)_(20)_116026107.png"
Chum_nước_phong_thủy_ng22th9n2022_(cặp_chum_3_cái)_(3)_123261374.png,0.8158,manual,False,,,Three large brown ceramic jars stand in a shallow pool of water with jets spraying upward from their openings.,"Three large, dark brown ceramic jars function as water fountains in a shallow pool. Water sprays from the top of each vessel, creating ripples on the surface of the water.",D:\caption_project\vietnam_architecture\Chum_nước_phong_thủy_ng22th9n2022_(cặp_chum_3_cái)_(3)_123261374.png,/Users/jenfnguyen/Documents/Dev/KIS-AAI-DM-Master/data/caption_project/vietnam_architecture/Chum_nước_phong_thủy_ng22th9n2022_(cặp_chum_3_cái)_(3)_123261374.png
"Chùa_Huệ_Nghiêm_năm_2022,_trúc_viên_(Quan_Âm_các,_mái_tranh)_(8)_127261666.png",0.8158,manual,False,statue,statue,A white statue stands under a hexagonal thatched roof supported by wooden beams. Tall green bamboo surrounds the structure.,"A stone statue of a figure stands under a hexagonal bamboo gazebo with a thatched roof. The structure is surrounded by green bamboo stalks, and the roof features a visible wooden frame.","D:\caption_project\vietnam_architecture\Chùa_Huệ_Nghiêm_năm_2022,_trúc_viên_(Quan_Âm_các,_mái_tranh)_(8)_127261666.png","/Users/jenfnguyen/Documents/Dev/KIS-AAI-DM-Master/data/caption_project/vietnam_architecture/Chùa_Huệ_Nghiêm_năm_2022,_trúc_viên_(Quan_Âm_các,_mái_tranh)_(8)_127261666.png"
"0040423_Thap_Duong_Long_Cham_tower_temples,_Hindu_trinity,_Binh_Dinh_Vietnam_056_132506933.png",0.8159,manual,False,pagoda/temple,,A tiered brick pagoda with a stepped pyramidal roof against a clear blue sky. The structure features stone accents and is overgrown with green vegetation.,"A tall brick tower structure features a stepped, pyramidal roof shape with intricate stone carvings. Green vegetation grows from the crevices of the orange-toned masonry against a clear blue sky.","D:\caption_project\vietnam_architecture\0040423_Thap_Duong_Long_Cham_tower_temples,_Hindu_trinity,_Binh_Dinh_Vietnam_056_132506933.png","/Users/jenfnguyen/Documents/Dev/KIS-AAI-DM-Master/data/caption_project/vietnam_architecture/0040423_Thap_Duong_Long_Cham_tower_temples,_Hindu_trinity,_Binh_Dinh_Vietnam_056_132506933.png"
A_gate_of_a_temple_23189230.png,0.8159,manual,False,pagoda/temple,statue,"A traditional Vietnamese temple gate with a curved tiled roof adorned with golden dragon motifs and intricate carvings. The structure features red and gold pillars, stone lion statues at the base, and decorative lanterns hanging from the eaves.","Ceremonial gate with a curved, multi-tiered tiled roof features golden dragon ornaments and red accents. Stone pillars are decorated with vertical Chinese characters, and white lion statues stand at the entrance.",D:\caption_project\vietnam_architecture\A_gate_of_a_temple_23189230.png,/Users/jenfnguyen/Documents/Dev/KIS-AAI-DM-Master/data/caption_project/vietnam_architecture/A_gate_of_a_temple_23189230.png
"Ancient_Tomb_Complex_in_Phước_Vĩnh_Đông_Commune,_Cần_Giuộc,_Việt_Nam_(16)_198204664.png",0.8159,manual,False,tomb,tomb,A weathered stone relief carving of a mythical creature with wings and intricate patterns on a tomb marker surrounded by green plants.,Stone carving detail on a tomb featuring a central floral motif flanked by two birds. The weathered grey stone surface is partially covered by green vines and vegetation in an outdoor setting.,"D:\caption_project\vietnam_architecture\Ancient_Tomb_Complex_in_Phước_Vĩnh_Đông_Commune,_Cần_Giuộc,_Việt_Nam_(16)_198204664.png","/Users/jenfnguyen/Documents/Dev/KIS-AAI-DM-Master/data/caption_project/vietnam_architecture/Ancient_Tomb_Complex_in_Phước_Vĩnh_Đông_Commune,_Cần_Giuộc,_Việt_Nam_(16)_198204664.png"
"Ancient_Tomb_Complex_in_Phước_Vĩnh_Đông_Commune,_Cần_Giuộc,_Việt_Nam_(15)_198204661.png",0.8161,manual,False,tomb,tomb,A weathered stone tomb marker with a carved floral motif is surrounded by overgrown green foliage and other grave markers.,Stone carving detail featuring a stylized floral or cloud motif on a weathered grey tomb marker. The structure is partially obscured by bright green leafy plants and tall grasses in an outdoor setting.,"D:\caption_project\vietnam_architecture\Ancient_Tomb_Complex_in_Phước_Vĩnh_Đông_Commune,_Cần_Giuộc,_Việt_Nam_(15)_198204661.png","/Users/jenfnguyen/Documents/Dev/KIS-AAI-DM-Master/data/caption_project/vietnam_architecture/Ancient_Tomb_Complex_in_Phước_Vĩnh_Đông_Commune,_Cần_Giuộc,_Việt_Nam_(15)_198204661.png"
"Chùa_Diệu_Pháp_(nhà_tiếp_khách,_mái_ngói_xanh)_(1)_127289332.png",0.8162,manual,False,pagoda/temple,,A traditional wooden pagoda with a green tiled roof and carved wooden pillars. The structure features an open-air porch with decorative railings and is situated on a paved courtyard surrounded by trees.,"Wooden pavilion with a gabled roof covered in green glazed tiles, featuring dark brown carved pillars and a matching wooden railing. The structure sits on a raised tiled platform with a stone base.","D:\caption_project\vietnam_architecture\Chùa_Diệu_Pháp_(nhà_tiếp_khách,_mái_ngói_xanh)_(1)_127289332.png","/Users/jenfnguyen/Documents/Dev/KIS-AAI-DM-Master/data/caption_project/vietnam_architecture/Chùa_Diệu_Pháp_(nhà_tiếp_khách,_mái_ngói_xanh)_(1)_127289332.png"
Chùa_Diệu_Pháp_(bàn_thờ_Phật_ở_tầng_dưới)_(1)_127033491.png,0.8162,manual,False,statue,statue,Interior of a wooden room with polished wood floors and granite steps leading to an ornate golden altar table holding a dark brown Buddha statue flanked by large blue and white porcelain vases.,"Interior space featuring a dark red Buddha statue placed on an ornate wooden altar. Two large blue and white ceramic vases stand on either side, set against a light-colored wooden paneled wall.",D:\caption_project\vietnam_architecture\Chùa_Diệu_Pháp_(bàn_thờ_Phật_ở_tầng_dưới)_(1)_127033491.png,/Users/jenfnguyen/Documents/Dev/KIS-AAI-DM-Master/data/caption_project/vietnam_architecture/Chùa_Diệu_Pháp_(bàn_thờ_Phật_ở_tầng_dưới)_(1)_127033491.png
Bi_đình_tưởng_niệm_Chiến_sĩ_trận_vong_tại_Hà_Nội_94563348.png,0.8165,manual,False,,,A traditional Vietnamese pavilion with a two-tiered curved green-tiled roof and red wooden pillars stands on a stone platform in a park surrounded by trees.,"Open-sided pavilion with a two-tiered tiled roof and red wooden pillars sits in a park. The structure features curved roof corners and is surrounded by trees, benches, and paved walkways.",D:\caption_project\vietnam_architecture\Bi_đình_tưởng_niệm_Chiến_sĩ_trận_vong_tại_Hà_Nội_94563348.png,/Users/jenfnguyen/Documents/Dev/KIS-AAI-DM-Master/data/caption_project/vietnam_architecture/Bi_đình_tưởng_niệm_Chiến_sĩ_trận_vong_tại_Hà_Nội_94563348.png
2chunnit_89252580.png,0.8166,manual,False,,,"Several yellow and green rubber bands are scattered on a worn, dark brown wooden surface with visible scratches and grain.","Three yellow rubber bands and one larger green rubber band are placed on a dark brown wooden surface with visible grain, unrelated to any architectural structures or buildings.",D:\caption_project\vietnam_architecture\2chunnit_89252580.png,/Users/jenfnguyen/Documents/Dev/KIS-AAI-DM-Master/data/caption_project/vietnam_architecture/2chunnit_89252580.png
"Chùa_Bảo_Đàm_năm_2022_(Điện_Quan_Âm,_toàn_cảnh)_(3)_115903670.png",0.8168,manual,False,statue,statue,"A white statue of Guanyin stands on a pedestal surrounded by yellow and red flowers in a garden with stepping stones, grass, and various potted plants.","White statue of a deity standing on a lotus-shaped pedestal in a garden setting. A circular stone platform sits in the foreground, surrounded by potted plants, green grass, and dark stepping stones.","D:\caption_project\vietnam_architecture\Chùa_Bảo_Đàm_năm_2022_(Điện_Quan_Âm,_toàn_cảnh)_(3)_115903670.png","/Users/jenfnguyen/Documents/Dev/KIS-AAI-DM-Master/data/caption_project/vietnam_architecture/Chùa_Bảo_Đàm_năm_2022_(Điện_Quan_Âm,_toàn_cảnh)_(3)_115903670.png"
"Chùa_Huệ_Nghiêm_năm_2022,_trúc_viên_(rừng_trúc)_(15)_127262747.png",0.8173,manual,False,statue,statue,A large yellow and black painted statue of a kneeling figure stands before tall green bamboo trees and traditional buildings with tiled roofs.,"A yellow statue of a character stands among tall bamboo stalks in a courtyard. In the background, a multi-story building with a red-tiled roof and yellow walls is partially visible.","D:\caption_project\vietnam_architecture\Chùa_Huệ_Nghiêm_năm_2022,_trúc_viên_(rừng_trúc)_(15)_127262747.png","/Users/jenfnguyen/Documents/Dev/KIS-AAI-DM-Master/data/caption_project/vietnam_architecture/Chùa_Huệ_Nghiêm_năm_2022,_trúc_viên_(rừng_trúc)_(15)_127262747.png"
2024_-_Phu_Dien_Tower_(Tháp_Phú_Diên)_-_img_20_151093133.png,0.8173,manual,False,,,A brick memorial tower with an arched top sits on a stone base in a grassy clearing. A black plaque is mounted on the front of the red brick structure.,A stone monument with a pointed arch top made of red bricks stands on a rectangular grey stone base. A black plaque with white text is embedded in the center of the structure.,D:\caption_project\vietnam_architecture\2024_-_Phu_Dien_Tower_(Tháp_Phú_Diên)_-_img_20_151093133.png,/Users/jenfnguyen/Documents/Dev/KIS-AAI-DM-Master/data/caption_project/vietnam_architecture/2024_-_Phu_Dien_Tower_(Tháp_Phú_Diên)_-_img_20_151093133.png
"Annam._Binh-dinh._Panorama_des_tours_cham,_en_deux_phototype_-_(photogr.)_A._S(alles)_-_btv1b53013102t_(1_of_2)_161195546.png",0.8174,manual,False,,,"A stone tower stands atop a grassy hill, with a winding river and distant landscape visible beyond.","A stone tower stands alone on a grassy, sloped hillside. A river flows through the flat landscape in the distance under a pale, overcast sky in this black and white photograph.","D:\caption_project\vietnam_architecture\Annam._Binh-dinh._Panorama_des_tours_cham,_en_deux_phototype_-_(photogr.)_A._S(alles)_-_btv1b53013102t_(1_of_2)_161195546.png","/Users/jenfnguyen/Documents/Dev/KIS-AAI-DM-Master/data/caption_project/vietnam_architecture/Annam._Binh-dinh._Panorama_des_tours_cham,_en_deux_phototype_-_(photogr.)_A._S(alles)_-_btv1b53013102t_(1_of_2)_161195546.png"
"0040423_Thap_Binh_Lam_Cham_Hindu_temple,_Phuoc_Hoa,_Binh_Dinh_Vietnam_031_132498792.png",0.8176,manual,False,,,A tall brick tower with ornate carved stone decorations and a multi-tiered roof stands against a clear blue sky. Green vegetation grows from the top of the structure.,"Brick tower with a stepped, multi-tiered roof structure and intricate carvings on the facade. The exterior walls feature vertical pilasters and arched niches, set against a clear blue sky.","D:\caption_project\vietnam_architecture\0040423_Thap_Binh_Lam_Cham_Hindu_temple,_Phuoc_Hoa,_Binh_Dinh_Vietnam_031_132498792.png","/Users/jenfnguyen/Documents/Dev/KIS-AAI-DM-Master/data/caption_project/vietnam_architecture/0040423_Thap_Binh_Lam_Cham_Hindu_temple,_Phuoc_Hoa,_Binh_Dinh_Vietnam_031_132498792.png"
"Chùa_Huệ_Nghiêm_năm_2022,_trúc_viên_(Quan_Âm_các,_mái_tranh)_(11)_127261669.png",0.8177,manual,False,statue,statue,"A thatched-roof pavilion shelters a standing statue of Guanyin surrounded by flowers and offerings on a stone altar with a mosaic bowl, set among bamboo trees.",A stone statue of a deity stands under a hexagonal thatched roof pavilion supported by bamboo poles. The structure is set on a stone-faced platform surrounded by dense bamboo stalks.,"D:\caption_project\vietnam_architecture\Chùa_Huệ_Nghiêm_năm_2022,_trúc_viên_(Quan_Âm_các,_mái_tranh)_(11)_127261669.png","/Users/jenfnguyen/Documents/Dev/KIS-AAI-DM-Master/data/caption_project/vietnam_architecture/Chùa_Huệ_Nghiêm_năm_2022,_trúc_viên_(Quan_Âm_các,_mái_tranh)_(11)_127261669.png"
A_cup_of_batbao_tea_at_Vân_Anh_Iced_Tea_13-09-2025_E6_179794680.png,0.8179,manual,False,,,"A glass of dark soda with ice sits on a white plastic table next to a yellow leaf and a pack of cigarettes, with motorbikes parked nearby at night.","A glass of dark liquid and a yellow leaf sit on a white table, with small plastic stools and parked motorcycles visible on the paved ground in the background at night.",D:\caption_project\vietnam_architecture\A_cup_of_batbao_tea_at_Vân_Anh_Iced_Tea_13-09-2025_E6_179794680.png,/Users/jenfnguyen/Documents/Dev/KIS-AAI-DM-Master/data/caption_project/vietnam_architecture/A_cup_of_batbao_tea_at_Vân_Anh_Iced_Tea_13-09-2025_E6_179794680.png
A_temple_near_dinh_Da_Lat_17316622.png,0.818,manual,False,house,house,"A single-story house with a tiled roof and wooden pillars supports a covered porch. The beige walls feature weathered wooden doors and windows, partially shaded by overhanging tree branches.","Single-story house with a tiled hip roof and a small clerestory window section. The structure features light-colored walls, wooden pillars, and dark wooden doors, surrounded by trees and a dirt path.",D:\caption_project\vietnam_architecture\A_temple_near_dinh_Da_Lat_17316622.png,/Users/jenfnguyen/Documents/Dev/KIS-AAI-DM-Master/data/caption_project/vietnam_architecture/A_temple_near_dinh_Da_Lat_17316622.png
An_Dinh_Palace_-_Cung_An_Định_(2024)_-_pavilion_-_img_04_151201297.png,0.818,manual,False,,statue,"An elevated view of a hexagonal yellow pavilion with an ornate grey tiled roof, standing on a stone base surrounded by greenery.","Octagonal pavilion with a multi-tiered tiled roof and yellow pillars stands in a garden. A dark statue is visible inside the structure, which is surrounded by a low stone wall and greenery.",D:\caption_project\vietnam_architecture\An_Dinh_Palace_-_Cung_An_Định_(2024)_-_pavilion_-_img_04_151201297.png,/Users/jenfnguyen/Documents/Dev/KIS-AAI-DM-Master/data/caption_project/vietnam_architecture/An_Dinh_Palace_-_Cung_An_Định_(2024)_-_pavilion_-_img_04_151201297.png
"Chùa_Huệ_Nghiêm_năm_2022_(khu_nội_viện,_cổng_tam_quan)_(8)_127034195.png",0.8183,manual,False,pagoda/temple,pagoda/temple,A traditional wooden pagoda with a curved tiled roof and intricate wood carvings on its doors and pillars. A white wall borders the structure.,"Wooden pagoda entrance featuring dark brown timber pillars, carved wooden lattice windows, and a curved tiled roof with decorative ends. A stone staircase leads to the doorway, adjacent to a white wall.","D:\caption_project\vietnam_architecture\Chùa_Huệ_Nghiêm_năm_2022_(khu_nội_viện,_cổng_tam_quan)_(8)_127034195.png","/Users/jenfnguyen/Documents/Dev/KIS-AAI-DM-Master/data/caption_project/vietnam_architecture/Chùa_Huệ_Nghiêm_năm_2022_(khu_nội_viện,_cổng_tam_quan)_(8)_127034195.png"
2024_-_Phu_Dien_Tower_(Tháp_Phú_Diên)_-_img_12_151093124.png,0.8184,manual,False,,,A low wall of weathered bricks and stones leads up a set of brick stairs through dense green trees.,"Stone staircase with brick railings leads upward through a dense forest. The structure features a low stone retaining wall at the base, with weathered red bricks and grey stones visible.",D:\caption_project\vietnam_architecture\2024_-_Phu_Dien_Tower_(Tháp_Phú_Diên)_-_img_12_151093124.png,/Users/jenfnguyen/Documents/Dev/KIS-AAI-DM-Master/data/caption_project/vietnam_architecture/2024_-_Phu_Dien_Tower_(Tháp_Phú_Diên)_-_img_12_151093124.png
13_phot._et_2_dessins_donnés_en_1983_par_Mme_Francine_Garnier_et_provenant_des_archives_de_Léon_Garnier-_portraits_de_Lé_154340172.png,0.8184,manual,False,statue,statue,A statue of a standing figure on a tall stone pedestal in a park-like setting with bare trees and buildings in the background.,"Bronze statue of a man in uniform stands on a stone pedestal in a park, with a multi-story colonial building in the background. Bare trees and snow cover the ground surrounding the monument.",D:\caption_project\vietnam_architecture\13_phot._et_2_dessins_donnés_en_1983_par_Mme_Francine_Garnier_et_provenant_des_archives_de_Léon_Garnier-_portraits_de_Lé_154340172.png,/Users/jenfnguyen/Documents/Dev/KIS-AAI-DM-Master/data/caption_project/vietnam_architecture/13_phot._et_2_dessins_donnés_en_1983_par_Mme_Francine_Garnier_et_provenant_des_archives_de_Léon_Garnier-_portraits_de_Lé_154340172.png
"04052023_Ponagar_Hindu_temples_complex,_Nha_Trang_Vietnam_-_265_130722344.png",0.8186,manual,False,pagoda/temple,pagoda/temple,"A brick Cham tower with tiered roof rises behind a wide staircase, flanked by cylindrical brick pillars. An orange umbrella shades a small table on a paved courtyard surrounded by trees.","Brick temple structure with a tiered tower roof sits atop a stone staircase, framed by large cylindrical brick pillars in the foreground. An orange umbrella shades an incense burner on the paved courtyard.","D:\caption_project\vietnam_architecture\04052023_Ponagar_Hindu_temples_complex,_Nha_Trang_Vietnam_-_265_130722344.png","/Users/jenfnguyen/Documents/Dev/KIS-AAI-DM-Master/data/caption_project/vietnam_architecture/04052023_Ponagar_Hindu_temples_complex,_Nha_Trang_Vietnam_-_265_130722344.png"
Chùa_Giác_Sanh_năm_2022_(Họa_tiết_trong_chánh_điện)_(4)_126962076.png,0.8187,manual,False,statue,pagoda/temple,A golden Buddha statue stands before a painted landscape backdrop under a tree with green leaves. An ornate golden carved wooden beam with two dragons and a red symbol hangs above the scene.,Interior of a temple featuring a golden Buddha statue seated before a painted landscape mural and a tree. A detailed gold-painted wooden carving with two dragons and a central wheel hangs from the ceiling.,D:\caption_project\vietnam_architecture\Chùa_Giác_Sanh_năm_2022_(Họa_tiết_trong_chánh_điện)_(4)_126962076.png,/Users/jenfnguyen/Documents/Dev/KIS-AAI-DM-Master/data/caption_project/vietnam_architecture/Chùa_Giác_Sanh_năm_2022_(Họa_tiết_trong_chánh_điện)_(4)_126962076.png
"Chùa_Bửu_Thắng,_Tân_Phú_(cổng_chùa_mặt_trước),_tháng_5_năm_2021_(2)_106024623.png",0.8187,manual,False,pagoda/temple,pagoda/temple,The entrance gate of a Vietnamese Buddhist pagoda with golden ornate decorations and a large sign reading CHÙA BỬU THẮNG above a yellow banner.,"Pagoda entrance gate featuring a metal fence and a golden sign with red lettering. The structure is topped with a wheel symbol and decorative figures, with a yellow banner hanging across the front.","D:\caption_project\vietnam_architecture\Chùa_Bửu_Thắng,_Tân_Phú_(cổng_chùa_mặt_trước),_tháng_5_năm_2021_(2)_106024623.png","/Users/jenfnguyen/Documents/Dev/KIS-AAI-DM-Master/data/caption_project/vietnam_architecture/Chùa_Bửu_Thắng,_Tân_Phú_(cổng_chùa_mặt_trước),_tháng_5_năm_2021_(2)_106024623.png"
Chùa_Giác_Sanh_năm_2022_(cổng_chùa_băng_rôn)_(16)_116026092.png,0.8187,manual,False,pagoda/temple,pagoda/temple,"A yellow gate with a swastika symbol and a large banner reading Mừng Xuân Di Lặc. Through the archway, a temple with a green curved roof is visible under a blue sky.",Yellow painted concrete gate featuring a central swastika symbol and a large banner with red text. A pagoda with a green tiled roof is visible in the background between urban buildings.,D:\caption_project\vietnam_architecture\Chùa_Giác_Sanh_năm_2022_(cổng_chùa_băng_rôn)_(16)_116026092.png,/Users/jenfnguyen/Documents/Dev/KIS-AAI-DM-Master/data/caption_project/vietnam_architecture/Chùa_Giác_Sanh_năm_2022_(cổng_chùa_băng_rôn)_(16)_116026092.png
Buôn_Ma_Thuột_-_buildings_at_Exile_House_former_prison_Apr_2024_05_148107070.png,0.8189,manual,False,,,"A long yellow colonial-style building with a red-tiled roof and green doors stands under a blue sky, surrounded by trees and paved walkways.","Yellow colonial building exterior with a long wall featuring multiple green metal doors and small barred windows. The structure has a flat roofline and a red base, situated next to a paved courtyard.",D:\caption_project\vietnam_architecture\Buôn_Ma_Thuột_-_buildings_at_Exile_House_former_prison_Apr_2024_05_148107070.png,/Users/jenfnguyen/Documents/Dev/KIS-AAI-DM-Master/data/caption_project/vietnam_architecture/Buôn_Ma_Thuột_-_buildings_at_Exile_House_former_prison_Apr_2024_05_148107070.png
"0040423_Thap_Canh_Tien_Cham_Hindu_temple,_Binh_Dinh_Vietnam_048_132519284.png",0.819,manual,False,,,An old brick tower with a rectangular base and decorative carvings stands on a stone platform in a grassy area under a clear blue sky.,Brick tower structure featuring weathered orange masonry and intricate stone carvings on its corners. The base sits on a raised platform surrounded by a grassy lawn and a paved walkway under a clear sky.,"D:\caption_project\vietnam_architecture\0040423_Thap_Canh_Tien_Cham_Hindu_temple,_Binh_Dinh_Vietnam_048_132519284.png","/Users/jenfnguyen/Documents/Dev/KIS-AAI-DM-Master/data/caption_project/vietnam_architecture/0040423_Thap_Canh_Tien_Cham_Hindu_temple,_Binh_Dinh_Vietnam_048_132519284.png"
"Chùa_Bảo_Thắng_ở_Thủ_Đức,_tháng_12_năm_2021_(sân)_(2)_114075915.png",0.8191,manual,False,pagoda/temple,pagoda/temple,"A Vietnamese temple complex with ornate golden and red roofs, decorative pillars, and a large sculpted bonsai tree in the courtyard.",Pagoda structures with curved tiled roofs and intricate wooden carvings stand in a courtyard. A tall red pillar with yellow inscriptions and a shaped bonsai tree are positioned in the foreground.,"D:\caption_project\vietnam_architecture\Chùa_Bảo_Thắng_ở_Thủ_Đức,_tháng_12_năm_2021_(sân)_(2)_114075915.png","/Users/jenfnguyen/Documents/Dev/KIS-AAI-DM-Master/data/caption_project/vietnam_architecture/Chùa_Bảo_Thắng_ở_Thủ_Đức,_tháng_12_năm_2021_(sân)_(2)_114075915.png"
Chùa_Giác_Sanh_năm_2022_(Họa_tiết_trong_chánh_điện)_(2)_126962074.png,0.8192,manual,False,pagoda/temple,pagoda/temple,"An ornate golden carved wooden screen featuring a dragon and a mythical creature stands inside a temple next to a red pillar with Chinese characters, green foliage, and a seated golden Buddha statue.","Intricate gold-painted wooden carvings of mythical creatures including a dragon, phoenix, and turtle decorate a red pillar inside a temple. A golden Buddha statue sits nearby with artificial lotus flowers.",D:\caption_project\vietnam_architecture\Chùa_Giác_Sanh_năm_2022_(Họa_tiết_trong_chánh_điện)_(2)_126962074.png,/Users/jenfnguyen/Documents/Dev/KIS-AAI-DM-Master/data/caption_project/vietnam_architecture/Chùa_Giác_Sanh_năm_2022_(Họa_tiết_trong_chánh_điện)_(2)_126962074.png
Chùa_Bảo_Đàm_năm_2022_(cổng_chùa_phía_trước_nhìn_bên)_(2)_115831987.png,0.8195,manual,False,pagoda/temple,pagoda/temple,A traditional Vietnamese communal house gate features a curved grey roof with ornate ridge decorations and intricate carvings on its white pillars. A large red flag with a yellow star hangs prominently beside the entrance.,Gate of a temple featuring a grey concrete structure with traditional curved roof tiles and intricate relief carvings. A bright red Vietnamese flag with a yellow star is prominently displayed in the foreground.,D:\caption_project\vietnam_architecture\Chùa_Bảo_Đàm_năm_2022_(cổng_chùa_phía_trước_nhìn_bên)_(2)_115831987.png,/Users/jenfnguyen/Documents/Dev/KIS-AAI-DM-Master/data/caption_project/vietnam_architecture/Chùa_Bảo_Đàm_năm_2022_(cổng_chùa_phía_trước_nhìn_bên)_(2)_115831987.png
An_Dinh_Palace_-_Cung_An_Định_(2024)_-_entrance_gate_-_img_02_151201251.png,0.8199,manual,False,,,An ornate gate with yellow walls and blue patterned tiles stands beside a road where a person rides a red motorbike past trees under an overcast sky.,Ornate gate with yellow walls and intricate blue and white ceramic mosaic decorations stands beside a paved road. A person rides a red scooter past the structure under a cloudy sky.,D:\caption_project\vietnam_architecture\An_Dinh_Palace_-_Cung_An_Định_(2024)_-_entrance_gate_-_img_02_151201251.png,/Users/jenfnguyen/Documents/Dev/KIS-AAI-DM-Master/data/caption_project/vietnam_architecture/An_Dinh_Palace_-_Cung_An_Định_(2024)_-_entrance_gate_-_img_02_151201251.png
"Ancient_Tomb_Complex_in_Phước_Vĩnh_Đông_Commune,_Cần_Giuộc,_Việt_Nam_(13)_198204659.png",0.82,manual,False,tomb,tomb,A weathered stone tomb marker surrounded by dry vines and green vegetation in a cemetery setting.,"Stone tomb marker with an engraved rectangular top and a decorative motif at the center, surrounded by overgrown vegetation and dry branches in a grassy outdoor area.","D:\caption_project\vietnam_architecture\Ancient_Tomb_Complex_in_Phước_Vĩnh_Đông_Commune,_Cần_Giuộc,_Việt_Nam_(13)_198204659.png","/Users/jenfnguyen/Documents/Dev/KIS-AAI-DM-Master/data/caption_project/vietnam_architecture/Ancient_Tomb_Complex_in_Phước_Vĩnh_Đông_Commune,_Cần_Giuộc,_Việt_Nam_(13)_198204659.png"
"Chùa_Giác_Sanh_năm_2022_(Ban_thờ_trong_chánh_điện,_tấm_thảm_đỏ)_(1)_126983188.png",0.8201,manual,False,pagoda/temple,pagoda/temple,"The interior of a Vietnamese Buddhist temple features a large golden Buddha statue seated on an ornate altar, flanked by red vertical banners with gold calligraphy and decorated with flowers.","Interior of a temple featuring a central Buddha statue seated on a lotus throne, framed by intricate gold-painted wooden carvings, red pillars with Chinese characters, and three hanging red lanterns.","D:\caption_project\vietnam_architecture\Chùa_Giác_Sanh_năm_2022_(Ban_thờ_trong_chánh_điện,_tấm_thảm_đỏ)_(1)_126983188.png","/Users/jenfnguyen/Documents/Dev/KIS-AAI-DM-Master/data/caption_project/vietnam_architecture/Chùa_Giác_Sanh_năm_2022_(Ban_thờ_trong_chánh_điện,_tấm_thảm_đỏ)_(1)_126983188.png"
"Chùa_Giác_Lâm,_tháng_01_năm_2022_(tháp_xá_lợi)_(3)_114440044.png",0.8202,manual,False,pagoda/temple,pagoda/temple,A tall yellow pagoda with multiple tiers and curved roofs stands against a blue sky. A golden Buddha statue sits on a pedestal at the entrance below a sign reading BAO THAP XA LOI.,"Multi-story yellow pagoda with curved tiled roofs and balconies, featuring a golden standing Buddha statue and a large incense burner at the entrance, surrounded by green trees under a blue sky.","D:\caption_project\vietnam_architecture\Chùa_Giác_Lâm,_tháng_01_năm_2022_(tháp_xá_lợi)_(3)_114440044.png","/Users/jenfnguyen/Documents/Dev/KIS-AAI-DM-Master/data/caption_project/vietnam_architecture/Chùa_Giác_Lâm,_tháng_01_năm_2022_(tháp_xá_lợi)_(3)_114440044.png"
"Chùa_Hòa_Bình_quận_10_(cổng_chùa,_có_một_chữ_nho,_nhìn_xiên_trái)_(2)_119455207.png",0.8202,manual,False,pagoda/temple,pagoda/temple,"A pagoda gate with a curved roof, light blue walls, and large Chinese characters on a central panel, flanked by potted green plants in front.","Gate of a temple featuring a light blue wall with a large black Chinese character in the center. The structure has curved tiled roofs, decorative pillars with vertical inscriptions, and potted palm plants.","D:\caption_project\vietnam_architecture\Chùa_Hòa_Bình_quận_10_(cổng_chùa,_có_một_chữ_nho,_nhìn_xiên_trái)_(2)_119455207.png","/Users/jenfnguyen/Documents/Dev/KIS-AAI-DM-Master/data/caption_project/vietnam_architecture/Chùa_Hòa_Bình_quận_10_(cổng_chùa,_có_một_chữ_nho,_nhìn_xiên_trái)_(2)_119455207.png"
Church_of_Sa_Pa_88805075.png,0.8206,manual,False,church,church,"A stone church with a bell tower and cross stands beside a paved plaza where many people gather on steps near trees, with mountains rising in the background under a cloudy sky.","Stone church with a tall bell tower and a cross at the peak, featuring dark pitched roofs. The building stands in a public square with people gathered on stone steps, surrounded by mountains.",D:\caption_project\vietnam_architecture\Church_of_Sa_Pa_88805075.png,/Users/jenfnguyen/Documents/Dev/KIS-AAI-DM-Master/data/caption_project/vietnam_architecture/Church_of_Sa_Pa_88805075.png
Christ_the_King_Cathedral_Nha_Trang_5885086.png,0.8206,manual,False,church,church,"A stone church with a clock tower stands behind a white pavilion featuring a statue of Mary. The scene includes trees with red flowers, benches, and lampposts under a blue sky.","Stone church with a tall square clock tower stands on a hillside. In the foreground, a small white shrine with a statue of the Virgin Mary is labeled with the word MARIA.",D:\caption_project\vietnam_architecture\Christ_the_King_Cathedral_Nha_Trang_5885086.png,/Users/jenfnguyen/Documents/Dev/KIS-AAI-DM-Master/data/caption_project/vietnam_architecture/Christ_the_King_Cathedral_Nha_Trang_5885086.png
"0040323_Thap_Banh_It_complex,_Nhon_Hoa,_Binh_Dinh_Vietnam_029_132478841.png",0.8206,manual,False,,,"A weathered brick tower with a stepped pyramidal roof overgrown with vegetation stands against a clear blue sky, surrounded by green trees and dry grass.","Brick tower structure featuring a tiered, stepped roof with vegetation growing on top. The exterior walls display vertical pilasters and pointed arched doorways, set against a clear blue sky and green surroundings.","D:\caption_project\vietnam_architecture\0040323_Thap_Banh_It_complex,_Nhon_Hoa,_Binh_Dinh_Vietnam_029_132478841.png","/Users/jenfnguyen/Documents/Dev/KIS-AAI-DM-Master/data/caption_project/vietnam_architecture/0040323_Thap_Banh_It_complex,_Nhon_Hoa,_Binh_Dinh_Vietnam_029_132478841.png"
"0040323_Thap_Banh_It_complex,_Nhon_Hoa,_Binh_Dinh_Vietnam_153_132478869.png",0.8216,manual,False,,pagoda/temple,"A weathered red brick tower with a curved roof and green vegetation growing on top stands on a grassy field under a clear blue sky, with distant mountains visible in the background.",A weathered red brick temple tower stands on a grassy hill under a clear blue sky. The structure features a saddle-shaped roof with vegetation growth and vertical pilasters along its exterior walls.,"D:\caption_project\vietnam_architecture\0040323_Thap_Banh_It_complex,_Nhon_Hoa,_Binh_Dinh_Vietnam_153_132478869.png","/Users/jenfnguyen/Documents/Dev/KIS-AAI-DM-Master/data/caption_project/vietnam_architecture/0040323_Thap_Banh_It_complex,_Nhon_Hoa,_Binh_Dinh_Vietnam_153_132478869.png"
"Chùa_Huê_Nghiêm_ở_Thủ_Đức,_tháng_12_năm_2021_(Cổng_chính)_(5)_113530091.png",0.8217,manual,False,pagoda/temple,pagoda/temple,"An ornate entrance gate to Chua Hue Nghiem pagoda, featuring golden decorative carvings on stone pillars and a metal gate that frames a view of the temple buildings within the grounds.","Pagoda gate featuring a metal fence with ornate gold-painted floral carvings, stone pillars, and a yellow roof edge. The structure displays Chinese characters and Vietnamese text above the entrance.","D:\caption_project\vietnam_architecture\Chùa_Huê_Nghiêm_ở_Thủ_Đức,_tháng_12_năm_2021_(Cổng_chính)_(5)_113530091.png","/Users/jenfnguyen/Documents/Dev/KIS-AAI-DM-Master/data/caption_project/vietnam_architecture/Chùa_Huê_Nghiêm_ở_Thủ_Đức,_tháng_12_năm_2021_(Cổng_chính)_(5)_113530091.png"
"Chùa_Huệ_Nghiêm_năm_2022,_trúc_viên_(Quan_Âm_các,_mái_tranh)_(5)_127261662.png",0.8217,manual,False,statue,statue,"A wooden pavilion with a thatched roof shelters a stone statue of a deity surrounded by offerings and flowers on a stone platform, set against a backdrop of tall bamboo stalks.",White stone statue of a deity stands under a circular bamboo hut with a thatched roof. The structure is built on a stone base and surrounded by bamboo stalks and potted yellow flowers.,"D:\caption_project\vietnam_architecture\Chùa_Huệ_Nghiêm_năm_2022,_trúc_viên_(Quan_Âm_các,_mái_tranh)_(5)_127261662.png","/Users/jenfnguyen/Documents/Dev/KIS-AAI-DM-Master/data/caption_project/vietnam_architecture/Chùa_Huệ_Nghiêm_năm_2022,_trúc_viên_(Quan_Âm_các,_mái_tranh)_(5)_127261662.png"
2013-07-18_My_An_Onsen_Resort_ミーアン温泉_DSCF1138_107169889.png,0.8223,manual,False,,,A kidney-shaped swimming pool with light green water is surrounded by stone paving and shaded by several thatched-roof gazebos under leafy trees.,"Curved swimming pool surrounded by stone paving and trees, featuring several conical thatched-roof umbrellas and a rustic wooden bench in the foreground. A small white stone lantern stands on the left.",D:\caption_project\vietnam_architecture\2013-07-18_My_An_Onsen_Resort_ミーアン温泉_DSCF1138_107169889.png,/Users/jenfnguyen/Documents/Dev/KIS-AAI-DM-Master/data/caption_project/vietnam_architecture/2013-07-18_My_An_Onsen_Resort_ミーアン温泉_DSCF1138_107169889.png
"Carp_Pond_in_the_presidential_palace_gardens,_Hanoi_-_Vietnam_(15241365283)_93787299.png",0.8225,manual,False,house,house,"A curved yellow stone balustrade lines a pond with fish, reflecting in the water. Behind it, trees frame a dark wooden house and a light green colonial building.","A curved yellow balustrade borders a pond in a park setting. In the background, a dark wooden stilt house with a tiled roof stands among trees, alongside a light-colored building.","D:\caption_project\vietnam_architecture\Carp_Pond_in_the_presidential_palace_gardens,_Hanoi_-_Vietnam_(15241365283)_93787299.png","/Users/jenfnguyen/Documents/Dev/KIS-AAI-DM-Master/data/caption_project/vietnam_architecture/Carp_Pond_in_the_presidential_palace_gardens,_Hanoi_-_Vietnam_(15241365283)_93787299.png"
ChuaLinhPhuoc01_16881678.png,0.8227,manual,False,pagoda/temple,pagoda/temple,"The exterior of Chùa Linh Phước pagoda features an ornate multi-tiered central tower and side structures with curved tiled roofs, decorated with colorful ceramic dragons and intricate carvings in front of a courtyard.",Pagoda exterior featuring a multi-tiered tower and curved roofs decorated with intricate ceramic mosaics. The structure includes dragon sculptures on pillars and a stone balustrade in the foreground with people walking nearby.,D:\caption_project\vietnam_architecture\ChuaLinhPhuoc01_16881678.png,/Users/jenfnguyen/Documents/Dev/KIS-AAI-DM-Master/data/caption_project/vietnam_architecture/ChuaLinhPhuoc01_16881678.png
Autumn_shadow_at_Trung_Kính_Hạ_Playground_03-03-2026_185404962.png,0.8227,manual,False,,,"A black metal gate at a park entrance with concrete pillars, surrounded by trees with green and orange leaves. Red triangular flags hang from wires above the path.","Metal gate with vertical bars stands between two beige concrete pillars at the entrance of a public space. Red triangular flags are strung between trees above the gate, and fallen leaves cover the ground.",D:\caption_project\vietnam_architecture\Autumn_shadow_at_Trung_Kính_Hạ_Playground_03-03-2026_185404962.png,/Users/jenfnguyen/Documents/Dev/KIS-AAI-DM-Master/data/caption_project/vietnam_architecture/Autumn_shadow_at_Trung_Kính_Hạ_Playground_03-03-2026_185404962.png
"Chùa_Bảo_Quang,_Tân_Phú_(Mặt_chính_diện_cổng),_tháng_5_năm_2021_(5)_105338456.png",0.823,manual,False,pagoda/temple,pagoda/temple,"The entrance gate of Chua Bao Quang pagoda, featuring a large wooden sign with gold lettering above ornate carved woodwork and black metal gates, flanked by green trees.","Pagoda entrance featuring a large black metal gate, intricate wooden carvings, and a prominent gold-lettered sign above. The surrounding walls are covered in dark grey tiles, with small potted trees in the foreground.","D:\caption_project\vietnam_architecture\Chùa_Bảo_Quang,_Tân_Phú_(Mặt_chính_diện_cổng),_tháng_5_năm_2021_(5)_105338456.png","/Users/jenfnguyen/Documents/Dev/KIS-AAI-DM-Master/data/caption_project/vietnam_architecture/Chùa_Bảo_Quang,_Tân_Phú_(Mặt_chính_diện_cổng),_tháng_5_năm_2021_(5)_105338456.png"
Chinese_Charas_DN_Pagoda_13108483.png,0.8233,manual,False,,,Two large blue and white ceramic Chinese characters mounted on a textured grey stone wall.,"Two Chinese characters are embedded into a gray concrete wall, constructed from fragments of blue and white ceramic pottery pieces arranged to form the shapes of the characters.",D:\caption_project\vietnam_architecture\Chinese_Charas_DN_Pagoda_13108483.png,/Users/jenfnguyen/Documents/Dev/KIS-AAI-DM-Master/data/caption_project/vietnam_architecture/Chinese_Charas_DN_Pagoda_13108483.png
Chùa_Diệu_Pháp_(mái_trần_Chánh_điện)_(5)_127033093.png,0.8233,manual,False,,,"Interior of a wooden structure with carved wooden pillars, decorative ceiling beams, and a chandelier hanging from an ornate hexagonal ceiling medallion.","Interior wooden ceiling of a structure featuring an octagonal carved panel with a hanging light fixture. The walls are decorated with relief carvings of plants, and red pillars support the roof structure.",D:\caption_project\vietnam_architecture\Chùa_Diệu_Pháp_(mái_trần_Chánh_điện)_(5)_127033093.png,/Users/jenfnguyen/Documents/Dev/KIS-AAI-DM-Master/data/caption_project/vietnam_architecture/Chùa_Diệu_Pháp_(mái_trần_Chánh_điện)_(5)_127033093.png
Annam._Qui-Nhon._Les_tours_chams_vues_de_la_route_-_(photogr.)_A._S(alles)_-_btv1b53013133h_(1_of_2)_162556008.png,0.8234,manual,False,,,A weathered brick tower with decorative carvings stands on a sandy bank beside vegetation. A small structure is visible to its right.,"Brick tower structure with a square base and tiered roof, showing signs of decay and vegetation growth on its upper sections. It stands in an open, sandy area surrounded by low trees and shrubs.",D:\caption_project\vietnam_architecture\Annam._Qui-Nhon._Les_tours_chams_vues_de_la_route_-_(photogr.)_A._S(alles)_-_btv1b53013133h_(1_of_2)_162556008.png,/Users/jenfnguyen/Documents/Dev/KIS-AAI-DM-Master/data/caption_project/vietnam_architecture/Annam._Qui-Nhon._Les_tours_chams_vues_de_la_route_-_(photogr.)_A._S(alles)_-_btv1b53013133h_(1_of_2)_162556008.png
Chua_cu_(8)_100670163.png,0.8238,manual,False,statue,pagoda/temple,"A large golden seated Buddha statue on an ornate platform inside a temple hall, flanked by two massive gilded Naga serpent pillars with detailed scales and hoods.","Interior of a temple featuring a large seated Buddha statue on a decorated pedestal, flanked by two tall golden pillars wrapped in dragon sculptures. The ceiling is white with exposed rafters.",D:\caption_project\vietnam_architecture\Chua_cu_(8)_100670163.png,/Users/jenfnguyen/Documents/Dev/KIS-AAI-DM-Master/data/caption_project/vietnam_architecture/Chua_cu_(8)_100670163.png
CQT_01_60024318.png,0.8239,manual,False,,,A row of concrete benches with inscriptions sits under trees in a paved courtyard. A two-story colonial-style building with a red roof stands in the background.,Concrete benches are arranged in a courtyard in front of a multi-story school building with a red tiled roof. Trees and shrubs are planted throughout the paved outdoor space.,D:\caption_project\vietnam_architecture\CQT_01_60024318.png,/Users/jenfnguyen/Documents/Dev/KIS-AAI-DM-Master/data/caption_project/vietnam_architecture/CQT_01_60024318.png
"04052023_Ponagar_Hindu_temples_complex,_Nha_Trang_Vietnam_-_274_130722343.png",0.824,manual,False,pagoda/temple,pagoda/temple,"A tall brick Cham tower with a stepped pyramidal roof and ornate carvings rises above a wide central staircase. An orange umbrella stands at the base of the stairs, surrounded by green trees against a blue sky.",Brick temple tower with a tiered roof and intricate carvings stands at the top of a wide stone staircase. An orange umbrella and a small altar are positioned in the foreground.,"D:\caption_project\vietnam_architecture\04052023_Ponagar_Hindu_temples_complex,_Nha_Trang_Vietnam_-_274_130722343.png","/Users/jenfnguyen/Documents/Dev/KIS-AAI-DM-Master/data/caption_project/vietnam_architecture/04052023_Ponagar_Hindu_temples_complex,_Nha_Trang_Vietnam_-_274_130722343.png"
Chùa_Bình_An_năm_2022_(hành_lang_cửa_sổ)_(3)_116395155.png,0.8241,manual,False,,,A row of ornate dark wood shuttered windows on a yellow interior wall. The open shutters reveal an indoor altar area with offerings. A tiled corridor runs alongside the wall.,"Open dark wooden shutters with slatted panels line the yellow wall of a building corridor. The floor is tiled in brown, and a glimpse into the interior reveals a dark wooden altar.",D:\caption_project\vietnam_architecture\Chùa_Bình_An_năm_2022_(hành_lang_cửa_sổ)_(3)_116395155.png,/Users/jenfnguyen/Documents/Dev/KIS-AAI-DM-Master/data/caption_project/vietnam_architecture/Chùa_Bình_An_năm_2022_(hành_lang_cửa_sổ)_(3)_116395155.png
Chùa_Bảo_Đàm_năm_2022_(cổng_chính_nhìn_chính_diện_phía_trước)_(5)_114398974.png,0.8242,manual,False,pagoda/temple,pagoda/temple,"An ornate pagoda facade with a decorative gate and golden dragon panels, featuring intricate grey carvings and a sign reading CHUA BAO AN.","Pagoda exterior featuring a black metal gate with lotus motifs, gray stone carvings, and two gold-colored relief panels on the wall. The building facade displays Chinese characters and Vietnamese text inscriptions.",D:\caption_project\vietnam_architecture\Chùa_Bảo_Đàm_năm_2022_(cổng_chính_nhìn_chính_diện_phía_trước)_(5)_114398974.png,/Users/jenfnguyen/Documents/Dev/KIS-AAI-DM-Master/data/caption_project/vietnam_architecture/Chùa_Bảo_Đàm_năm_2022_(cổng_chính_nhìn_chính_diện_phía_trước)_(5)_114398974.png
"Ancient_Tomb_Complex_in_Phước_Vĩnh_Đông_Commune,_Cần_Giuộc,_Việt_Nam_(41)_198204727.png",0.8243,manual,False,tomb,tomb,A cluster of weathered stone tombs with curved roofs and decorative finials stands overgrown with bright green vines and grasses. Palm fronds frame the scene in the background.,Stone tomb structures with rectangular bases and small roof-like tops are surrounded by dense green vegetation. The grey concrete markers feature carved lotus bud finials and relief decorations in a garden setting.,"D:\caption_project\vietnam_architecture\Ancient_Tomb_Complex_in_Phước_Vĩnh_Đông_Commune,_Cần_Giuộc,_Việt_Nam_(41)_198204727.png","/Users/jenfnguyen/Documents/Dev/KIS-AAI-DM-Master/data/caption_project/vietnam_architecture/Ancient_Tomb_Complex_in_Phước_Vĩnh_Đông_Commune,_Cần_Giuộc,_Việt_Nam_(41)_198204727.png"
Chùa_Huệ_Nghiêm_năm_2022_(Bậc_thang_ở_Di_Lặc_Phật_điện)_(2a)_124489392.png,0.8245,manual,False,,,A high-angle view of a reddish-brown wooden staircase with decorative railings leading up to a paved courtyard made of gray stone tiles with grass growing between them.,"Red wooden staircase with decorative railings leads down to a courtyard paved with rectangular stone blocks. Green grass grows between the stones, and potted plants are placed on the ground and stairs.",D:\caption_project\vietnam_architecture\Chùa_Huệ_Nghiêm_năm_2022_(Bậc_thang_ở_Di_Lặc_Phật_điện)_(2a)_124489392.png,/Users/jenfnguyen/Documents/Dev/KIS-AAI-DM-Master/data/caption_project/vietnam_architecture/Chùa_Huệ_Nghiêm_năm_2022_(Bậc_thang_ở_Di_Lặc_Phật_điện)_(2a)_124489392.png
Across_Trung_Kính_Hạ_Patron_Temple_11-03-2026_E10_185922510.png,0.825,manual,False,,,"A traditional gate with carved wooden railings and vertical pillars featuring Chinese characters, set against a modern multi-story building.",Concrete gate with a gray wall features a decorative fretwork top and vertical pillars inscribed with Chinese characters. Multi-story residential buildings are visible in the background behind the structure.,D:\caption_project\vietnam_architecture\Across_Trung_Kính_Hạ_Patron_Temple_11-03-2026_E10_185922510.png,/Users/jenfnguyen/Documents/Dev/KIS-AAI-DM-Master/data/caption_project/vietnam_architecture/Across_Trung_Kính_Hạ_Patron_Temple_11-03-2026_E10_185922510.png
Chùa_Huệ_Nghiêm_năm_2022_(bậc_thềm_tam_cấp_ở_hậu_viện)_(3)_124489292.png,0.8252,manual,False,,,"A set of red granite steps leads up to a landing with a lotus flower design, flanked by light-colored walls and dark wood trim. The entrance features tall wooden double doors with glass panels.","Double wooden doors with glass panels are set into a pale yellow wall. A set of red granite stairs leads up to the entrance, featuring a carved lotus pattern on the landing.",D:\caption_project\vietnam_architecture\Chùa_Huệ_Nghiêm_năm_2022_(bậc_thềm_tam_cấp_ở_hậu_viện)_(3)_124489292.png,/Users/jenfnguyen/Documents/Dev/KIS-AAI-DM-Master/data/caption_project/vietnam_architecture/Chùa_Huệ_Nghiêm_năm_2022_(bậc_thềm_tam_cấp_ở_hậu_viện)_(3)_124489292.png
"Chùa_Huệ_Quang_ở_Thủ_Đức,_tháng_12_năm_2021_(cổng)_(3)_113530097.png",0.8255,manual,False,pagoda/temple,pagoda/temple,A yellow temple gate with a green tiled roof and golden dragon sculptures on top. The sign reads CHUA HUE QUANG. Stone pillars flank the green metal gates.,Pagoda gate featuring a yellow roof with green tiles and golden dragon ornaments. The structure has stone-clad pillars and a large green metal gate with an inscription above the arched entrance.,"D:\caption_project\vietnam_architecture\Chùa_Huệ_Quang_ở_Thủ_Đức,_tháng_12_năm_2021_(cổng)_(3)_113530097.png","/Users/jenfnguyen/Documents/Dev/KIS-AAI-DM-Master/data/caption_project/vietnam_architecture/Chùa_Huệ_Quang_ở_Thủ_Đức,_tháng_12_năm_2021_(cổng)_(3)_113530097.png"
Chùa_Huệ_Nghiêm_năm_2022_(họa_tiết_trên_cửa_trong_Bảo_tháp)_(2)_123933645.png,0.8256,manual,False,,,"An ornate white and gold archway with carved floral motifs stands at an entrance. A red lantern hangs below the arch, flanked by tall columns with vertical grooves. The surrounding walls are painted yellow.","Interior doorway featuring two fluted columns with gold-painted capitals, topped by a white decorative arch with gold floral carvings and a circular emblem. A red lantern hangs in the center.",D:\caption_project\vietnam_architecture\Chùa_Huệ_Nghiêm_năm_2022_(họa_tiết_trên_cửa_trong_Bảo_tháp)_(2)_123933645.png,/Users/jenfnguyen/Documents/Dev/KIS-AAI-DM-Master/data/caption_project/vietnam_architecture/Chùa_Huệ_Nghiêm_năm_2022_(họa_tiết_trên_cửa_trong_Bảo_tháp)_(2)_123933645.png
"Chùa_Huệ_Quang_ở_Thủ_Đức,_tháng_12_năm_2021_(cổng)_(7)_113530101.png",0.8256,manual,True,pagoda/temple,statue,A yellow temple gate with a curved green-tiled roof and golden dragon ornaments stands on stone-clad pillars beside a large green plant.,"A gate structure features a yellow curved roof with green tiles and a decorative phoenix sculpture. The pillars are covered in irregular brown stone cladding, and the gate has solid green metal panels.","D:\caption_project\vietnam_architecture\Chùa_Huệ_Quang_ở_Thủ_Đức,_tháng_12_năm_2021_(cổng)_(7)_113530101.png","/Users/jenfnguyen/Documents/Dev/KIS-AAI-DM-Master/data/caption_project/vietnam_architecture/Chùa_Huệ_Quang_ở_Thủ_Đức,_tháng_12_năm_2021_(cổng)_(7)_113530101.png"
"Chùa_Giác_Lâm,_tháng_01_năm_2022_(cổng_chùa)_(6)_115832704.png",0.8258,manual,False,pagoda/temple,pagoda/temple,A yellow pagoda with green-tiled roofs stands beside an ornate gate decorated with dragon sculptures and colorful flags. Large golden urns sit on the paved ground in front of the entrance.,"A yellow pagoda with a multi-tiered roof stands behind a gate featuring green tiled roofs and golden metal grilles. Potted plants are placed in the foreground, and strings of small flags hang overhead.","D:\caption_project\vietnam_architecture\Chùa_Giác_Lâm,_tháng_01_năm_2022_(cổng_chùa)_(6)_115832704.png","/Users/jenfnguyen/Documents/Dev/KIS-AAI-DM-Master/data/caption_project/vietnam_architecture/Chùa_Giác_Lâm,_tháng_01_năm_2022_(cổng_chùa)_(6)_115832704.png"
"Chùa_Giác_Sanh_năm_2022_(trong_chánh_điện,_sảnh)_(1)_126962090.png",0.8258,manual,False,pagoda/temple,pagoda/temple,Interior of a Vietnamese pagoda featuring an ornate golden Buddha statue seated on a carved altar. Red lanterns hang from the ceiling above red and gold patterned carpets laid on tiled floors.,"Interior of a temple featuring a central altar with a golden Buddha statue, surrounded by intricate gold-painted wooden carvings on pillars and walls. A red patterned carpet lies on the tiled floor.","D:\caption_project\vietnam_architecture\Chùa_Giác_Sanh_năm_2022_(trong_chánh_điện,_sảnh)_(1)_126962090.png","/Users/jenfnguyen/Documents/Dev/KIS-AAI-DM-Master/data/caption_project/vietnam_architecture/Chùa_Giác_Sanh_năm_2022_(trong_chánh_điện,_sảnh)_(1)_126962090.png"
"Bảo_tháp_của_Chùa_Thiên_Mụ,_tháng_3_năm_2021_(2)_106177727.png",0.8259,manual,False,pagoda/temple,pagoda/temple,A tall brick pagoda with multiple tiers and arched openings stands surrounded by green pine trees against a pale sky.,"Octagonal brick pagoda tower with multiple stories and arched openings, featuring decorative panels with Chinese characters. The structure is surrounded by pine trees and deciduous trees under a clear sky.","D:\caption_project\vietnam_architecture\Bảo_tháp_của_Chùa_Thiên_Mụ,_tháng_3_năm_2021_(2)_106177727.png","/Users/jenfnguyen/Documents/Dev/KIS-AAI-DM-Master/data/caption_project/vietnam_architecture/Bảo_tháp_của_Chùa_Thiên_Mụ,_tháng_3_năm_2021_(2)_106177727.png"
Chùa_Bửu_Quang_(Cổng_chùa)_(8)_116025951.png,0.8261,manual,False,pagoda/temple,pagoda/temple,"A low-angle view of a multi-story pagoda with curved tiled roofs and carved wooden balconies. Colorful prayer flags hang above against a blue sky, while green foliage frames the entrance pillars.","Multi-story pagoda building featuring yellow walls, dark brown wooden pillars, and carved railings with lotus motifs. Strings of colorful Buddhist flags hang above the structure against a twilight sky.",D:\caption_project\vietnam_architecture\Chùa_Bửu_Quang_(Cổng_chùa)_(8)_116025951.png,/Users/jenfnguyen/Documents/Dev/KIS-AAI-DM-Master/data/caption_project/vietnam_architecture/Chùa_Bửu_Quang_(Cổng_chùa)_(8)_116025951.png
"04052023_Ponagar_Hindu_temples_complex,_Nha_Trang_Vietnam_-_158_130722359.png",0.8266,manual,False,pagoda/temple,,"A weathered brick temple with a conical roof stands on a paved courtyard. The structure features aged orange and brown bricks, smaller tiered turrets at its base, and potted plants near the foundation under a clear blue sky.","Brick tower with a square base and tiered roof structure stands on a paved courtyard. The weathered orange masonry features vertical pilasters and recessed panels, with small potted plants placed at the base.","D:\caption_project\vietnam_architecture\04052023_Ponagar_Hindu_temples_complex,_Nha_Trang_Vietnam_-_158_130722359.png","/Users/jenfnguyen/Documents/Dev/KIS-AAI-DM-Master/data/caption_project/vietnam_architecture/04052023_Ponagar_Hindu_temples_complex,_Nha_Trang_Vietnam_-_158_130722359.png"
"0040423_Thap_Binh_Lam_Cham_Hindu_temple,_Phuoc_Hoa,_Binh_Dinh_Vietnam_160_132498797.png",0.8267,manual,False,,pagoda/temple,"Close-up of weathered red brick wall with intricate carved stone decorations around a recessed arched niche, showing layered masonry and erosion.",Weathered brick wall of a temple featuring an arched niche surrounded by intricate stone carvings. The structure displays layered horizontal masonry and decorative relief elements with signs of organic growth.,"D:\caption_project\vietnam_architecture\0040423_Thap_Binh_Lam_Cham_Hindu_temple,_Phuoc_Hoa,_Binh_Dinh_Vietnam_160_132498797.png","/Users/jenfnguyen/Documents/Dev/KIS-AAI-DM-Master/data/caption_project/vietnam_architecture/0040423_Thap_Binh_Lam_Cham_Hindu_temple,_Phuoc_Hoa,_Binh_Dinh_Vietnam_160_132498797.png"
Chùa_Bảo_Đàm_năm_2022_(cây_cảnh)_(16)_115905646.png,0.8269,manual,False,,,Green leafy trees and shrubs fill the foreground with a blue wall visible behind them. A metal wind chime hangs from a branch near the top left corner of the frame.,"A metal wind chime hangs from a branch in front of a plain, light-colored wall. The scene is filled with green leaves and thin tree branches against a bright, clear sky.",D:\caption_project\vietnam_architecture\Chùa_Bảo_Đàm_năm_2022_(cây_cảnh)_(16)_115905646.png,/Users/jenfnguyen/Documents/Dev/KIS-AAI-DM-Master/data/caption_project/vietnam_architecture/Chùa_Bảo_Đàm_năm_2022_(cây_cảnh)_(16)_115905646.png
An_Dinh_Palace_-_Cung_An_Định_(2024)_-_entrance_gate_-_img_01_151201252.png,0.8269,manual,False,,,An ornate gate with a curved roof and tiled walls stands beside a weathered concrete wall topped by a black iron fence. The structure features decorative ceramic panels and is situated on a sidewalk next to a street with trees.,"Ornate gate featuring intricate ceramic mosaic decorations, multiple tiered roof structures, and a central arched wooden door. The structure is connected to a weathered yellow wall with black metal fencing along a paved road.",D:\caption_project\vietnam_architecture\An_Dinh_Palace_-_Cung_An_Định_(2024)_-_entrance_gate_-_img_01_151201252.png,/Users/jenfnguyen/Documents/Dev/KIS-AAI-DM-Master/data/caption_project/vietnam_architecture/An_Dinh_Palace_-_Cung_An_Định_(2024)_-_entrance_gate_-_img_01_151201252.png
"0040323_Thap_Doi_Cham_Hindu_complex,_Quy_Nhon,_Binh_Dinh_Vietnam_102_132483206.png",0.8272,manual,False,,,"A weathered red brick tower with a rectangular shape and decorative carvings stands on a stone base, surrounded by green trees and flowering plants under a clear blue sky.","A tall brick tower structure features intricate carvings on its exterior walls and a tiered roof design. The base is constructed from large grey stone blocks, surrounded by green trees and flowering plants.","D:\caption_project\vietnam_architecture\0040323_Thap_Doi_Cham_Hindu_complex,_Quy_Nhon,_Binh_Dinh_Vietnam_102_132483206.png","/Users/jenfnguyen/Documents/Dev/KIS-AAI-DM-Master/data/caption_project/vietnam_architecture/0040323_Thap_Doi_Cham_Hindu_complex,_Quy_Nhon,_Binh_Dinh_Vietnam_102_132483206.png"
"Chùa_Diệu_Pháp_(mái_trần_Chánh_điện,_họa_tiết)_(5)_127033113.png",0.8272,manual,False,,,"An octagonal wooden architectural detail featuring intricate relief carvings of two fish surrounded by lotus flowers and leaves, set within a decorative border on a warm-toned wood surface.",Octagonal wooden panel featuring intricate relief carvings of two fish swimming among lotus flowers and leaves. The frame is decorated with dragon motifs and circular patterns in a warm brown wood tone.,"D:\caption_project\vietnam_architecture\Chùa_Diệu_Pháp_(mái_trần_Chánh_điện,_họa_tiết)_(5)_127033113.png","/Users/jenfnguyen/Documents/Dev/KIS-AAI-DM-Master/data/caption_project/vietnam_architecture/Chùa_Diệu_Pháp_(mái_trần_Chánh_điện,_họa_tiết)_(5)_127033113.png"
Chùa_Hòa_Bình_quận_10_(cổng_chùa)_(có_một_chữ_nho)_(1)_119455191.png,0.8278,manual,False,,,A white wall with a large Chinese character and potted plants in front of it. The structure has ornate carvings around the edges.,"A light-colored wall features a large dark Chinese character centered within a rectangular frame, with a sign above displaying Chinese characters. Several potted green plants are arranged in front of the wall.",D:\caption_project\vietnam_architecture\Chùa_Hòa_Bình_quận_10_(cổng_chùa)_(có_một_chữ_nho)_(1)_119455191.png,/Users/jenfnguyen/Documents/Dev/KIS-AAI-DM-Master/data/caption_project/vietnam_architecture/Chùa_Hòa_Bình_quận_10_(cổng_chùa)_(có_một_chữ_nho)_(1)_119455191.png
Chùa_Cam_Lộ_(cropped)_150830_87682981.png,0.8284,manual,False,pagoda/temple,pagoda/temple,"A tall pagoda with nine tiers of curved roofs stands against a blue sky with clouds. The structure is made of brick and concrete, featuring decorative railings and ornate roof ridges.","Tall multi-story pagoda with a brick facade and curved tiled roofs at each level. A staircase with decorative railings leads to an adjacent structure, set within a courtyard with potted plants.",D:\caption_project\vietnam_architecture\Chùa_Cam_Lộ_(cropped)_150830_87682981.png,/Users/jenfnguyen/Documents/Dev/KIS-AAI-DM-Master/data/caption_project/vietnam_architecture/Chùa_Cam_Lộ_(cropped)_150830_87682981.png
Chùa_Giác_Sanh_năm_2022_(Ban_thờ_trong_chánh_điện)_(5)_126962067.png,0.8287,manual,False,pagoda/temple,statue,"An ornate Buddhist altar inside a temple features a golden Buddha statue seated on a lotus under a tree. The scene includes red and gold pillars with carved dragons, floral offerings, and incense burners.","Interior altar featuring a golden Buddha statue seated on a lotus, framed by elaborate gilded wood carvings of dragons and phoenixes. Red pillars with Chinese characters flank the central shrine area.",D:\caption_project\vietnam_architecture\Chùa_Giác_Sanh_năm_2022_(Ban_thờ_trong_chánh_điện)_(5)_126962067.png,/Users/jenfnguyen/Documents/Dev/KIS-AAI-DM-Master/data/caption_project/vietnam_architecture/Chùa_Giác_Sanh_năm_2022_(Ban_thờ_trong_chánh_điện)_(5)_126962067.png
1891_Stone_stele_in_a_Vietnamese_communal_hall_27129784.png,0.8287,manual,False,,,A weathered grey stone stele with vertical columns of carved Chinese characters stands upright against a yellow wall.,Stone stele featuring vertical columns of carved Chinese characters set against a plain yellow wall. The rectangular slab has a raised border and sits in an indoor setting.,D:\caption_project\vietnam_architecture\1891_Stone_stele_in_a_Vietnamese_communal_hall_27129784.png,/Users/jenfnguyen/Documents/Dev/KIS-AAI-DM-Master/data/caption_project/vietnam_architecture/1891_Stone_stele_in_a_Vietnamese_communal_hall_27129784.png
-i---i-_(39457261804)_113561625.png,0.8289,manual,False,pagoda/temple,pagoda/temple,A weathered brick Cham tower with multiple tiered spires and arched doorways stands against a blue sky. A dark silhouette of a person is visible inside the central archway.,"Cham temple tower constructed from weathered red bricks with a tiered, pointed roof structure featuring decorative carvings. A person stands in the dark, open arched doorway against a bright outdoor background.",D:\caption_project\vietnam_architecture\-i---i-_(39457261804)_113561625.png,/Users/jenfnguyen/Documents/Dev/KIS-AAI-DM-Master/data/caption_project/vietnam_architecture/-i---i-_(39457261804)_113561625.png
Binh_Tay_market_15_134444655.png,0.829,manual,False,,,A view from an upper level of a multi-story indoor market shows shoppers and vendors on the ground floor. A staircase with a brown wooden handrail leads down to the tiled area where goods are displayed.,Interior of a multi-level market building featuring a central staircase with red and yellow steps and wooden handrails. The space is filled with various stalls selling goods on both the ground and upper levels.,D:\caption_project\vietnam_architecture\Binh_Tay_market_15_134444655.png,/Users/jenfnguyen/Documents/Dev/KIS-AAI-DM-Master/data/caption_project/vietnam_architecture/Binh_Tay_market_15_134444655.png
"Chum_kiểng_tu_viện_Vinh_Sơn,_Quận_3_(33)_115804073.png",0.8291,manual,False,,,"A large brown ceramic water jar sits against a white wall framed by blue pillars, resting on a base of rounded stones and surrounded by patterned pavement tiles.","A large brown ceramic jar is embedded into a white and blue concrete wall, surrounded by small grey stones. The wall is positioned above a tiled sidewalk with a repeating geometric pattern.","D:\caption_project\vietnam_architecture\Chum_kiểng_tu_viện_Vinh_Sơn,_Quận_3_(33)_115804073.png","/Users/jenfnguyen/Documents/Dev/KIS-AAI-DM-Master/data/caption_project/vietnam_architecture/Chum_kiểng_tu_viện_Vinh_Sơn,_Quận_3_(33)_115804073.png"
2013-10-18-IMG_0483_(16119400448)_87380309.png,0.8291,manual,False,pagoda/temple,pagoda/temple,A courtyard with red wooden pillars and tiled roofs of a Vietnamese communal house. Several large bonsai trees are planted in stone pots along a paved walkway between the buildings.,Courtyard of a temple featuring red-painted wooden pillars and tiled roofs with curved eaves. Several bonsai trees in stone pots are arranged along the stone-paved walkway between the building wings.,D:\caption_project\vietnam_architecture\2013-10-18-IMG_0483_(16119400448)_87380309.png,/Users/jenfnguyen/Documents/Dev/KIS-AAI-DM-Master/data/caption_project/vietnam_architecture/2013-10-18-IMG_0483_(16119400448)_87380309.png
"Chùa_Huệ_Nghiêm_năm_2022_(khu_nội_viện,_bảng_hiệu_chánh_điện,_chụp_ngang)_126510713.png",0.8294,manual,False,statue,statue,A wooden plaque with carved Chinese characters is mounted below a golden statue of a deity seated within an open window frame of a dark wooden pagoda.,"Wooden structure featuring a horizontal plaque with Chinese characters mounted above a doorway. A golden statue sits in a recessed space beneath a tiled roof, surrounded by dark timber architectural elements.","D:\caption_project\vietnam_architecture\Chùa_Huệ_Nghiêm_năm_2022_(khu_nội_viện,_bảng_hiệu_chánh_điện,_chụp_ngang)_126510713.png","/Users/jenfnguyen/Documents/Dev/KIS-AAI-DM-Master/data/caption_project/vietnam_architecture/Chùa_Huệ_Nghiêm_năm_2022_(khu_nội_viện,_bảng_hiệu_chánh_điện,_chụp_ngang)_126510713.png"
Bảo_tàng_Nghệ_thuật_điêu_khắc_Chàm_Đà_Nẵng_3187070.png,0.8294,manual,False,,,A weathered stone plaque mounted on a mossy concrete base displays carved Vietnamese text. Green grass grows at the base of the structure.,"A rectangular stone plaque with dark engraved text is mounted on a weathered stone base. The surface of the plaque is light gray, and green moss grows on the surrounding stone structure.",D:\caption_project\vietnam_architecture\Bảo_tàng_Nghệ_thuật_điêu_khắc_Chàm_Đà_Nẵng_3187070.png,/Users/jenfnguyen/Documents/Dev/KIS-AAI-DM-Master/data/caption_project/vietnam_architecture/Bảo_tàng_Nghệ_thuật_điêu_khắc_Chàm_Đà_Nẵng_3187070.png
Across_Trung_Kính_Hạ_Patron_Temple_11-03-2026_E08_185922505.png,0.8296,manual,False,pagoda/temple,pagoda/temple,A light blue temple entrance with ornate carved wooden doors and traditional curved roof ridges featuring ceramic decorations. A metal gate stands in front of the structure surrounded by greenery.,"Light purple temple gate structure featuring curved roof corners, intricate carvings, and metal gates. The entrance is partially obscured by a metal fence and potted plants in a garden setting.",D:\caption_project\vietnam_architecture\Across_Trung_Kính_Hạ_Patron_Temple_11-03-2026_E08_185922505.png,/Users/jenfnguyen/Documents/Dev/KIS-AAI-DM-Master/data/caption_project/vietnam_architecture/Across_Trung_Kính_Hạ_Patron_Temple_11-03-2026_E08_185922505.png
Chùa_Diệu_Pháp_(mái_ngói_xanh)_(6)_126992678.png,0.8296,manual,False,,,"A close-up of a traditional curved tile roof covered in green glazed ceramic tiles arranged in neat overlapping rows, with variations in green and blue tones.","Green glazed ceramic roof tiles arranged in a repeating pattern on a sloped roof structure. The tiles feature a glossy finish and are laid in overlapping rows, creating a textured surface.",D:\caption_project\vietnam_architecture\Chùa_Diệu_Pháp_(mái_ngói_xanh)_(6)_126992678.png,/Users/jenfnguyen/Documents/Dev/KIS-AAI-DM-Master/data/caption_project/vietnam_architecture/Chùa_Diệu_Pháp_(mái_ngói_xanh)_(6)_126992678.png
An_Dinh_Palace_-_Cung_An_Định_(2024)_-_entrance_gate_-_img_03_151201253.png,0.8296,manual,False,statue,statue,"A yellow and gray tiled gate with an arched entrance, red wooden doors, ornate dragon sculptures on the roof ridge, and circular window above the archway, flanked by potted plants and palm trees.","Ornate entrance gate featuring a yellow arched doorway and red wooden doors, decorated with intricate ceramic mosaic patterns and roof sculptures. The structure is surrounded by manicured potted trees and palm trees.",D:\caption_project\vietnam_architecture\An_Dinh_Palace_-_Cung_An_Định_(2024)_-_entrance_gate_-_img_03_151201253.png,/Users/jenfnguyen/Documents/Dev/KIS-AAI-DM-Master/data/caption_project/vietnam_architecture/An_Dinh_Palace_-_Cung_An_Định_(2024)_-_entrance_gate_-_img_03_151201253.png
"Chum_kiểng_tu_viện_Vinh_Sơn,_Quận_3_(28)_115803848.png",0.8302,auto,False,,,A large brown ceramic jar sits on a base of rounded stones against a white wall with blue pillars. The ground is paved with patterned tiles.,"A large brown glazed ceramic water jar is embedded into a wall niche, surrounded by decorative light-colored stones. The jar sits on a tiled sidewalk against a blue and white wall.","D:\caption_project\vietnam_architecture\Chum_kiểng_tu_viện_Vinh_Sơn,_Quận_3_(28)_115803848.png","/Users/jenfnguyen/Documents/Dev/KIS-AAI-DM-Master/data/caption_project/vietnam_architecture/Chum_kiểng_tu_viện_Vinh_Sơn,_Quận_3_(28)_115803848.png"
"Chum_kiểng_tu_viện_Vinh_Sơn,_Quận_3_(43)_115804081.png",0.8303,auto,False,,,A large brown ceramic jar sits on a paved walkway against a cracked white wall with a blue baseboard. A vine climbs from the jar up the wall.,"A dark brown ceramic jar sits against a light-colored plastered wall, surrounded by small grey stones. A thin vine grows from the jar, climbing up the wall above a patterned tiled floor.","D:\caption_project\vietnam_architecture\Chum_kiểng_tu_viện_Vinh_Sơn,_Quận_3_(43)_115804081.png","/Users/jenfnguyen/Documents/Dev/KIS-AAI-DM-Master/data/caption_project/vietnam_architecture/Chum_kiểng_tu_viện_Vinh_Sơn,_Quận_3_(43)_115804081.png"
2013-07-18_My_An_Onsen_Resort_ミーアン温泉_DSCF1159_107169899.png,0.8304,auto,False,,,"Several thatched-roof pavilions with wooden posts stand around a swimming pool. Lounge chairs are placed on the paved ground nearby, and people are visible in the water.",Several circular thatched-roof umbrellas provide shade over a swimming pool with light green water. Metal lounge chairs are positioned on a stone-paved deck surrounded by trees and foliage.,D:\caption_project\vietnam_architecture\2013-07-18_My_An_Onsen_Resort_ミーアン温泉_DSCF1159_107169899.png,/Users/jenfnguyen/Documents/Dev/KIS-AAI-DM-Master/data/caption_project/vietnam_architecture/2013-07-18_My_An_Onsen_Resort_ミーアン温泉_DSCF1159_107169899.png
Chùa_Huệ_Nghiêm_năm_2022_(Bậc_thang_ở_Di_Lặc_Phật_điện)_(5)_124489400.png,0.8308,auto,False,bridge,bridge,A reddish-brown wooden bridge with carved railings and stone steps connects to a building with traditional lattice windows. Green trees and trimmed bushes are visible in the background.,"Red wooden bridge with geometric railings and stone steps leads to a yellow building. Potted shrubs are placed along the walkway, and a lamp post stands near the stairs in an outdoor setting.",D:\caption_project\vietnam_architecture\Chùa_Huệ_Nghiêm_năm_2022_(Bậc_thang_ở_Di_Lặc_Phật_điện)_(5)_124489400.png,/Users/jenfnguyen/Documents/Dev/KIS-AAI-DM-Master/data/caption_project/vietnam_architecture/Chùa_Huệ_Nghiêm_năm_2022_(Bậc_thang_ở_Di_Lặc_Phật_điện)_(5)_124489400.png
"Chùa_Huệ_Quang_ở_Thủ_Đức,_tháng_12_năm_2021_(cổng)_(1)_113530096.png",0.8311,auto,False,pagoda/temple,pagoda/temple,A yellow gate with a red arched opening at the entrance of Chua Hue Quang pagoda. Golden roof ornaments are visible above the sign and black wires run along the top.,Yellow pagoda gate with a red arched opening features a rectangular sign with red text. The roof ridge is decorated with golden dragon sculptures and a central dharma wheel symbol.,"D:\caption_project\vietnam_architecture\Chùa_Huệ_Quang_ở_Thủ_Đức,_tháng_12_năm_2021_(cổng)_(1)_113530096.png","/Users/jenfnguyen/Documents/Dev/KIS-AAI-DM-Master/data/caption_project/vietnam_architecture/Chùa_Huệ_Quang_ở_Thủ_Đức,_tháng_12_năm_2021_(cổng)_(1)_113530096.png"
"Chùa_Hòa_Bình_quận_10_(cổng_chùa,_cột_trụ_chữ_nho)_119455214.png",0.8312,auto,False,,,A close-up of a vertical architectural detail featuring three raised dark brown Chinese characters on a light-colored rectangular plaque with a decorative frame.,"Vertical architectural detail featuring three large, dark, raised Chinese characters mounted on a light blue rectangular panel with a light brown border, set against a plain wall surface.","D:\caption_project\vietnam_architecture\Chùa_Hòa_Bình_quận_10_(cổng_chùa,_cột_trụ_chữ_nho)_119455214.png","/Users/jenfnguyen/Documents/Dev/KIS-AAI-DM-Master/data/caption_project/vietnam_architecture/Chùa_Hòa_Bình_quận_10_(cổng_chùa,_cột_trụ_chữ_nho)_119455214.png"
"Chùa_Giác_Sanh_năm_2022_(phòng_tiếp_khách,_bộ_bàn_ghế_gỗ)_(2)_126742829.png",0.8312,auto,False,,,"An interior room with polished wooden furniture featuring red cushions and a large floral arrangement on a glass-topped table, surrounded by tiled floors and yellow walls.","Interior living room featuring dark wooden furniture with red patterned cushions and glass-topped tables. A decorative wheat arrangement sits on a small table, while light-colored tiled floors reflect sunlight from the windows.","D:\caption_project\vietnam_architecture\Chùa_Giác_Sanh_năm_2022_(phòng_tiếp_khách,_bộ_bàn_ghế_gỗ)_(2)_126742829.png","/Users/jenfnguyen/Documents/Dev/KIS-AAI-DM-Master/data/caption_project/vietnam_architecture/Chùa_Giác_Sanh_năm_2022_(phòng_tiếp_khách,_bộ_bàn_ghế_gỗ)_(2)_126742829.png"
"Chum_kiểng_tu_viện_Vinh_Sơn,_Quận_3_(37)_115829294.png",0.8314,auto,False,,,A large brown glazed ceramic jar sits on a circular base of stacked stones between two blue doors. Dried branches protrude from the jar against a white wall.,Brown glazed ceramic jar sits against a light purple wall flanked by blue pillars. The base and sides of the jar are decorated with embedded light-colored river stones on a tiled ground.,"D:\caption_project\vietnam_architecture\Chum_kiểng_tu_viện_Vinh_Sơn,_Quận_3_(37)_115829294.png","/Users/jenfnguyen/Documents/Dev/KIS-AAI-DM-Master/data/caption_project/vietnam_architecture/Chum_kiểng_tu_viện_Vinh_Sơn,_Quận_3_(37)_115829294.png"
Bạch_Dinh-Súng_thần_công_24868171.png,0.8315,auto,False,,,A weathered black cannon mounted on a metal carriage stands under a tree with dappled sunlight. A coastal scene with boats and green hills is visible in the background beyond a stone balustrade.,"A dark metal cannon rests on a wheeled carriage atop a concrete platform. The setting features a stone balustrade overlooking the sea, with trees providing shade over the structure.",D:\caption_project\vietnam_architecture\Bạch_Dinh-Súng_thần_công_24868171.png,/Users/jenfnguyen/Documents/Dev/KIS-AAI-DM-Master/data/caption_project/vietnam_architecture/Bạch_Dinh-Súng_thần_công_24868171.png
2013-07-18_My_An_Onsen_Resort_ミーアン温泉_DSCF1185_107169925.png,0.8316,auto,False,,,A swimming pool with light blue water is surrounded by curved tiled edges and large thatched umbrellas providing shade on a sunny day.,Curved swimming pool with light blue tiles surrounded by stone paving and several thatched-roof umbrellas. A single-story building with a red tiled roof is visible in the background among green trees.,D:\caption_project\vietnam_architecture\2013-07-18_My_An_Onsen_Resort_ミーアン温泉_DSCF1185_107169925.png,/Users/jenfnguyen/Documents/Dev/KIS-AAI-DM-Master/data/caption_project/vietnam_architecture/2013-07-18_My_An_Onsen_Resort_ミーアン温泉_DSCF1185_107169925.png
"Chùa_Giác_Sanh_năm_2022_(cổng_chùa,_nhìn_xa)_(21)_116026106.png",0.8317,auto,False,pagoda/temple,pagoda/temple,"A Buddhist temple entrance gate with a green tiled roof and golden ridge decorations, flanked by stone pillars holding colorful flags. A large blue sign above reads CHÙA GIÁC SANH against a bright sky.","Pagoda entrance gate featuring a blue sign with white text, leading to a yellow building with a green tiled roof decorated with golden ornaments and several Buddhist flags flying above.","D:\caption_project\vietnam_architecture\Chùa_Giác_Sanh_năm_2022_(cổng_chùa,_nhìn_xa)_(21)_116026106.png","/Users/jenfnguyen/Documents/Dev/KIS-AAI-DM-Master/data/caption_project/vietnam_architecture/Chùa_Giác_Sanh_năm_2022_(cổng_chùa,_nhìn_xa)_(21)_116026106.png"
Buôn_Ma_Thuột_-_buildings_at_Exile_House_former_prison_Apr_2024_03_148107067.png,0.8317,auto,False,,,"A small yellow colonial-style building with a reddish-brown metal roof stands on grass, featuring weathered walls and shuttered windows under a blue sky.",Small yellow rectangular building with a red corrugated metal gable roof stands in a grassy garden. It features weathered wooden shutters on the windows and is surrounded by manicured shrubs and trees.,D:\caption_project\vietnam_architecture\Buôn_Ma_Thuột_-_buildings_at_Exile_House_former_prison_Apr_2024_03_148107067.png,/Users/jenfnguyen/Documents/Dev/KIS-AAI-DM-Master/data/caption_project/vietnam_architecture/Buôn_Ma_Thuột_-_buildings_at_Exile_House_former_prison_Apr_2024_03_148107067.png
Cham_temple_in_Nha_Trang_10940486.png,0.8318,auto,False,,pagoda/temple,A brick tower with a stepped pyramidal roof stands behind a tree with bright red flowers. A wide staircase leads up to the entrance where people are gathered.,"Brick tower temple featuring a stepped pyramid roof and a central arched entrance, accessed by a wide stone staircase. A large tree with bright red flowers partially obscures the structure.",D:\caption_project\vietnam_architecture\Cham_temple_in_Nha_Trang_10940486.png,/Users/jenfnguyen/Documents/Dev/KIS-AAI-DM-Master/data/caption_project/vietnam_architecture/Cham_temple_in_Nha_Trang_10940486.png
"Chùa_Giác_Sanh_năm_2022_(kiến_trúc_chánh_điện_trên_lầu,_hoành_phi,_nhìn_thẳng)_(1a)_126984478.png",0.8318,auto,False,pagoda/temple,pagoda/temple,"The open wooden doors of a temple entrance reveal an interior altar with offerings. Above the doorway, a large yellow sign features red Chinese characters and ornate golden decorations.","Interior of a temple featuring large wooden doors with carved panels, a yellow wall with a golden scroll-shaped sign, and a central altar decorated with flowers and fruit offerings on a red rug.","D:\caption_project\vietnam_architecture\Chùa_Giác_Sanh_năm_2022_(kiến_trúc_chánh_điện_trên_lầu,_hoành_phi,_nhìn_thẳng)_(1a)_126984478.png","/Users/jenfnguyen/Documents/Dev/KIS-AAI-DM-Master/data/caption_project/vietnam_architecture/Chùa_Giác_Sanh_năm_2022_(kiến_trúc_chánh_điện_trên_lầu,_hoành_phi,_nhìn_thẳng)_(1a)_126984478.png"
"Bảo_tháp_của_Chùa_Thiên_Mụ_(con_đường),_tháng_3_năm_2021_(11)_106177853.png",0.832,auto,False,pagoda/temple,pagoda/temple,A tall brick pagoda with a tiered roof stands among pine trees on a paved path. The structure is surrounded by green grass and other buildings in the background.,"Octagonal brick pagoda with multiple levels stands in a garden setting. The structure features circular windows and tiled roofs, surrounded by paved walkways, green grass, and several tall pine trees.","D:\caption_project\vietnam_architecture\Bảo_tháp_của_Chùa_Thiên_Mụ_(con_đường),_tháng_3_năm_2021_(11)_106177853.png","/Users/jenfnguyen/Documents/Dev/KIS-AAI-DM-Master/data/caption_project/vietnam_architecture/Bảo_tháp_của_Chùa_Thiên_Mụ_(con_đường),_tháng_3_năm_2021_(11)_106177853.png"
"2025-02-09_Quan_Temple,_Lao_Cai_City_(Đền_Quan_Lào_Cai)_06_160984207.png",0.8322,auto,False,pagoda/temple,pagoda/temple,A courtyard with a tiled floor leads to a traditional temple building with an orange-tiled roof and wooden walls. Decorative yellow horse statues stand in front of the main structure.,"Pagoda courtyard framed by a white arched doorway, featuring traditional wooden buildings with curved orange tiled roofs. Several yellow horse statues stand on the tiled ground near a stone pillar and potted plants.","D:\caption_project\vietnam_architecture\2025-02-09_Quan_Temple,_Lao_Cai_City_(Đền_Quan_Lào_Cai)_06_160984207.png","/Users/jenfnguyen/Documents/Dev/KIS-AAI-DM-Master/data/caption_project/vietnam_architecture/2025-02-09_Quan_Temple,_Lao_Cai_City_(Đền_Quan_Lào_Cai)_06_160984207.png"
Chùa_Giác_Sanh_năm_2022_(Ban_thờ_trong_chánh_điện)_(6)_126962068.png,0.8323,auto,False,statue,pagoda/temple,"A golden Buddha statue sits on a pink lotus throne inside a temple altar, surrounded by offerings and smaller statues against a painted backdrop of mountains and a Bodhi tree.","Interior of a temple featuring a golden Buddha statue seated on a lotus base, flanked by ornate red and gold pillars with carved dragons and Chinese characters, set against a painted landscape backdrop.",D:\caption_project\vietnam_architecture\Chùa_Giác_Sanh_năm_2022_(Ban_thờ_trong_chánh_điện)_(6)_126962068.png,/Users/jenfnguyen/Documents/Dev/KIS-AAI-DM-Master/data/caption_project/vietnam_architecture/Chùa_Giác_Sanh_năm_2022_(Ban_thờ_trong_chánh_điện)_(6)_126962068.png
"Ancient_Tomb_Complex_in_Phước_Vĩnh_Đông_Commune,_Cần_Giuộc,_Việt_Nam_(31)_198204698.png",0.8326,auto,False,,,"A close-up of a weathered gray stone architectural detail with an ornate finial on top, set against a textured wall and surrounded by green plants and small purple flowers.","Stone finial atop a pillar or wall, featuring a rounded, weathered top element on a square base. The gray, textured surface shows signs of age, set against a blurred background with green plants.","D:\caption_project\vietnam_architecture\Ancient_Tomb_Complex_in_Phước_Vĩnh_Đông_Commune,_Cần_Giuộc,_Việt_Nam_(31)_198204698.png","/Users/jenfnguyen/Documents/Dev/KIS-AAI-DM-Master/data/caption_project/vietnam_architecture/Ancient_Tomb_Complex_in_Phước_Vĩnh_Đông_Commune,_Cần_Giuộc,_Việt_Nam_(31)_198204698.png"
"2025-02-08_Upper_Temple,_Lao_Cai_老街聖陳祠_19_160901637.png",0.8328,auto,False,,,A stone gate with a curved tiled roof and ornate pillars stands at the end of a paved walkway surrounded by trees. People are walking up the path towards the entrance.,"Stone gate with multiple tiled roofs stands at the top of a wide stone staircase. People walk up the path surrounded by trees, stone walls, and blue umbrellas in a park setting.","D:\caption_project\vietnam_architecture\2025-02-08_Upper_Temple,_Lao_Cai_老街聖陳祠_19_160901637.png","/Users/jenfnguyen/Documents/Dev/KIS-AAI-DM-Master/data/caption_project/vietnam_architecture/2025-02-08_Upper_Temple,_Lao_Cai_老街聖陳祠_19_160901637.png"
3gl_54688408.png,0.8329,auto,False,,,A grey and red communal gate with a curved tiled roof features two Vietnamese flags. A sign above the archway displays visible text reading XÃ GIAO LẠC KÍNH CHÀO QUÝ KHÁCH.,"Ceremonial gate featuring a two-tiered tiled roof with curved corners, painted in grey and reddish-brown tones. The structure includes a national emblem at the top and Vietnamese text on a red plaque.",D:\caption_project\vietnam_architecture\3gl_54688408.png,/Users/jenfnguyen/Documents/Dev/KIS-AAI-DM-Master/data/caption_project/vietnam_architecture/3gl_54688408.png
Canh_7_1655881.png,0.8332,auto,False,,,"An old stone gate with an arched entryway stands beneath large overhanging tree branches. A man leans against the left pillar, while a yellow building and greenery are visible behind the entrance.","Stone gate with a vaulted archway stands in front of a yellow building with a tiled roof. A man stands beside the gate, which features vertical inscriptions on its pillars and surrounding trees.",D:\caption_project\vietnam_architecture\Canh_7_1655881.png,/Users/jenfnguyen/Documents/Dev/KIS-AAI-DM-Master/data/caption_project/vietnam_architecture/Canh_7_1655881.png
Chua_mot_cot-Hanoi-vietnam_-_panoramio_53791340.png,0.8333,auto,False,pagoda/temple,pagoda/temple,"A wooden temple on a single stone pillar stands in a pond, surrounded by green trees. It has a curved tiled roof and decorative elements hanging from the eaves.","Small wooden pagoda structure with a curved tile roof supported by a single central stone pillar standing in a pond. A concrete staircase leads to the elevated platform, surrounded by green trees.",D:\caption_project\vietnam_architecture\Chua_mot_cot-Hanoi-vietnam_-_panoramio_53791340.png,/Users/jenfnguyen/Documents/Dev/KIS-AAI-DM-Master/data/caption_project/vietnam_architecture/Chua_mot_cot-Hanoi-vietnam_-_panoramio_53791340.png
Characters_of_Journey_to_the_West_in_Chùa_Linh_Phước_-_panoramio_56269430.png,0.8333,auto,False,statue,statue,"A row of large white statues depicting historical figures stands on a stone wall. One figure is on horseback, while others walk beside him against a cloudy sky.","White statues depicting figures from a journey are arranged in a line atop a grey, textured stone wall. In the background, a building with a red roof is partially visible.",D:\caption_project\vietnam_architecture\Characters_of_Journey_to_the_West_in_Chùa_Linh_Phước_-_panoramio_56269430.png,/Users/jenfnguyen/Documents/Dev/KIS-AAI-DM-Master/data/caption_project/vietnam_architecture/Characters_of_Journey_to_the_West_in_Chùa_Linh_Phước_-_panoramio_56269430.png
Chùa_Giác_Sanh_năm_2022_(họa_tiết_bàn_thờ_Phật_trong_chánh_điện)_(7)_126961755.png,0.8335,auto,False,,,"A close-up of a black wooden panel featuring elaborate gold-painted relief carvings, including a central circular medallion with stylized dragon motifs and decorative border patterns.","Detail of a dark surface featuring a central gold relief carving of a dragon inside a circular frame, bordered by gold geometric patterns and stylized floral motifs on a black background.",D:\caption_project\vietnam_architecture\Chùa_Giác_Sanh_năm_2022_(họa_tiết_bàn_thờ_Phật_trong_chánh_điện)_(7)_126961755.png,/Users/jenfnguyen/Documents/Dev/KIS-AAI-DM-Master/data/caption_project/vietnam_architecture/Chùa_Giác_Sanh_năm_2022_(họa_tiết_bàn_thờ_Phật_trong_chánh_điện)_(7)_126961755.png
"Chùa_Huệ_Nghiêm_năm_2022,_trúc_viên_(Quan_Âm_các,_mái_tranh)_(9)_127261667.png",0.8335,auto,False,statue,statue,"A thatched-roof pavilion made of wood and bamboo sheltering a statue on a stone base, surrounded by tall bamboo stalks with people standing nearby.","A stone statue of a deity stands under a circular thatched roof pavilion supported by bamboo poles. The base is constructed from gray stones, surrounded by a dense bamboo grove.","D:\caption_project\vietnam_architecture\Chùa_Huệ_Nghiêm_năm_2022,_trúc_viên_(Quan_Âm_các,_mái_tranh)_(9)_127261667.png","/Users/jenfnguyen/Documents/Dev/KIS-AAI-DM-Master/data/caption_project/vietnam_architecture/Chùa_Huệ_Nghiêm_năm_2022,_trúc_viên_(Quan_Âm_các,_mái_tranh)_(9)_127261667.png"
Chùa_Giác_Sanh_năm_2022_(cầu_thang_lên_chánh_điện)_126984028.png,0.8336,auto,False,pagoda/temple,,A wooden staircase with decorative railings leads up to a traditional Vietnamese temple courtyard under colorful Buddhist flags and red lanterns.,A stone staircase with dark red railings and decorative panels leads to an elevated platform in a courtyard. Rows of colorful Buddhist flags and red lanterns hang above the paved ground.,D:\caption_project\vietnam_architecture\Chùa_Giác_Sanh_năm_2022_(cầu_thang_lên_chánh_điện)_126984028.png,/Users/jenfnguyen/Documents/Dev/KIS-AAI-DM-Master/data/caption_project/vietnam_architecture/Chùa_Giác_Sanh_năm_2022_(cầu_thang_lên_chánh_điện)_126984028.png
"0040323_Thap_Banh_It_complex,_Nhon_Hoa,_Binh_Dinh_Vietnam_025_132478846.png",0.8342,auto,False,,pagoda/temple,A weathered brick tower with arched openings and an overgrown stepped roof stands on a grassy hill under a clear blue sky.,A reddish-brown brick temple tower stands on a grassy hill under a clear blue sky. The multi-tiered structure features arched openings and is partially overgrown with green vegetation on its upper sections.,"D:\caption_project\vietnam_architecture\0040323_Thap_Banh_It_complex,_Nhon_Hoa,_Binh_Dinh_Vietnam_025_132478846.png","/Users/jenfnguyen/Documents/Dev/KIS-AAI-DM-Master/data/caption_project/vietnam_architecture/0040323_Thap_Banh_It_complex,_Nhon_Hoa,_Binh_Dinh_Vietnam_025_132478846.png"
Chùa_Bình_An_năm_2022_(họa_tiết_thông_gió)_116395151.png,0.8343,auto,False,,,"An intricately carved wooden lattice window panel with a large central Chinese character and surrounding dragon motifs, backlit by daylight.",Intricate wooden lattice screen featuring a central Chinese character surrounded by stylized carvings of mythical creatures and geometric patterns. The light shines through the openwork design of this architectural detail.,D:\caption_project\vietnam_architecture\Chùa_Bình_An_năm_2022_(họa_tiết_thông_gió)_116395151.png,/Users/jenfnguyen/Documents/Dev/KIS-AAI-DM-Master/data/caption_project/vietnam_architecture/Chùa_Bình_An_năm_2022_(họa_tiết_thông_gió)_116395151.png
"Ancient_Tomb_Complex_in_Phước_Vĩnh_Đông_Commune,_Cần_Giuộc,_Việt_Nam_(48)_198204742.png",0.8351,auto,False,tomb,tomb,"Close-up of a weathered stone tomb with an ornate tiled roof and carved details, surrounded by green foliage.",Stone tomb structure featuring a tiered roof with carved decorative ridges and floral motifs on the base. The grey stone surface is weathered and surrounded by dense green vegetation in an outdoor setting.,"D:\caption_project\vietnam_architecture\Ancient_Tomb_Complex_in_Phước_Vĩnh_Đông_Commune,_Cần_Giuộc,_Việt_Nam_(48)_198204742.png","/Users/jenfnguyen/Documents/Dev/KIS-AAI-DM-Master/data/caption_project/vietnam_architecture/Ancient_Tomb_Complex_in_Phước_Vĩnh_Đông_Commune,_Cần_Giuộc,_Việt_Nam_(48)_198204742.png"
BFC_Hanoi_139133415.png,0.8352,auto,False,,,A white colonial-style building with a decorative roofline and multiple windows on an urban street corner. Motorbikes pass by under overhead wires near signs for Pho Ngo Quyen.,"Colonial building with a white facade located on a street corner, featuring a decorative pediment on the roof, rectangular windows, and ground-level metal grilles. Street signs and traffic lights are visible nearby.",D:\caption_project\vietnam_architecture\BFC_Hanoi_139133415.png,/Users/jenfnguyen/Documents/Dev/KIS-AAI-DM-Master/data/caption_project/vietnam_architecture/BFC_Hanoi_139133415.png
"Chùa_Hòa_Bình_quận_10_(cổng_chùa,_họa_tiết_bông_hoa)_(4)_126997133.png",0.8352,auto,False,,statue,A close-up of a light blue decorative relief panel set into a gray wall. The black floral motif features stylized flowers and leaves within an ornate frame.,Decorative relief panel embedded in a light-colored wall featuring a dark-colored floral motif. The sculpture depicts stylized chrysanthemum flowers and leaves set against a pale blue background within a recessed frame.,"D:\caption_project\vietnam_architecture\Chùa_Hòa_Bình_quận_10_(cổng_chùa,_họa_tiết_bông_hoa)_(4)_126997133.png","/Users/jenfnguyen/Documents/Dev/KIS-AAI-DM-Master/data/caption_project/vietnam_architecture/Chùa_Hòa_Bình_quận_10_(cổng_chùa,_họa_tiết_bông_hoa)_(4)_126997133.png"
Chùa_Diệu_Pháp_(mái_ngói_xanh)_(3)_126992671.png,0.8353,auto,False,house,,"A two-story house with green tiled roof and white balustrades on balconies overlooks a river. The structure features dark wooden doors and windows, adjacent to other buildings with corrugated metal roofs.","Two-story building with green glazed tile roofs featuring curved eaves. The structure has white balustrade balconies, dark wooden doors, and is situated near a river with other roofed structures nearby.",D:\caption_project\vietnam_architecture\Chùa_Diệu_Pháp_(mái_ngói_xanh)_(3)_126992671.png,/Users/jenfnguyen/Documents/Dev/KIS-AAI-DM-Master/data/caption_project/vietnam_architecture/Chùa_Diệu_Pháp_(mái_ngói_xanh)_(3)_126992671.png
"Chùa_Dơi,_cổng_chính_3662576.png",0.8354,manual,True,pagoda/temple,statue,A golden temple gate with ornate carvings and a triangular pediment topped with spires stands between green palm trees and walls.,"Ornate golden gate featuring intricate carvings of a standing Buddha figure and decorative motifs. The structure is flanked by low red walls with green serpent-like sculptures, set against a background of palm trees.","D:\caption_project\vietnam_architecture\Chùa_Dơi,_cổng_chính_3662576.png","/Users/jenfnguyen/Documents/Dev/KIS-AAI-DM-Master/data/caption_project/vietnam_architecture/Chùa_Dơi,_cổng_chính_3662576.png"
"Chùa_Huệ_Nghiêm_năm_2022,_ao_sen_(lan_can)_(7)_127250820.png",0.836,auto,False,pagoda/temple,pagoda/temple,"Yellow lotus lanterns sit on a concrete railing overlooking a pond filled with green lily pads and pink flowers, with pagodas visible among the trees in the background.","A stone balustrade with dark green ceramic pillars overlooks a pond filled with lotus leaves. Several yellow lotus-shaped lanterns are placed along the top edge, with pagoda structures visible in the background.","D:\caption_project\vietnam_architecture\Chùa_Huệ_Nghiêm_năm_2022,_ao_sen_(lan_can)_(7)_127250820.png","/Users/jenfnguyen/Documents/Dev/KIS-AAI-DM-Master/data/caption_project/vietnam_architecture/Chùa_Huệ_Nghiêm_năm_2022,_ao_sen_(lan_can)_(7)_127250820.png"
"Chùa_Hòa_Bình_quận_10_(cổng_chùa,_có_một_chữ_nho,_nhìn_xiên_trái)_(1)_119455203.png",0.8361,auto,False,pagoda/temple,pagoda/temple,"A temple gate with a dark curved roof and light-colored walls features large black Chinese characters on a central panel and vertical inscriptions on pillars, surrounded by green foliage.","Pagoda gate featuring a large central Chinese character, curved tiled roof sections, and tall pillars with vertical inscriptions. The structure is painted in light gray with dark accents and is surrounded by green plants.","D:\caption_project\vietnam_architecture\Chùa_Hòa_Bình_quận_10_(cổng_chùa,_có_một_chữ_nho,_nhìn_xiên_trái)_(1)_119455203.png","/Users/jenfnguyen/Documents/Dev/KIS-AAI-DM-Master/data/caption_project/vietnam_architecture/Chùa_Hòa_Bình_quận_10_(cổng_chùa,_có_một_chữ_nho,_nhìn_xiên_trái)_(1)_119455203.png"
"Chùa_Huệ_Nghiêm_năm_2022_(tháp_chuông,_cầu_thang_uốn_lượn)_124489441.png",0.8361,auto,False,,,A curved wooden staircase with white steps and a dark railing ascends inside a building with red walls and ornate carved wooden details. Green trees are visible through an opening in the background.,Curved staircase with light-colored treads and a dark railing ascends through a structure featuring deep red painted wooden beams and intricate floral carvings. A white ceiling medallion is visible above.,"D:\caption_project\vietnam_architecture\Chùa_Huệ_Nghiêm_năm_2022_(tháp_chuông,_cầu_thang_uốn_lượn)_124489441.png","/Users/jenfnguyen/Documents/Dev/KIS-AAI-DM-Master/data/caption_project/vietnam_architecture/Chùa_Huệ_Nghiêm_năm_2022_(tháp_chuông,_cầu_thang_uốn_lượn)_124489441.png"
"Chùa_Huệ_Nghiêm_năm_2022_(kiến_trúc_Di_Lặc_phật_điện,_mái_ngói_gạch_đỏ)_(1)_126992828.png",0.8362,auto,False,pagoda/temple,pagoda/temple,"A multi-story pagoda with a curved tiled roof and reddish-brown wooden pillars. An ornate staircase leads to an upper balcony, surrounded by green trees.","A two-story wooden pagoda features a double-tiered tiled roof, a balcony with geometric railings, and dark red painted pillars. Several rectangular plaques with Chinese characters are mounted along the upper facade.","D:\caption_project\vietnam_architecture\Chùa_Huệ_Nghiêm_năm_2022_(kiến_trúc_Di_Lặc_phật_điện,_mái_ngói_gạch_đỏ)_(1)_126992828.png","/Users/jenfnguyen/Documents/Dev/KIS-AAI-DM-Master/data/caption_project/vietnam_architecture/Chùa_Huệ_Nghiêm_năm_2022_(kiến_trúc_Di_Lặc_phật_điện,_mái_ngói_gạch_đỏ)_(1)_126992828.png"
"AP0015-Sallet_Annam,_Tourcham,_1930_–_Tour_cham_de_Po_Klaung_Garai_–_Vue_générale_(1)_144644889.png",0.8363,auto,False,pagoda/temple,pagoda/temple,A sepia-toned photograph showing a stone temple complex with multiple tiered spires rising above dense trees on a hillside.,"Brick temple complex with tiered, pointed roofs situated on a hill covered in trees and vegetation. The structures feature arched doorways and vertical architectural elements, captured in a sepia-toned photograph.","D:\caption_project\vietnam_architecture\AP0015-Sallet_Annam,_Tourcham,_1930_–_Tour_cham_de_Po_Klaung_Garai_–_Vue_générale_(1)_144644889.png","/Users/jenfnguyen/Documents/Dev/KIS-AAI-DM-Master/data/caption_project/vietnam_architecture/AP0015-Sallet_Annam,_Tourcham,_1930_–_Tour_cham_de_Po_Klaung_Garai_–_Vue_générale_(1)_144644889.png"
Ba_Den_Mountain_summit_temple_illuminated_night_fog_Tay_Ninh_Vietnam_186085132.png,0.8365,auto,False,statue,statue,A large illuminated statue stands atop a multi-tiered pagoda complex on a mountain peak surrounded by clouds and fog at dusk.,"A large standing statue of a deity sits atop a multi-tiered circular stone platform on a mountain peak, surrounded by illuminated courtyards, paved walkways, and low clouds at dusk.",D:\caption_project\vietnam_architecture\Ba_Den_Mountain_summit_temple_illuminated_night_fog_Tay_Ninh_Vietnam_186085132.png,/Users/jenfnguyen/Documents/Dev/KIS-AAI-DM-Master/data/caption_project/vietnam_architecture/Ba_Den_Mountain_summit_temple_illuminated_night_fog_Tay_Ninh_Vietnam_186085132.png
04310-Hanoi_(32206496412)_111460969.png,0.8366,auto,False,,,Two uniformed guards stand on steps before a large wooden door set in a grey stone facade. Yellow and red wreaths with ribbons are placed on either side of the entrance.,"Large wooden double doors are set into a grey granite wall, flanked by two guards in white uniforms. Four circular floral wreaths are placed on the stone steps in front of the building entrance.",D:\caption_project\vietnam_architecture\04310-Hanoi_(32206496412)_111460969.png,/Users/jenfnguyen/Documents/Dev/KIS-AAI-DM-Master/data/caption_project/vietnam_architecture/04310-Hanoi_(32206496412)_111460969.png
"Chùa_Huệ_Nghiêm_năm_2022_(khu_nội_viện,_cổng_tam_quan)_(23)_127034220.png",0.8366,auto,False,,,A wooden gate with curved terracotta tiled roofs and decorative ridge ends. A dark brown sign displays golden Chinese characters above the entrance.,"Traditional wooden gate structure with curved tiled roofs and dark brown timber pillars. The structure features gold Chinese characters on wooden panels and a wooden balustrade, set against a background of green trees.","D:\caption_project\vietnam_architecture\Chùa_Huệ_Nghiêm_năm_2022_(khu_nội_viện,_cổng_tam_quan)_(23)_127034220.png","/Users/jenfnguyen/Documents/Dev/KIS-AAI-DM-Master/data/caption_project/vietnam_architecture/Chùa_Huệ_Nghiêm_năm_2022_(khu_nội_viện,_cổng_tam_quan)_(23)_127034220.png"
"Bảo_tháp_của_Chùa_Thiên_Mụ,_tháng_3_năm_2021_(8)_106177688.png",0.8367,auto,False,pagoda/temple,pagoda/temple,"A weathered brick pagoda with multiple tiers and arched openings stands behind a wide set of stone steps, surrounded by green pine trees.",Octagonal brick pagoda with seven tiers rises behind a wide set of weathered brick stairs. The structure features arched openings on each level and is surrounded by green pine trees.,"D:\caption_project\vietnam_architecture\Bảo_tháp_của_Chùa_Thiên_Mụ,_tháng_3_năm_2021_(8)_106177688.png","/Users/jenfnguyen/Documents/Dev/KIS-AAI-DM-Master/data/caption_project/vietnam_architecture/Bảo_tháp_của_Chùa_Thiên_Mụ,_tháng_3_năm_2021_(8)_106177688.png"
2013-07-18_My_An_Onsen_Resort_ミーアン温泉_DSCF1252_107169946.png,0.8369,auto,False,,,A man stands waist-deep in a turquoise swimming pool surrounded by thatched umbrellas and green trees under a bright sky.,"A man stands in a swimming pool with light blue water, surrounded by several conical thatched-roof umbrellas made of dried palm leaves. Trees and small stone lanterns are visible in the background.",D:\caption_project\vietnam_architecture\2013-07-18_My_An_Onsen_Resort_ミーアン温泉_DSCF1252_107169946.png,/Users/jenfnguyen/Documents/Dev/KIS-AAI-DM-Master/data/caption_project/vietnam_architecture/2013-07-18_My_An_Onsen_Resort_ミーアン温泉_DSCF1252_107169946.png
Beads_from_Burial_Jacket_(9967038056)_102411682.png,0.837,auto,False,,,A display of small artifacts including several cowrie shells and round metallic objects arranged on a dark background under a clear circular cover.,"Small metallic objects including cowrie shells and spherical beads are arranged in a circular pattern on a dark rectangular display board, protected by a clear circular glass cover.",D:\caption_project\vietnam_architecture\Beads_from_Burial_Jacket_(9967038056)_102411682.png,/Users/jenfnguyen/Documents/Dev/KIS-AAI-DM-Master/data/caption_project/vietnam_architecture/Beads_from_Burial_Jacket_(9967038056)_102411682.png
Chùa_Diệu_Pháp_(bàn_thờ_Phật_ở_tầng_dưới)_(2)_127033492.png,0.8371,auto,False,statue,statue,A dark wooden Buddha statue sits on an ornately carved altar table inside a room with light wood paneling and a polished wooden floor.,Dark red Buddha statue sits on an ornate wooden altar against a light wood paneled wall. A large blue and white ceramic vase stands to the right on a small wooden stool.,D:\caption_project\vietnam_architecture\Chùa_Diệu_Pháp_(bàn_thờ_Phật_ở_tầng_dưới)_(2)_127033492.png,/Users/jenfnguyen/Documents/Dev/KIS-AAI-DM-Master/data/caption_project/vietnam_architecture/Chùa_Diệu_Pháp_(bàn_thờ_Phật_ở_tầng_dưới)_(2)_127033492.png
"Chùa_Giác_Sanh_năm_2022_(trong_chánh_điện,_sảnh)_(2)_126962092.png",0.8373,auto,False,pagoda/temple,pagoda/temple,"Interior of a Vietnamese temple hall featuring a large central altar with a Buddha statue under an ornate carved wooden screen. The space has beige tiled floors, red lanterns hanging from the ceiling, and decorative pillars.","Interior of a temple featuring a central altar with a Buddha statue, surrounded by ornate gold-painted wooden carvings, red lanterns hanging from the ceiling, and a large red rug on tiled floors.","D:\caption_project\vietnam_architecture\Chùa_Giác_Sanh_năm_2022_(trong_chánh_điện,_sảnh)_(2)_126962092.png","/Users/jenfnguyen/Documents/Dev/KIS-AAI-DM-Master/data/caption_project/vietnam_architecture/Chùa_Giác_Sanh_năm_2022_(trong_chánh_điện,_sảnh)_(2)_126962092.png"
"Chùa_Hòa_Bình_quận_10_(cổng_chùa,_công_bên_nhìn_thẳng)_(1)_119455209.png",0.8373,auto,False,,,"An ornate gate with a curved roof and orange tiles frames arched metal doors featuring lotus flower designs. Vertical columns display carved Vietnamese characters, and the structure is surrounded by green foliage.","Gate of a building featuring a curved tiled roof with a central sun motif. The structure has light grey walls, vertical pillars with Chinese characters, and a metal door decorated with lotus flower patterns.","D:\caption_project\vietnam_architecture\Chùa_Hòa_Bình_quận_10_(cổng_chùa,_công_bên_nhìn_thẳng)_(1)_119455209.png","/Users/jenfnguyen/Documents/Dev/KIS-AAI-DM-Master/data/caption_project/vietnam_architecture/Chùa_Hòa_Bình_quận_10_(cổng_chùa,_công_bên_nhìn_thẳng)_(1)_119455209.png"
Chùa_Bình_An_năm_2022_(chánh_điện_nhìn_bên)_(8)_116395458.png,0.8374,auto,False,pagoda/temple,pagoda/temple,"A multi-story pagoda with a red-tiled hip and gable roof, featuring golden decorative ridges, intricate wood carvings, and stone walls, surrounded by potted plants and a white statue.","Pagoda exterior featuring a curved roof with red trim, yellow walls, and intricate gold-painted carvings. A stone base supports the structure, with potted plants and a white statue placed near the entrance.",D:\caption_project\vietnam_architecture\Chùa_Bình_An_năm_2022_(chánh_điện_nhìn_bên)_(8)_116395458.png,/Users/jenfnguyen/Documents/Dev/KIS-AAI-DM-Master/data/caption_project/vietnam_architecture/Chùa_Bình_An_năm_2022_(chánh_điện_nhìn_bên)_(8)_116395458.png
"04052023_Ponagar_Hindu_temples_complex,_Nha_Trang_Vietnam_-_2_130722391.png",0.8376,auto,False,pagoda/temple,pagoda/temple,"A terracotta brick temple with a stepped tower rises above a stone staircase flanked by bronze statues of seated figures, surrounded by green grass and trees under a blue sky.","Brick temple complex featuring a tall, tiered tower with intricate carvings. Stone stairs lead up to the entrance, flanked by two seated stone statues on pedestals amidst green trees and grass.","D:\caption_project\vietnam_architecture\04052023_Ponagar_Hindu_temples_complex,_Nha_Trang_Vietnam_-_2_130722391.png","/Users/jenfnguyen/Documents/Dev/KIS-AAI-DM-Master/data/caption_project/vietnam_architecture/04052023_Ponagar_Hindu_temples_complex,_Nha_Trang_Vietnam_-_2_130722391.png"
BUDDIST_TEMPLE_TRAIMAT_VIETNAM_JAN_2012_(6818233472)_26364640.png,0.8376,auto,False,pagoda/temple,pagoda/temple,"Interior of a temple featuring ornate pillars with dragon carvings, walls covered in colorful murals depicting figures and scenes, a painted ceiling showing clouds, and a golden Buddha statue at the far end.","Interior of a pagoda featuring two rows of tall, ornate pillars wrapped in colorful dragon sculptures. The ceiling is painted with a blue sky and clouds, while the walls display detailed murals.",D:\caption_project\vietnam_architecture\BUDDIST_TEMPLE_TRAIMAT_VIETNAM_JAN_2012_(6818233472)_26364640.png,/Users/jenfnguyen/Documents/Dev/KIS-AAI-DM-Master/data/caption_project/vietnam_architecture/BUDDIST_TEMPLE_TRAIMAT_VIETNAM_JAN_2012_(6818233472)_26364640.png
Bao_Dai's_Summer_Palace_-_Garden_2_12031502.png,0.838,auto,False,,,"A formal garden features a large rectangular flower bed with intricate green boxwood hedges forming patterns and enclosing patches of pink and red flowers, surrounded by grass lawns and mature trees.","Formal garden featuring geometric hedges and flower beds arranged in a symmetrical pattern. A stone pathway borders the green lawn, with trees and shrubs surrounding the landscaped area in a park setting.",D:\caption_project\vietnam_architecture\Bao_Dai's_Summer_Palace_-_Garden_2_12031502.png,/Users/jenfnguyen/Documents/Dev/KIS-AAI-DM-Master/data/caption_project/vietnam_architecture/Bao_Dai's_Summer_Palace_-_Garden_2_12031502.png
Chùa_Giác_Sanh_năm_2022_(hoành_phi_đỏ)_(1)_115381447.png,0.8381,auto,False,statue,statue,"An interior altar features a white Guanyin statue with a yellow halo behind it, surrounded by offerings of fruit and pink lilies on ornate silver stands. A red sign above the wooden structure displays golden Chinese characters.","Interior of a structure featuring a wooden altar with two statues of deities, floral arrangements, and fruit offerings. A red sign with gold Chinese characters is mounted on the dark wooden ceiling beams.",D:\caption_project\vietnam_architecture\Chùa_Giác_Sanh_năm_2022_(hoành_phi_đỏ)_(1)_115381447.png,/Users/jenfnguyen/Documents/Dev/KIS-AAI-DM-Master/data/caption_project/vietnam_architecture/Chùa_Giác_Sanh_năm_2022_(hoành_phi_đỏ)_(1)_115381447.png
"Chùa_Giác_Lâm_(bảo_tháp),_tháng_4_năm_2021_(2)_106026754.png",0.8382,auto,False,pagoda/temple,pagoda/temple,A multi-story pagoda with tiered roofs is illuminated at night. The entrance displays a large sign reading BẢO THÁP XÃ LỢI above an open doorway where people gather around statues and offerings.,"Multi-story pagoda at night featuring a tiered structure with yellow walls and dark railings. A large statue stands at the entrance, while people gather on the steps to offer incense.","D:\caption_project\vietnam_architecture\Chùa_Giác_Lâm_(bảo_tháp),_tháng_4_năm_2021_(2)_106026754.png","/Users/jenfnguyen/Documents/Dev/KIS-AAI-DM-Master/data/caption_project/vietnam_architecture/Chùa_Giác_Lâm_(bảo_tháp),_tháng_4_năm_2021_(2)_106026754.png"
"Bức_tường_nghĩa_địa_dài_như_dải_Gaza_ở_BHHA_xa_diệu_vợi,_ng18th12n2022_(11)_127455764.png",0.8385,auto,False,,,"A concrete wall covered in large grey and white graffiti tags stands beside a paved road, backed by dense green trees under a blue sky.","Concrete wall featuring large, stylized black and white graffiti lettering. The wall is positioned along a paved road, with dense green foliage visible behind the structure under a bright blue sky.","D:\caption_project\vietnam_architecture\Bức_tường_nghĩa_địa_dài_như_dải_Gaza_ở_BHHA_xa_diệu_vợi,_ng18th12n2022_(11)_127455764.png","/Users/jenfnguyen/Documents/Dev/KIS-AAI-DM-Master/data/caption_project/vietnam_architecture/Bức_tường_nghĩa_địa_dài_như_dải_Gaza_ở_BHHA_xa_diệu_vợi,_ng18th12n2022_(11)_127455764.png"
Bia_Phan_Văn_Trị_101209730.png,0.8385,auto,False,,,"A moss-covered stone stele stands upright against a rough stone and plaster wall base, surrounded by fallen leaves and ceramic offerings on the ground.",A weathered stone stele with a rounded top stands against a rough stone wall. The surface of the gray stone is covered in patches of green moss and shows signs of erosion.,D:\caption_project\vietnam_architecture\Bia_Phan_Văn_Trị_101209730.png,/Users/jenfnguyen/Documents/Dev/KIS-AAI-DM-Master/data/caption_project/vietnam_architecture/Bia_Phan_Văn_Trị_101209730.png
"Chùa_Giác_Sanh_năm_2022_(kiến_trúc_chánh_điện_trên_lầu,_ngoại_cảnh,_tượng_Quan_Âm)_126992286.png",0.8386,auto,False,statue,statue,A white statue of a deity stands before a yellow temple with a green tiled roof and red lanterns. Potted plants surround the base of the statue on a paved courtyard.,"A white statue of a standing figure with a yellow halo stands before a yellow pagoda with a green tiled curved roof. Red lanterns hang from the eaves, and potted plants are in the foreground.","D:\caption_project\vietnam_architecture\Chùa_Giác_Sanh_năm_2022_(kiến_trúc_chánh_điện_trên_lầu,_ngoại_cảnh,_tượng_Quan_Âm)_126992286.png","/Users/jenfnguyen/Documents/Dev/KIS-AAI-DM-Master/data/caption_project/vietnam_architecture/Chùa_Giác_Sanh_năm_2022_(kiến_trúc_chánh_điện_trên_lầu,_ngoại_cảnh,_tượng_Quan_Âm)_126992286.png"
Bao_Dai's_Summer_Palace_-_Garden_12030220.png,0.8388,auto,False,,,"A formal garden with intricate geometric hedges and flower beds in green and yellow. Paved walkways wind through the manicured landscape, surrounded by tall pine trees under bright sunlight.","Formal garden featuring symmetrical geometric hedges and manicured lawns, surrounded by trees and stone pathways. The landscape design includes rectangular and curved planting beds with small flowering plants and patches of soil.",D:\caption_project\vietnam_architecture\Bao_Dai's_Summer_Palace_-_Garden_12030220.png,/Users/jenfnguyen/Documents/Dev/KIS-AAI-DM-Master/data/caption_project/vietnam_architecture/Bao_Dai's_Summer_Palace_-_Garden_12030220.png
"0040423_Thap_Binh_Lam_Cham_Hindu_temple,_Phuoc_Hoa,_Binh_Dinh_Vietnam_124_132498796.png",0.8388,auto,False,,,A brick tower with a stepped pyramidal roof and recessed doorways is shown against a clear blue sky. Green trees grow on the top and beside the weathered reddish-brown structure.,Brick tower structure featuring a tiered roof with decorative carvings and weathered surfaces. Small green plants grow from the upper levels of the structure against a clear blue sky.,"D:\caption_project\vietnam_architecture\0040423_Thap_Binh_Lam_Cham_Hindu_temple,_Phuoc_Hoa,_Binh_Dinh_Vietnam_124_132498796.png","/Users/jenfnguyen/Documents/Dev/KIS-AAI-DM-Master/data/caption_project/vietnam_architecture/0040423_Thap_Binh_Lam_Cham_Hindu_temple,_Phuoc_Hoa,_Binh_Dinh_Vietnam_124_132498796.png"
"Chùa_Huệ_Nghiêm_năm_2022_(khu_nội_viện,_bảng_hiệu_chánh_điện)_(7)_126510702.png",0.839,auto,False,statue,statue,A golden Buddhist statue sits on a wooden ledge above a large wooden sign with white Chinese characters. Below the sign are two wooden doors featuring vertical barred windows. The structure is made of dark brown wood.,"Golden statue of a deity positioned above a wooden horizontal plaque with Chinese characters. The structure features dark wooden panels, a slatted window, and a tiled roof visible in the background.","D:\caption_project\vietnam_architecture\Chùa_Huệ_Nghiêm_năm_2022_(khu_nội_viện,_bảng_hiệu_chánh_điện)_(7)_126510702.png","/Users/jenfnguyen/Documents/Dev/KIS-AAI-DM-Master/data/caption_project/vietnam_architecture/Chùa_Huệ_Nghiêm_năm_2022_(khu_nội_viện,_bảng_hiệu_chánh_điện)_(7)_126510702.png"
"Chùa_Huệ_Nghiêm_năm_2022,_trúc_viên_(lối_đi)_(2)_127262536.png",0.8391,auto,False,,,A path through a dense bamboo grove lined with large potted plants leads toward a building with a thatched roof and wooden structure visible in the background.,"A small structure with a thatched roof sits behind a dense bamboo grove. A stone path leads through the area, which is filled with numerous potted plants and scattered dry leaves.","D:\caption_project\vietnam_architecture\Chùa_Huệ_Nghiêm_năm_2022,_trúc_viên_(lối_đi)_(2)_127262536.png","/Users/jenfnguyen/Documents/Dev/KIS-AAI-DM-Master/data/caption_project/vietnam_architecture/Chùa_Huệ_Nghiêm_năm_2022,_trúc_viên_(lối_đi)_(2)_127262536.png"
Binh_Tay_market_13_134444626.png,0.8392,auto,False,,,"A row of weathered corrugated metal and terracotta tile roofs with multiple silver turbine vents, set against a backdrop of urban buildings including a tall white high-rise under a blue sky with scattered clouds.","Corrugated metal roof of a large building features multiple silver turbine ventilators. In the background, a tall modern apartment tower and several multi-story residential buildings rise above the urban landscape under a blue sky.",D:\caption_project\vietnam_architecture\Binh_Tay_market_13_134444626.png,/Users/jenfnguyen/Documents/Dev/KIS-AAI-DM-Master/data/caption_project/vietnam_architecture/Binh_Tay_market_13_134444626.png
Beach-3058741_108933495.png,0.8394,auto,False,pagoda/temple,pagoda/temple,A pagoda with tiered curved roofs and a colonial building with red tiles flank a brick courtyard. A tall white statue stands between them against a cloudy sky.,Pagoda complex featuring a multi-tiered wooden tower with curved roof corners and a long building with a red tiled roof. A large white statue stands in the background on a paved courtyard.,D:\caption_project\vietnam_architecture\Beach-3058741_108933495.png,/Users/jenfnguyen/Documents/Dev/KIS-AAI-DM-Master/data/caption_project/vietnam_architecture/Beach-3058741_108933495.png
Chùa_Giác_Sanh_năm_2022_(cầu_thang_lên_chánh_điện)_(2)_126984026.png,0.8396,auto,False,,,A red wooden staircase with grey stone steps leads up to a building. The railings feature decorative panels and are flanked by potted plants under colorful flags.,A concrete staircase with red railings and gray stone steps leads to an upper level of a building. The railings feature white relief carvings of lotus flowers and other motifs.,D:\caption_project\vietnam_architecture\Chùa_Giác_Sanh_năm_2022_(cầu_thang_lên_chánh_điện)_(2)_126984026.png,/Users/jenfnguyen/Documents/Dev/KIS-AAI-DM-Master/data/caption_project/vietnam_architecture/Chùa_Giác_Sanh_năm_2022_(cầu_thang_lên_chánh_điện)_(2)_126984026.png
"Bức_tường_nghĩa_địa_dài_như_dải_Gaza_ở_BHHA_xa_diệu_vợi,_ng18th12n2022_(5)_127455755.png",0.8397,auto,False,,,A concrete wall along a paved street is covered in extensive graffiti art with blue and green spray paint tags. A person rides a motorbike on the road next to the decorated wall.,"Concrete wall covered in colorful graffiti tags runs along a narrow paved street with visible train tracks. A person on a motorcycle drives past the wall, which is shaded by nearby trees.","D:\caption_project\vietnam_architecture\Bức_tường_nghĩa_địa_dài_như_dải_Gaza_ở_BHHA_xa_diệu_vợi,_ng18th12n2022_(5)_127455755.png","/Users/jenfnguyen/Documents/Dev/KIS-AAI-DM-Master/data/caption_project/vietnam_architecture/Bức_tường_nghĩa_địa_dài_như_dải_Gaza_ở_BHHA_xa_diệu_vợi,_ng18th12n2022_(5)_127455755.png"
Chua_mot_cot_2_14669723.png,0.8401,auto,False,pagoda/temple,pagoda/temple,"The One Pillar Pagoda, a wooden pavilion with a curved tiled roof, stands on a single concrete pillar in a pond surrounded by trees and a stone wall.","Wooden pagoda structure with a curved tiled roof supported by a single stone pillar in the center of a pond, featuring wooden railings and a stone staircase leading to the water.",D:\caption_project\vietnam_architecture\Chua_mot_cot_2_14669723.png,/Users/jenfnguyen/Documents/Dev/KIS-AAI-DM-Master/data/caption_project/vietnam_architecture/Chua_mot_cot_2_14669723.png
"Chùa_Bảo_Đàm_năm_2022_(Điện_Quan_Âm,_toàn_cảnh)_(1)_115903669.png",0.8402,auto,False,statue,statue,"A white statue of a robed figure stands on a pedestal in a garden surrounded by dense green foliage and potted plants, with offerings including yellow flowers arranged on a small table.","White statue of a standing figure holding a vessel positioned in a garden setting. A round stone table in front holds yellow flowers and small bowls, next to a rock with white inscriptions.","D:\caption_project\vietnam_architecture\Chùa_Bảo_Đàm_năm_2022_(Điện_Quan_Âm,_toàn_cảnh)_(1)_115903669.png","/Users/jenfnguyen/Documents/Dev/KIS-AAI-DM-Master/data/caption_project/vietnam_architecture/Chùa_Bảo_Đàm_năm_2022_(Điện_Quan_Âm,_toàn_cảnh)_(1)_115903669.png"
Chùa_Diệu_Pháp_(mái_ngói_xanh)_(5)_126992677.png,0.8407,auto,False,,,"Close-up of curved green glazed ceramic roof tiles arranged in neat overlapping rows. The glossy tiles show varying shades of green and blue, with a white painted ridge visible at the top.","Green glazed ceramic roof tiles arranged in a repeating pattern cover the sloped surfaces of a structure. A white ridge line separates the roof sections, creating a geometric composition of overlapping tiled planes.",D:\caption_project\vietnam_architecture\Chùa_Diệu_Pháp_(mái_ngói_xanh)_(5)_126992677.png,/Users/jenfnguyen/Documents/Dev/KIS-AAI-DM-Master/data/caption_project/vietnam_architecture/Chùa_Diệu_Pháp_(mái_ngói_xanh)_(5)_126992677.png
Chùa_Giác_Sanh_năm_2022_(Họa_tiết_trong_chánh_điện)_(3)_126962075.png,0.8408,auto,False,statue,statue,"A golden Buddha statue stands inside a temple hall near an artificial tree and a landscape painting, beneath ornate golden carved wooden beams featuring dragons.","A golden Buddha statue sits before a painted landscape mural inside a temple. Above the statue, a horizontal wooden carving features two dragons flanking a central wheel symbol, painted in bright gold.",D:\caption_project\vietnam_architecture\Chùa_Giác_Sanh_năm_2022_(Họa_tiết_trong_chánh_điện)_(3)_126962075.png,/Users/jenfnguyen/Documents/Dev/KIS-AAI-DM-Master/data/caption_project/vietnam_architecture/Chùa_Giác_Sanh_năm_2022_(Họa_tiết_trong_chánh_điện)_(3)_126962075.png
"0040323_Thap_Banh_It_complex,_Nhon_Hoa,_Binh_Dinh_Vietnam_038_132478844.png",0.8408,auto,False,,,"A weathered brick tower with an arched entrance stands on a grassy hill under a clear blue sky. Green bushes grow beside the structure and along the horizon, while a paved path leads toward its base.",Square brick tower with a tiered roof and a pointed arch entrance stands on a grassy hill. The structure features weathered orange bricks and small plants growing on the upper levels.,"D:\caption_project\vietnam_architecture\0040323_Thap_Banh_It_complex,_Nhon_Hoa,_Binh_Dinh_Vietnam_038_132478844.png","/Users/jenfnguyen/Documents/Dev/KIS-AAI-DM-Master/data/caption_project/vietnam_architecture/0040323_Thap_Banh_It_complex,_Nhon_Hoa,_Binh_Dinh_Vietnam_038_132478844.png"
Chùa_Diệu_Pháp_(Cổng_mái)_(17)_126873652.png,0.8408,auto,False,,,A traditional Vietnamese gate with a green tiled roof and dark wooden pillars stands over a stone-paved walkway. People walk through the entrance surrounded by trees and lampposts.,"A traditional gate with a two-tiered green tiled roof and wooden pillars stands at the end of a stone-paved path. People walk through the gate, which is surrounded by trees and planters.",D:\caption_project\vietnam_architecture\Chùa_Diệu_Pháp_(Cổng_mái)_(17)_126873652.png,/Users/jenfnguyen/Documents/Dev/KIS-AAI-DM-Master/data/caption_project/vietnam_architecture/Chùa_Diệu_Pháp_(Cổng_mái)_(17)_126873652.png
"Bach_Ngoc,_Tran_Le_Xuan_Villa_01_17317511.png",0.8411,auto,False,,,"A large beige colonial-style building with a red tiled roof and arched windows stands on a stone foundation next to a modern white extension with a balcony, overlooking a swimming pool under a clear blue sky.","Colonial building with a red tiled roof and light-colored walls stands behind a modern white structure with a flat roof and large glass windows, situated next to a rectangular swimming pool.","D:\caption_project\vietnam_architecture\Bach_Ngoc,_Tran_Le_Xuan_Villa_01_17317511.png","/Users/jenfnguyen/Documents/Dev/KIS-AAI-DM-Master/data/caption_project/vietnam_architecture/Bach_Ngoc,_Tran_Le_Xuan_Villa_01_17317511.png"
Chùa_Giác_Sanh_năm_2022_(kiến_trúc_chánh_điện_trên_lầu)_(18)_126992273.png,0.8412,auto,False,pagoda/temple,pagoda/temple,A pagoda with a green tiled roof and yellow walls features hanging red lanterns and wind chimes. Wooden pillars support the eaves of the traditional structure.,"Pagoda exterior featuring a yellow wall, dark brown pillars with lotus-shaped capitals, and a curved roof with green tiles. Red lanterns and gold-painted decorative carvings are attached to the facade.",D:\caption_project\vietnam_architecture\Chùa_Giác_Sanh_năm_2022_(kiến_trúc_chánh_điện_trên_lầu)_(18)_126992273.png,/Users/jenfnguyen/Documents/Dev/KIS-AAI-DM-Master/data/caption_project/vietnam_architecture/Chùa_Giác_Sanh_năm_2022_(kiến_trúc_chánh_điện_trên_lầu)_(18)_126992273.png
"Chùa_Huệ_Nghiêm,_Bình_Tân_(nhìn_bên),_tháng_12_năm_2021_(1)_113700011.png",0.8413,auto,False,pagoda/temple,pagoda/temple,A pagoda with tiered roofs and a golden spire stands behind a wall with red tiles. Birds perch on overhead wires against a blue sky with scattered clouds.,"Pagoda gate with curved tiled roof corners and a tall multi-story tower in the background. A plain wall with red roof tiles separates the structures, while pigeons perch on overhead power lines.","D:\caption_project\vietnam_architecture\Chùa_Huệ_Nghiêm,_Bình_Tân_(nhìn_bên),_tháng_12_năm_2021_(1)_113700011.png","/Users/jenfnguyen/Documents/Dev/KIS-AAI-DM-Master/data/caption_project/vietnam_architecture/Chùa_Huệ_Nghiêm,_Bình_Tân_(nhìn_bên),_tháng_12_năm_2021_(1)_113700011.png"
"Chùa_Huệ_Nghiêm,_Bình_Tân_(cổng_sắt),_tháng_12_năm_2021_(3)_113700007.png",0.8414,auto,False,,,"A close-up of a weathered metal gate with vertical bars and decorative panels featuring golden dragons and an intricate geometric pattern, set against a backdrop of trees.","Metal gate featuring a weathered gold finish, vertical bars, and a central panel decorated with two relief-carved dragons flanking a circular wheel motif. A lion-head door knocker is attached to the right side.","D:\caption_project\vietnam_architecture\Chùa_Huệ_Nghiêm,_Bình_Tân_(cổng_sắt),_tháng_12_năm_2021_(3)_113700007.png","/Users/jenfnguyen/Documents/Dev/KIS-AAI-DM-Master/data/caption_project/vietnam_architecture/Chùa_Huệ_Nghiêm,_Bình_Tân_(cổng_sắt),_tháng_12_năm_2021_(3)_113700007.png"
Chùa_Giác_Tánh_(Cổng_chùa)_(15)_119454413.png,0.8419,auto,False,,,A dark wooden gate with vertical bars and intricate carved panels decorated with gold floral motifs stands beside a bright yellow pillar at an entrance.,"A dark wooden gate pillar features vertical gold-painted calligraphy and floral carvings. A bright yellow pillar stands nearby, while colorful prayer flags hang above a courtyard with tables and chairs in the background.",D:\caption_project\vietnam_architecture\Chùa_Giác_Tánh_(Cổng_chùa)_(15)_119454413.png,/Users/jenfnguyen/Documents/Dev/KIS-AAI-DM-Master/data/caption_project/vietnam_architecture/Chùa_Giác_Tánh_(Cổng_chùa)_(15)_119454413.png
Chùa_Bảo_Đàm_năm_2022_(cây_cối)_(1)_115905670.png,0.842,auto,False,,,"A garden scene filled with dense green foliage, featuring a tall slender tree in the center surrounded by leafy bushes and potted plants under a clear blue sky.","Dense green trees and various potted plants fill the foreground, partially obscuring a structure in the background. The scene is dominated by foliage under a clear blue sky.",D:\caption_project\vietnam_architecture\Chùa_Bảo_Đàm_năm_2022_(cây_cối)_(1)_115905670.png,/Users/jenfnguyen/Documents/Dev/KIS-AAI-DM-Master/data/caption_project/vietnam_architecture/Chùa_Bảo_Đàm_năm_2022_(cây_cối)_(1)_115905670.png
Chùa_Giác_Sanh_năm_2022_(Mái_rồng)_(1)_126985368.png,0.8424,auto,False,statue,statue,"A close-up of a traditional Asian-style curved roof with green ceramic tiles and red trim, featuring golden dragon sculptures along the ridge against a blue sky.",Golden dragon sculpture perched on the curved corner of a red and green tiled roof. The structure features a yellow wall and is set against a bright blue sky with scattered clouds.,D:\caption_project\vietnam_architecture\Chùa_Giác_Sanh_năm_2022_(Mái_rồng)_(1)_126985368.png,/Users/jenfnguyen/Documents/Dev/KIS-AAI-DM-Master/data/caption_project/vietnam_architecture/Chùa_Giác_Sanh_năm_2022_(Mái_rồng)_(1)_126985368.png
Chùa_Hòa_Bình_quận_10_(cổng_chùa)_(3)_119455184.png,0.8425,auto,False,,,A white entrance gate with vertical Chinese characters and a lotus motif is flanked by potted palm and leafy plants.,White wall of a building features vertical Chinese characters and decorative carvings. A metal arched gate with a lotus design stands beside potted green plants on a concrete ground.,D:\caption_project\vietnam_architecture\Chùa_Hòa_Bình_quận_10_(cổng_chùa)_(3)_119455184.png,/Users/jenfnguyen/Documents/Dev/KIS-AAI-DM-Master/data/caption_project/vietnam_architecture/Chùa_Hòa_Bình_quận_10_(cổng_chùa)_(3)_119455184.png
Chùa_Hòa_Bình_quận_10_(cổng_chùa)_(1)_119455183.png,0.8426,auto,False,,,"A low-angle view of a light blue gate with vertical metal bars under a curved tiled roof. A decorative tower rises on the right, and carved ornaments adorn the structure against an overcast sky.",Gate of a structure featuring a light blue arched entrance with vertical metal bars and a small tower on the right side. The roof is covered with orange tiles and decorative carvings.,D:\caption_project\vietnam_architecture\Chùa_Hòa_Bình_quận_10_(cổng_chùa)_(1)_119455183.png,/Users/jenfnguyen/Documents/Dev/KIS-AAI-DM-Master/data/caption_project/vietnam_architecture/Chùa_Hòa_Bình_quận_10_(cổng_chùa)_(1)_119455183.png
"Annam._Qui-Nhon._Tour_cham,_soubassement_angle_du_n(ord)-e(st)_de_la_tour_du_nord_-_(photogr.)_A._S(alles)_-_btv1b530131_160618216.png",0.8427,auto,False,,,A black and white photograph of weathered stone architectural fragments with carved floral and geometric patterns lying outdoors among vegetation.,Stone architectural fragments with carved floral and geometric patterns lie on the ground amidst vegetation. These weathered blocks feature detailed relief work and are stacked in a pile outdoors.,"D:\caption_project\vietnam_architecture\Annam._Qui-Nhon._Tour_cham,_soubassement_angle_du_n(ord)-e(st)_de_la_tour_du_nord_-_(photogr.)_A._S(alles)_-_btv1b530131_160618216.png","/Users/jenfnguyen/Documents/Dev/KIS-AAI-DM-Master/data/caption_project/vietnam_architecture/Annam._Qui-Nhon._Tour_cham,_soubassement_angle_du_n(ord)-e(st)_de_la_tour_du_nord_-_(photogr.)_A._S(alles)_-_btv1b530131_160618216.png"
An_Villa_59645362.png,0.8429,auto,False,house,house,"A two-story peach-colored house with a thatched roof overhang is situated beside a curved swimming pool and wooden deck, surrounded by tall palm trees.","Two-story house with light orange walls and a thatched roof overhang above the ground floor terrace, situated next to a curved swimming pool and a wooden deck in a garden setting.",D:\caption_project\vietnam_architecture\An_Villa_59645362.png,/Users/jenfnguyen/Documents/Dev/KIS-AAI-DM-Master/data/caption_project/vietnam_architecture/An_Villa_59645362.png
Arrival_in_Hue_(12060068303)_31660172.png,0.8429,auto,False,,,A train station platform with passengers boarding a blue and red train carriage under a corrugated metal roof. People are walking along the platform next to stacked goods.,Train station platform with a metal roof overhang covering a walkway next to a blue and red passenger train. People with backpacks stand on the concrete platform near the train carriages.,D:\caption_project\vietnam_architecture\Arrival_in_Hue_(12060068303)_31660172.png,/Users/jenfnguyen/Documents/Dev/KIS-AAI-DM-Master/data/caption_project/vietnam_architecture/Arrival_in_Hue_(12060068303)_31660172.png
Chùa_Huệ_Nghiêm_năm_2022_(Bậc_thang_ở_Di_Lặc_Phật_điện)_(5a)_124489399.png,0.843,auto,False,bridge,bridge,A red wooden bridge with patterned railings and stone steps leads through a courtyard. Green trees and traditional buildings with tiled roofs are visible in the background.,"A red arched bridge with stone steps and wooden railings leads to a multi-story building. The surrounding garden features trimmed green bushes, trees, and tall street lamps in a courtyard setting.",D:\caption_project\vietnam_architecture\Chùa_Huệ_Nghiêm_năm_2022_(Bậc_thang_ở_Di_Lặc_Phật_điện)_(5a)_124489399.png,/Users/jenfnguyen/Documents/Dev/KIS-AAI-DM-Master/data/caption_project/vietnam_architecture/Chùa_Huệ_Nghiêm_năm_2022_(Bậc_thang_ở_Di_Lặc_Phật_điện)_(5a)_124489399.png
Chùa_Giác_Sanh_năm_2022_(họa_tiết_bàn_thờ_Phật_trong_chánh_điện)_(1a)_126961747.png,0.8431,auto,False,,,A close-up of a purple wooden altar panel with intricate gold carvings. The central design is a circular longevity symbol surrounded by floral motifs. Gold and black geometric patterns decorate the upper sections.,"Wooden altar table featuring intricate gold-painted carvings on a dark background. The design includes geometric patterns, floral motifs, and a central circular symbol, topped with a stone surface and yellow glass vessels.",D:\caption_project\vietnam_architecture\Chùa_Giác_Sanh_năm_2022_(họa_tiết_bàn_thờ_Phật_trong_chánh_điện)_(1a)_126961747.png,/Users/jenfnguyen/Documents/Dev/KIS-AAI-DM-Master/data/caption_project/vietnam_architecture/Chùa_Giác_Sanh_năm_2022_(họa_tiết_bàn_thờ_Phật_trong_chánh_điện)_(1a)_126961747.png
Chùa_Huệ_Nghiêm_năm_2022_(Bậc_thang_ở_Di_Lặc_Phật_điện)_(4)_124489398.png,0.8432,auto,False,,,"A red wooden staircase with ornate railings and decorative posts leads upward through a courtyard area. The stairs are flanked by matching red railings featuring geometric patterns, surrounded by green trees and potted plants.",Stone staircase with reddish-brown painted wooden railings featuring geometric patterns and square posts topped with carved finials. The stairs lead down to a paved courtyard with potted green plants.,D:\caption_project\vietnam_architecture\Chùa_Huệ_Nghiêm_năm_2022_(Bậc_thang_ở_Di_Lặc_Phật_điện)_(4)_124489398.png,/Users/jenfnguyen/Documents/Dev/KIS-AAI-DM-Master/data/caption_project/vietnam_architecture/Chùa_Huệ_Nghiêm_năm_2022_(Bậc_thang_ở_Di_Lặc_Phật_điện)_(4)_124489398.png
"04052023_Ponagar_Hindu_temples_complex,_Nha_Trang_Vietnam_-_150_130722365.png",0.8432,auto,False,pagoda/temple,,A weathered brick Cham tower stands against a clear blue sky. The structure features ornate carvings and multiple tiers of arched niches. Potted plants surround the base on a paved courtyard.,"Brick tower with a tiered, pyramidal roof and arched entrances stands against a clear blue sky. The structure features vertical pilasters and detailed masonry, surrounded by a paved courtyard with small potted plants.","D:\caption_project\vietnam_architecture\04052023_Ponagar_Hindu_temples_complex,_Nha_Trang_Vietnam_-_150_130722365.png","/Users/jenfnguyen/Documents/Dev/KIS-AAI-DM-Master/data/caption_project/vietnam_architecture/04052023_Ponagar_Hindu_temples_complex,_Nha_Trang_Vietnam_-_150_130722365.png"
"Ancient_Tomb_Complex_in_Phước_Vĩnh_Đông_Commune,_Cần_Giuộc,_Việt_Nam_(8)_198204648.png",0.8433,auto,False,tomb,tomb,Tomb structures with grey stone and tiled roofs stand among dense green foliage and palm trees in an overgrown cemetery.,"Multiple stone tombs with rectangular bases and tiered roofs are situated in a field covered with dense green vegetation and palm trees. The structures are weathered and gray, surrounded by tall grasses.","D:\caption_project\vietnam_architecture\Ancient_Tomb_Complex_in_Phước_Vĩnh_Đông_Commune,_Cần_Giuộc,_Việt_Nam_(8)_198204648.png","/Users/jenfnguyen/Documents/Dev/KIS-AAI-DM-Master/data/caption_project/vietnam_architecture/Ancient_Tomb_Complex_in_Phước_Vĩnh_Đông_Commune,_Cần_Giuộc,_Việt_Nam_(8)_198204648.png"
20250222_Site_of_Nanyue_Kingdom_Palace_02_160970280.png,0.8434,auto,False,,,A white rectangular plaque mounted on a textured brown stone wall displays Chinese characters identifying it as a national key cultural heritage site.,"A white rectangular plaque with green Chinese characters is mounted on a textured, reddish-brown stone wall. The plaque includes two small QR codes in the bottom left corner and metal fasteners at the corners.",D:\caption_project\vietnam_architecture\20250222_Site_of_Nanyue_Kingdom_Palace_02_160970280.png,/Users/jenfnguyen/Documents/Dev/KIS-AAI-DM-Master/data/caption_project/vietnam_architecture/20250222_Site_of_Nanyue_Kingdom_Palace_02_160970280.png
"Cathedrale_Bui_Chu,_Nam_Dinh_28847019.png",0.8435,auto,False,church,church,"A large yellow church with two tall towers and a central facade featuring arched doorways, statues in niches, and decorative stonework under an overcast sky.","Yellow church facade with two tall square towers, arched doorways, and weathered plaster walls. The central pediment features a small statue, while potted plants are placed in front of the building.","D:\caption_project\vietnam_architecture\Cathedrale_Bui_Chu,_Nam_Dinh_28847019.png","/Users/jenfnguyen/Documents/Dev/KIS-AAI-DM-Master/data/caption_project/vietnam_architecture/Cathedrale_Bui_Chu,_Nam_Dinh_28847019.png"
"Chùa_Di_Lặc_ở_Bình_Tân,_tháng_12_năm_2021_(Cổng_chùa)_(3)_113533096.png",0.8441,auto,False,statue,pagoda/temple,"A stone gate with a large wooden sign reads 'CHÙA DI LẠC'. Through the entrance, a golden Buddha statue sits on a pedestal in a courtyard.","Stone gate entrance to a pagoda features a golden sign with text, topped by a dharma wheel and dragon sculptures. A courtyard with a golden Buddha statue and a building with curved roof tiles lies beyond.","D:\caption_project\vietnam_architecture\Chùa_Di_Lặc_ở_Bình_Tân,_tháng_12_năm_2021_(Cổng_chùa)_(3)_113533096.png","/Users/jenfnguyen/Documents/Dev/KIS-AAI-DM-Master/data/caption_project/vietnam_architecture/Chùa_Di_Lặc_ở_Bình_Tân,_tháng_12_năm_2021_(Cổng_chùa)_(3)_113533096.png"
"04052023_Ponagar_Hindu_temples_complex,_Nha_Trang_Vietnam_-_88_130722381.png",0.8447,auto,False,pagoda/temple,,"A weathered brick Cham tower with a stepped pyramidal roof stands on a paved courtyard under a clear blue sky, flanked by green trees and potted plants.","Brick tower with a tiered, pointed roof stands on a paved courtyard. The structure features intricate carvings, arched doorways, and weathered orange masonry, surrounded by green trees and a stone stele.","D:\caption_project\vietnam_architecture\04052023_Ponagar_Hindu_temples_complex,_Nha_Trang_Vietnam_-_88_130722381.png","/Users/jenfnguyen/Documents/Dev/KIS-AAI-DM-Master/data/caption_project/vietnam_architecture/04052023_Ponagar_Hindu_temples_complex,_Nha_Trang_Vietnam_-_88_130722381.png"
Chùa_Bảo_Đàm_năm_2022_(cầu_thang)_(1)_115906762.png,0.8449,auto,False,,,"Interior staircase with orange steps and a beige runner leading to an upper landing featuring two circular windows with decorative grilles, flanked by a large wooden drum on the left and a carved panel on the right wall.","Interior staircase with orange tiled steps leading to a landing featuring a circular window with a lotus motif and another circular window with a dragon carving, alongside a wall relief panel.",D:\caption_project\vietnam_architecture\Chùa_Bảo_Đàm_năm_2022_(cầu_thang)_(1)_115906762.png,/Users/jenfnguyen/Documents/Dev/KIS-AAI-DM-Master/data/caption_project/vietnam_architecture/Chùa_Bảo_Đàm_năm_2022_(cầu_thang)_(1)_115906762.png
20250222_Site_of_Nanyue_Kingdom_Palace_04_160970285.png,0.8449,auto,False,,,"An archaeological site with excavated stone structures and brick walls, featuring wooden supports and informational signs.","Archaeological excavation site showing stone foundations, brick retaining walls, and upright stone pillars supported by clear acrylic stands. The ground is covered with loose river stones and paved stone sections.",D:\caption_project\vietnam_architecture\20250222_Site_of_Nanyue_Kingdom_Palace_04_160970285.png,/Users/jenfnguyen/Documents/Dev/KIS-AAI-DM-Master/data/caption_project/vietnam_architecture/20250222_Site_of_Nanyue_Kingdom_Palace_04_160970285.png
"Chùa_Giác_Sanh_năm_2022_(kiến_trúc_chánh_điện_trên_lầu,_ngoại_cảnh)_(4)_126992284.png",0.8451,auto,False,pagoda/temple,pagoda/temple,"Close-up of a yellow pagoda facade featuring a curved green-tiled roof with golden dragon ornaments, red lanterns, and intricate carved window panels against a blue sky.","Pagoda roof corner featuring green glazed tiles, a golden dragon finial, and red lanterns hanging from the eaves. The yellow wall displays ornate relief carvings and a red plaque with gold Chinese characters.","D:\caption_project\vietnam_architecture\Chùa_Giác_Sanh_năm_2022_(kiến_trúc_chánh_điện_trên_lầu,_ngoại_cảnh)_(4)_126992284.png","/Users/jenfnguyen/Documents/Dev/KIS-AAI-DM-Master/data/caption_project/vietnam_architecture/Chùa_Giác_Sanh_năm_2022_(kiến_trúc_chánh_điện_trên_lầu,_ngoại_cảnh)_(4)_126992284.png"
Buddhist_flags_at_the_One_Piller_Pagoda_in_2016_(2)_50247244.png,0.8451,auto,False,,,Colorful Buddhist flags hang overhead above outdoor market stalls under trees. People walk among the vendor tents set up on a paved area.,"Outdoor market stalls with brown fabric awnings are arranged under trees, decorated with numerous colorful Buddhist flags hanging on lines above the walkway. People are walking and sitting near the stalls.",D:\caption_project\vietnam_architecture\Buddhist_flags_at_the_One_Piller_Pagoda_in_2016_(2)_50247244.png,/Users/jenfnguyen/Documents/Dev/KIS-AAI-DM-Master/data/caption_project/vietnam_architecture/Buddhist_flags_at_the_One_Piller_Pagoda_in_2016_(2)_50247244.png
"2025-02-09_Cấm_Temple_(Đền_Cấm),_Lào_Cai_City,_Vietnam_老街禁祠_01_160967033.png",0.8457,auto,False,,,"A traditional Vietnamese gate with a curved tiled roof and white pillars featuring red trim. Ornate lanterns hang from the eaves of the structure, which has an open wooden door revealing a courtyard.","Gate structure featuring a curved tiled roof with wooden beams, white plastered pillars, and red accents. A decorative wooden panel with carved Chinese characters is positioned above the central opening, flanked by red lanterns.","D:\caption_project\vietnam_architecture\2025-02-09_Cấm_Temple_(Đền_Cấm),_Lào_Cai_City,_Vietnam_老街禁祠_01_160967033.png","/Users/jenfnguyen/Documents/Dev/KIS-AAI-DM-Master/data/caption_project/vietnam_architecture/2025-02-09_Cấm_Temple_(Đền_Cấm),_Lào_Cai_City,_Vietnam_老街禁祠_01_160967033.png"
"0040323_Anthropomorphic_Shiva_at_the_Thap_Banh_It_Cham_Hindu_temples_complex,_Nhon_Hoa,_Binh_Dinh_Vietnam_034_132478988.png",0.8459,auto,False,statue,statue,A stone statue of a seated figure with an ornate headdress and jewelry rests on a pedestal inside a room with aged brick walls. A vase of yellow flowers sits nearby.,"Stone statue of a seated figure in profile, positioned against a rough, weathered brick wall inside a dimly lit space with a stone altar and yellow flowers nearby.","D:\caption_project\vietnam_architecture\0040323_Anthropomorphic_Shiva_at_the_Thap_Banh_It_Cham_Hindu_temples_complex,_Nhon_Hoa,_Binh_Dinh_Vietnam_034_132478988.png","/Users/jenfnguyen/Documents/Dev/KIS-AAI-DM-Master/data/caption_project/vietnam_architecture/0040323_Anthropomorphic_Shiva_at_the_Thap_Banh_It_Cham_Hindu_temples_complex,_Nhon_Hoa,_Binh_Dinh_Vietnam_034_132478988.png"
"0040423_Thap_Binh_Lam_Cham_Hindu_temple,_Phuoc_Hoa,_Binh_Dinh_Vietnam_089_132498789.png",0.8459,auto,False,,,"The exterior of a brick tower shows extensive weathering and erosion on its walls and decorative elements, with green leaves from a tree overhanging the upper left section.","Brick wall of a tower structure featuring vertical pilasters and decorative stone carvings at the base. The weathered red brick surface shows signs of erosion, with green tree branches hanging in the foreground.","D:\caption_project\vietnam_architecture\0040423_Thap_Binh_Lam_Cham_Hindu_temple,_Phuoc_Hoa,_Binh_Dinh_Vietnam_089_132498789.png","/Users/jenfnguyen/Documents/Dev/KIS-AAI-DM-Master/data/caption_project/vietnam_architecture/0040423_Thap_Binh_Lam_Cham_Hindu_temple,_Phuoc_Hoa,_Binh_Dinh_Vietnam_089_132498789.png"
"Chùa_Hòa_Bình_quận_10_(cổng_chùa,_bảng_ghi_số_nhà)_(4)_119455202.png",0.8462,auto,False,pagoda/temple,pagoda/temple,"The exterior entrance of a pagoda with a blue sign reading CHÙA HÒA BÌNH mounted on a grey wall. A vertical column displays carved Vietnamese text, and green bushes grow at the base.","Entrance gate of a pagoda featuring a light purple wall, a small tiled roof, and a vertical pillar with dark Chinese character reliefs. A sign with yellow text on a blue background is mounted on the wall.","D:\caption_project\vietnam_architecture\Chùa_Hòa_Bình_quận_10_(cổng_chùa,_bảng_ghi_số_nhà)_(4)_119455202.png","/Users/jenfnguyen/Documents/Dev/KIS-AAI-DM-Master/data/caption_project/vietnam_architecture/Chùa_Hòa_Bình_quận_10_(cổng_chùa,_bảng_ghi_số_nhà)_(4)_119455202.png"
Chùa_Bảo_Đàm_năm_2022_(cổng_chính_và_cây_cảnh)_(2)_115831980.png,0.8464,auto,False,,,A paved courtyard path lined with potted plants leads to an ornate gate and white colonial-style building. A large palm tree frames the left side of the view.,"A stone-paved courtyard features a tall palm tree and numerous potted plants leading toward a light-colored gate with curved roof edges and intricate grey decorative carvings, set against a clear sky.",D:\caption_project\vietnam_architecture\Chùa_Bảo_Đàm_năm_2022_(cổng_chính_và_cây_cảnh)_(2)_115831980.png,/Users/jenfnguyen/Documents/Dev/KIS-AAI-DM-Master/data/caption_project/vietnam_architecture/Chùa_Bảo_Đàm_năm_2022_(cổng_chính_và_cây_cảnh)_(2)_115831980.png
Chammuseum_20185155.png,0.8465,auto,False,,,A paved walkway leads toward a yellow building surrounded by manicured green hedges and tropical trees under a clear blue sky.,"A concrete walkway leads toward a yellow colonial building in the distance, flanked by manicured green hedges and palm trees. The path features stone steps and is surrounded by a garden.",D:\caption_project\vietnam_architecture\Chammuseum_20185155.png,/Users/jenfnguyen/Documents/Dev/KIS-AAI-DM-Master/data/caption_project/vietnam_architecture/Chammuseum_20185155.png
Chùa_Hòa_Bình_quận_10_(cổng_chùa)_(6)_119455187.png,0.8467,auto,False,,,An ornate gate with a curved roof and lotus flower motifs on its doors. The structure features vertical inscriptions on the pillars.,"Gate of a religious structure featuring a curved roof, light blue pillars with dark Chinese characters, and a metal gate decorated with lotus flower motifs. The structure is painted in light blue and grey tones.",D:\caption_project\vietnam_architecture\Chùa_Hòa_Bình_quận_10_(cổng_chùa)_(6)_119455187.png,/Users/jenfnguyen/Documents/Dev/KIS-AAI-DM-Master/data/caption_project/vietnam_architecture/Chùa_Hòa_Bình_quận_10_(cổng_chùa)_(6)_119455187.png
Chua_cu_(3)_100670140.png,0.8467,auto,False,pagoda/temple,pagoda/temple,A yellow temple with a multi-tiered roof featuring golden ornamental ridges and columns stands behind a paved courtyard with manicured trees and a tall golden pillar.,"A pagoda with a yellow facade and dark tiled roof features ornate golden gables above the entrance. A tall, slender golden pillar stands in the concrete courtyard, which is surrounded by trimmed ornamental trees.",D:\caption_project\vietnam_architecture\Chua_cu_(3)_100670140.png,/Users/jenfnguyen/Documents/Dev/KIS-AAI-DM-Master/data/caption_project/vietnam_architecture/Chua_cu_(3)_100670140.png
Chùa_Diệu_Pháp_(Cổng_mái)_(5)_126873644.png,0.8471,auto,False,,,A traditional Vietnamese gate with dark wooden pillars and a green tiled roof stands at the entrance to a courtyard. The structure features intricate carvings and leads to a paved path surrounded by trees.,"Traditional wooden gate with two tiers of green tiled roofs and curved eaves. The structure features dark brown wooden pillars and intricate carvings, standing over a stone-paved path in a courtyard.",D:\caption_project\vietnam_architecture\Chùa_Diệu_Pháp_(Cổng_mái)_(5)_126873644.png,/Users/jenfnguyen/Documents/Dev/KIS-AAI-DM-Master/data/caption_project/vietnam_architecture/Chùa_Diệu_Pháp_(Cổng_mái)_(5)_126873644.png
AnDinhResidence_4070168.png,0.8472,auto,False,statue,,"An ornate traditional gate with a large red double door, decorated with intricate blue and white tilework. The structure features a multi-tiered roof ridge adorned with ceramic sculptures against a pale sky.","Ornate gate featuring a central archway with red wooden doors, decorated with blue and white ceramic tiles, yellow plasterwork, and intricate roof carvings. The structure is flanked by a yellow wall and palm trees.",D:\caption_project\vietnam_architecture\AnDinhResidence_4070168.png,/Users/jenfnguyen/Documents/Dev/KIS-AAI-DM-Master/data/caption_project/vietnam_architecture/AnDinhResidence_4070168.png
Cafe_house_(16374167999)_136084667.png,0.8473,auto,False,,,A yellow colonial building with a brown tiled roof and white wooden balconies stands on a street corner. Green awnings cover the ground floor windows while motorbikes pass in front.,"Colonial building with yellow walls and a brown tiled roof features a wrap-around balcony with white railings. The ground level includes green awnings, outdoor seating, and a busy street with motorbikes.",D:\caption_project\vietnam_architecture\Cafe_house_(16374167999)_136084667.png,/Users/jenfnguyen/Documents/Dev/KIS-AAI-DM-Master/data/caption_project/vietnam_architecture/Cafe_house_(16374167999)_136084667.png
"Chum_vại_ở_Cát_Sơn,_Tết_năm_2017_(1)_102990026.png",0.8474,auto,False,,,A round ceramic water jar with a glossy brown and reddish glaze sits on wet cracked concrete ground next to a stone basin.,"Large ceramic water jar with a rounded body and wide opening sits on a wet concrete surface. The glazed vessel features earthy brown and reddish tones, reflecting light on its surface.","D:\caption_project\vietnam_architecture\Chum_vại_ở_Cát_Sơn,_Tết_năm_2017_(1)_102990026.png","/Users/jenfnguyen/Documents/Dev/KIS-AAI-DM-Master/data/caption_project/vietnam_architecture/Chum_vại_ở_Cát_Sơn,_Tết_năm_2017_(1)_102990026.png"
Chùa_Diệu_Pháp_(mái_trần_Chánh_điện)_(8)_127033095.png,0.8475,auto,False,,,A wooden ceiling with intricate carvings and decorative sunburst patterns on beams. The structure features carved wooden pillars supporting an ornate roof interior.,"Interior wooden ceiling featuring intricate carved floral patterns and circular motifs. The structure includes polished timber beams, recessed lighting, and wooden pillars with ornate carvings, creating a warm, brown-toned architectural space.",D:\caption_project\vietnam_architecture\Chùa_Diệu_Pháp_(mái_trần_Chánh_điện)_(8)_127033095.png,/Users/jenfnguyen/Documents/Dev/KIS-AAI-DM-Master/data/caption_project/vietnam_architecture/Chùa_Diệu_Pháp_(mái_trần_Chánh_điện)_(8)_127033095.png
"Chùa_Diệu_Pháp_(Cổng_mái,_có_dòng_chữ_Muốn_cái_Tâm_không_muốn)_(1)_126873657.png",0.848,auto,False,,,A traditional wooden gate with carved pillars and a tiled roof features green ceramic ridge decorations. A sign above the entrance reads MUON CAI TAM KHONG MUON.,Traditional wooden gate with a multi-tiered tiled roof features intricate carvings on the pillars and a horizontal wooden plaque with Vietnamese text. A stone path leads through the gate into a garden area.,"D:\caption_project\vietnam_architecture\Chùa_Diệu_Pháp_(Cổng_mái,_có_dòng_chữ_Muốn_cái_Tâm_không_muốn)_(1)_126873657.png","/Users/jenfnguyen/Documents/Dev/KIS-AAI-DM-Master/data/caption_project/vietnam_architecture/Chùa_Diệu_Pháp_(Cổng_mái,_có_dòng_chữ_Muốn_cái_Tâm_không_muốn)_(1)_126873657.png"
"Chùa_Bảo_Đàm_năm_2022_(Điện_Quan_Âm,_phiến_đá)_(1)_115890290.png",0.8481,auto,False,,,"A tall, smooth stone monument with white painted calligraphy stands surrounded by dense green foliage, potted plants, and yellow orchids in a garden setting.","A tall, natural stone slab with white calligraphy stands in a garden setting. It is surrounded by various potted plants, including yellow orchids and small bonsai trees, set against a backdrop of dense foliage.","D:\caption_project\vietnam_architecture\Chùa_Bảo_Đàm_năm_2022_(Điện_Quan_Âm,_phiến_đá)_(1)_115890290.png","/Users/jenfnguyen/Documents/Dev/KIS-AAI-DM-Master/data/caption_project/vietnam_architecture/Chùa_Bảo_Đàm_năm_2022_(Điện_Quan_Âm,_phiến_đá)_(1)_115890290.png"
Buôn_Ma_Thuột_-_buildings_at_Exile_House_former_prison_Apr_2024_04_148107071.png,0.8483,auto,False,,,"A paved pathway leads toward a gatehouse with a steep gabled roof and green doors. Yellow colonial-style buildings flank the path, which is lined with trimmed conical trees and manicured hedges under a bright sky.",Yellow colonial-style buildings with green wooden shutters and brown tiled roofs line a central paved walkway. Rows of cone-shaped trimmed shrubs border the path leading to a gated entrance structure.,D:\caption_project\vietnam_architecture\Buôn_Ma_Thuột_-_buildings_at_Exile_House_former_prison_Apr_2024_04_148107071.png,/Users/jenfnguyen/Documents/Dev/KIS-AAI-DM-Master/data/caption_project/vietnam_architecture/Buôn_Ma_Thuột_-_buildings_at_Exile_House_former_prison_Apr_2024_04_148107071.png
Across_Trung_Kính_Hạ_Patron_Temple_11-03-2026_E03_185922500.png,0.8483,auto,False,pagoda/temple,pagoda/temple,"A blue pagoda entrance with an ornate black and gold double door set into a rounded archway above red tiled steps, flanked by vertical inscriptions and a carved dragon relief.","Arched doorway of a temple featuring intricate gold-colored metal doors with lotus motifs, set into a light blue wall adorned with a relief of a dragon. Red tiled steps lead to the entrance.",D:\caption_project\vietnam_architecture\Across_Trung_Kính_Hạ_Patron_Temple_11-03-2026_E03_185922500.png,/Users/jenfnguyen/Documents/Dev/KIS-AAI-DM-Master/data/caption_project/vietnam_architecture/Across_Trung_Kính_Hạ_Patron_Temple_11-03-2026_E03_185922500.png
"0040423_Thap_Duong_Long_Cham_tower_temples,_Hindu_trinity,_Binh_Dinh_Vietnam_061_132506932.png",0.8485,auto,False,,,A close-up of a crumbling brick wall with carved stone blocks forming a decorative architectural detail on an old structure.,"Weathered brick wall of a structure featuring intricate stone carvings and a protruding decorative element. The surface shows signs of erosion and missing mortar, with a small honeycomb attached to the masonry.","D:\caption_project\vietnam_architecture\0040423_Thap_Duong_Long_Cham_tower_temples,_Hindu_trinity,_Binh_Dinh_Vietnam_061_132506932.png","/Users/jenfnguyen/Documents/Dev/KIS-AAI-DM-Master/data/caption_project/vietnam_architecture/0040423_Thap_Duong_Long_Cham_tower_temples,_Hindu_trinity,_Binh_Dinh_Vietnam_061_132506932.png"
Bao_Dai's_Summer_Palace_-_The_Queen's_Bedroom_1_12030025.png,0.8486,auto,False,,,Interior of a room with beige curtains and wood paneling behind a low bed. A round table with yellow flowers sits in front of two matching armchairs.,"Interior bedroom featuring a low wooden bed frame with a curved headboard, beige curtains, and two matching armchairs placed around a small round table with a glass top and a flower arrangement.",D:\caption_project\vietnam_architecture\Bao_Dai's_Summer_Palace_-_The_Queen's_Bedroom_1_12030025.png,/Users/jenfnguyen/Documents/Dev/KIS-AAI-DM-Master/data/caption_project/vietnam_architecture/Bao_Dai's_Summer_Palace_-_The_Queen's_Bedroom_1_12030025.png
Chùa_Bảo_Đàm_năm_2022_(cây_cảnh)_(2)_115905634.png,0.8488,auto,False,,,Potted plants sit on a mossy rock garden against a white colonial building wall featuring decorative window grilles and trim.,"Potted plants are arranged on a mossy rock formation in front of a white wall featuring a circular decorative grille with a wheel-like pattern, set in an outdoor garden space.",D:\caption_project\vietnam_architecture\Chùa_Bảo_Đàm_năm_2022_(cây_cảnh)_(2)_115905634.png,/Users/jenfnguyen/Documents/Dev/KIS-AAI-DM-Master/data/caption_project/vietnam_architecture/Chùa_Bảo_Đàm_năm_2022_(cây_cảnh)_(2)_115905634.png
-i---i-_(28236405659)_113561590.png,0.8492,auto,False,,,A wide stone staircase leads up to a traditional Vietnamese pavilion with an orange-tiled roof and curved eaves. Pink flowering bushes line the stairs under a blue sky.,"Open-sided pavilion with a tall, orange-tiled pyramidal roof sits atop a wide stone staircase. The structure features white pillars and is flanked by large bushes with bright pink flowers.",D:\caption_project\vietnam_architecture\-i---i-_(28236405659)_113561590.png,/Users/jenfnguyen/Documents/Dev/KIS-AAI-DM-Master/data/caption_project/vietnam_architecture/-i---i-_(28236405659)_113561590.png
"Chùa_Giác_Sanh_năm_2022_(Ban_thờ_trong_chánh_điện,_tấm_thảm_đỏ)_(4)_126983193.png",0.8492,auto,False,statue,pagoda/temple,"A golden Buddha statue sits on an ornate red wooden altar inside a temple hall. The area is decorated with numerous colorful flowers, incense sticks, and a large patterned rug on the floor.","Interior of a temple featuring a central golden Buddha statue seated before a painted landscape backdrop. The altar is made of dark carved wood, flanked by red pillars with gold inscriptions and floral arrangements.","D:\caption_project\vietnam_architecture\Chùa_Giác_Sanh_năm_2022_(Ban_thờ_trong_chánh_điện,_tấm_thảm_đỏ)_(4)_126983193.png","/Users/jenfnguyen/Documents/Dev/KIS-AAI-DM-Master/data/caption_project/vietnam_architecture/Chùa_Giác_Sanh_năm_2022_(Ban_thờ_trong_chánh_điện,_tấm_thảm_đỏ)_(4)_126983193.png"
Chùa_Bình_An_năm_2022_(cửa_gỗ)_(2)_116394743.png,0.8493,auto,False,,,"A close-up of a dark wooden door with intricate geometric carvings and vertical slats at the top. The door stands open inside a building with tiled floors, revealing carved wooden panels and architectural details.",Dark brown wooden door with carved geometric patterns and a slatted upper section stands open in an interior space. A large bronze bell and tiled floors are visible in the background.,D:\caption_project\vietnam_architecture\Chùa_Bình_An_năm_2022_(cửa_gỗ)_(2)_116394743.png,/Users/jenfnguyen/Documents/Dev/KIS-AAI-DM-Master/data/caption_project/vietnam_architecture/Chùa_Bình_An_năm_2022_(cửa_gỗ)_(2)_116394743.png
"Bach_dinh,_duong_Tran_phu,_tp_Vung_tau,_Vietnam_-_panoramio_57560666.png",0.8495,auto,False,,,A two-story white colonial building with arched windows on both floors and a covered entrance supported by columns. The structure is viewed from below through tree branches against a blue sky.,"Colonial building with a white facade featuring arched windows and gray shutters. A flat-roofed porch supported by pillars extends from the front, surrounded by potted plants and overhanging tree branches.","D:\caption_project\vietnam_architecture\Bach_dinh,_duong_Tran_phu,_tp_Vung_tau,_Vietnam_-_panoramio_57560666.png","/Users/jenfnguyen/Documents/Dev/KIS-AAI-DM-Master/data/caption_project/vietnam_architecture/Bach_dinh,_duong_Tran_phu,_tp_Vung_tau,_Vietnam_-_panoramio_57560666.png"
"Chùa_Huệ_Nghiêm_năm_2022_(tháp_chuông,_mái)_(2)_127289003.png",0.8497,auto,False,pagoda/temple,pagoda/temple,"The curved, reddish-brown tiled roof of a traditional pagoda rises above dense green foliage, with ornate ceramic ridge-end decorations visible against a bright sky.","Curved roof corners of a pagoda structure feature terracotta tiles and decorative dragon-shaped finials. The building is surrounded by dense green foliage, with the dark wooden eaves contrasting against the bright sky.","D:\caption_project\vietnam_architecture\Chùa_Huệ_Nghiêm_năm_2022_(tháp_chuông,_mái)_(2)_127289003.png","/Users/jenfnguyen/Documents/Dev/KIS-AAI-DM-Master/data/caption_project/vietnam_architecture/Chùa_Huệ_Nghiêm_năm_2022_(tháp_chuông,_mái)_(2)_127289003.png"
Chua_cu_(7)_100670158.png,0.8501,auto,False,pagoda/temple,pagoda/temple,"An outdoor courtyard features a small golden Buddhist shrine with a red tiled roof housing a seated Buddha statue, positioned in front of a larger white temple building with similar architectural style.","Small open-sided shrine with a red tiled roof and golden trim houses a seated Buddha statue. In the background, a larger temple building with a similar roof style sits among trees.",D:\caption_project\vietnam_architecture\Chua_cu_(7)_100670158.png,/Users/jenfnguyen/Documents/Dev/KIS-AAI-DM-Master/data/caption_project/vietnam_architecture/Chua_cu_(7)_100670158.png
"Bức_tường_nghĩa_địa_dài_như_dải_Gaza_ở_BHHA_xa_diệu_vợi,_ng18th12n2022_(7)_127455757.png",0.8502,auto,False,,,"A concrete wall covered in large black and white graffiti art runs alongside a paved road. Green trees grow above the wall, and a green motorbike is parked on the right side of the street.","Concrete wall covered in black and white graffiti tags and stylized lettering, situated along a paved road with a partial view of a green scooter parked on the right side.","D:\caption_project\vietnam_architecture\Bức_tường_nghĩa_địa_dài_như_dải_Gaza_ở_BHHA_xa_diệu_vợi,_ng18th12n2022_(7)_127455757.png","/Users/jenfnguyen/Documents/Dev/KIS-AAI-DM-Master/data/caption_project/vietnam_architecture/Bức_tường_nghĩa_địa_dài_như_dải_Gaza_ở_BHHA_xa_diệu_vợi,_ng18th12n2022_(7)_127455757.png"
Chùa_Diệu_Pháp_(mái_trần_Chánh_điện)_(1)_127033089.png,0.8503,auto,False,,,"An octagonal wooden ceiling panel features intricate carvings of two koi fish swimming among lotus flowers and leaves, surrounded by a geometric border on a light wood surface.",A wooden ceiling detail featuring an octagonal panel with intricate carvings of two fish and lotus flowers. The surrounding frame displays geometric patterns and circular vents on a smooth wood surface.,D:\caption_project\vietnam_architecture\Chùa_Diệu_Pháp_(mái_trần_Chánh_điện)_(1)_127033089.png,/Users/jenfnguyen/Documents/Dev/KIS-AAI-DM-Master/data/caption_project/vietnam_architecture/Chùa_Diệu_Pháp_(mái_trần_Chánh_điện)_(1)_127033089.png
Chum_nước_phong_thủy_ng22th9n2022_(3)_123261369.png,0.8503,auto,False,,,A large brown ceramic jar stands in a shallow pool of water as a fountain feature. Several bright orange koi fish swim near the surface below the spout.,Ceramic water fountain shaped like a large jar sits in a rectangular pond with dark water. Several bright yellow and white koi fish swim near the bottom of the pond.,D:\caption_project\vietnam_architecture\Chum_nước_phong_thủy_ng22th9n2022_(3)_123261369.png,/Users/jenfnguyen/Documents/Dev/KIS-AAI-DM-Master/data/caption_project/vietnam_architecture/Chum_nước_phong_thủy_ng22th9n2022_(3)_123261369.png
"2025-02-09_Quan_Temple,_Lao_Cai_City_(Đền_Quan_Lào_Cai)_03_160984189.png",0.8504,auto,False,,,A red gate with a tiled roof has 'ĐỀN QUAN' written in gold above the entrance and vertical Chinese characters on the pillars. The paved road leads through to parked cars and trees.,"Red metal gate structure with a tiled roof, featuring gold lettering and vertical Chinese characters on the pillars. The gate serves as an entrance to a paved area with trees and parked cars.","D:\caption_project\vietnam_architecture\2025-02-09_Quan_Temple,_Lao_Cai_City_(Đền_Quan_Lào_Cai)_03_160984189.png","/Users/jenfnguyen/Documents/Dev/KIS-AAI-DM-Master/data/caption_project/vietnam_architecture/2025-02-09_Quan_Temple,_Lao_Cai_City_(Đền_Quan_Lào_Cai)_03_160984189.png"
Chùa_Diệu_Pháp_(mái_trần_trong_Chánh_điện)_(6)_127033126.png,0.8508,auto,False,statue,pagoda/temple,An ornate wooden ceiling with intricate geometric patterns and a central lotus motif above a statue of Buddha seated on a throne within an interior hall.,"Interior of a temple featuring a coffered wooden ceiling with a central circular lotus motif. Below, a dark wooden carved beam spans the space above a seated Buddha statue placed against a wooden wall.",D:\caption_project\vietnam_architecture\Chùa_Diệu_Pháp_(mái_trần_trong_Chánh_điện)_(6)_127033126.png,/Users/jenfnguyen/Documents/Dev/KIS-AAI-DM-Master/data/caption_project/vietnam_architecture/Chùa_Diệu_Pháp_(mái_trần_trong_Chánh_điện)_(6)_127033126.png
"Ancient_Tomb_Complex_in_Phước_Vĩnh_Đông_Commune,_Cần_Giuộc,_Việt_Nam_(9)_198204647.png",0.8508,auto,False,tomb,tomb,Several weathered stone tomb markers with carved details stand amidst dense green foliage and overgrown vegetation.,Weathered stone tomb markers with rounded and pointed tops are partially obscured by dense green vegetation. These grey stone structures feature carved decorative patterns and are situated in an overgrown outdoor area.,"D:\caption_project\vietnam_architecture\Ancient_Tomb_Complex_in_Phước_Vĩnh_Đông_Commune,_Cần_Giuộc,_Việt_Nam_(9)_198204647.png","/Users/jenfnguyen/Documents/Dev/KIS-AAI-DM-Master/data/caption_project/vietnam_architecture/Ancient_Tomb_Complex_in_Phước_Vĩnh_Đông_Commune,_Cần_Giuộc,_Việt_Nam_(9)_198204647.png"
Chùa_Giác_Sanh_năm_2022_(Ban_thờ_trong_chánh_điện)_(26)_126983181.png,0.8509,auto,False,statue,pagoda/temple,A golden Buddha statue sits on a carved wooden altar inside a temple hall. The interior features red pillars with gold trim and floral arrangements.,"Interior altar of a temple featuring a golden Buddha statue seated before a painted landscape mural. The wooden altar is decorated with intricate carvings, gold-painted panels, and floral arrangements on both sides.",D:\caption_project\vietnam_architecture\Chùa_Giác_Sanh_năm_2022_(Ban_thờ_trong_chánh_điện)_(26)_126983181.png,/Users/jenfnguyen/Documents/Dev/KIS-AAI-DM-Master/data/caption_project/vietnam_architecture/Chùa_Giác_Sanh_năm_2022_(Ban_thờ_trong_chánh_điện)_(26)_126983181.png
"Chum_kiểng_tu_viện_Vinh_Sơn,_Quận_3_(36)_115829293.png",0.8509,auto,False,,,"A large brown glazed ceramic jar sits on a base of rounded stones between two blue walls. Thin, leafless branches rise from inside the pot against a white background wall.","Brown glazed ceramic jar placed against a light-colored wall, surrounded by a decorative border of small grey stones. The jar contains thin, bare branches and sits on a tiled sidewalk.","D:\caption_project\vietnam_architecture\Chum_kiểng_tu_viện_Vinh_Sơn,_Quận_3_(36)_115829293.png","/Users/jenfnguyen/Documents/Dev/KIS-AAI-DM-Master/data/caption_project/vietnam_architecture/Chum_kiểng_tu_viện_Vinh_Sơn,_Quận_3_(36)_115829293.png"
Chùa_Huệ_Nghiêm_năm_2022_(họa_tiết_trên_cửa_trong_Bảo_tháp)_(1)_123933646.png,0.8509,auto,False,,,An ornate entrance with cream-colored columns and a white pediment featuring brown floral carvings. A red lantern hangs below a circular window with a geometric pattern.,"Interior doorway featuring a white arched lintel with gold floral carvings, topped by a circular window with a geometric pattern. A red lantern hangs in the center between two fluted columns.",D:\caption_project\vietnam_architecture\Chùa_Huệ_Nghiêm_năm_2022_(họa_tiết_trên_cửa_trong_Bảo_tháp)_(1)_123933646.png,/Users/jenfnguyen/Documents/Dev/KIS-AAI-DM-Master/data/caption_project/vietnam_architecture/Chùa_Huệ_Nghiêm_năm_2022_(họa_tiết_trên_cửa_trong_Bảo_tháp)_(1)_123933646.png
Chuông_chùa_Linh_Phước_24435151.png,0.8512,auto,False,pagoda/temple,pagoda/temple,"A large bronze bell stands indoors in a temple hall, its surface covered with yellow paper notes and surrounded by carved wooden beams and painted murals.","Large bronze bell inside a temple, covered in numerous yellow paper notes. The bell features intricate relief carvings of pagodas and landscapes, with a metal support structure visible in the background.",D:\caption_project\vietnam_architecture\Chuông_chùa_Linh_Phước_24435151.png,/Users/jenfnguyen/Documents/Dev/KIS-AAI-DM-Master/data/caption_project/vietnam_architecture/Chuông_chùa_Linh_Phước_24435151.png
"Chùa_Bảo_Đàm,_năm_2022_(song_sắt)_(1)_115832002.png",0.8514,auto,False,,,"A black metal fence with pointed vertical bars sits atop a rough stone wall, displaying large yellow letters reading NAM MO A DI DA PH behind it, surrounded by dense green tropical foliage.","Metal fence featuring yellow lettering that reads NAM MÔ A DI ĐÀ PHẬT, mounted on a stone base wall. Green foliage and trees are visible behind the dark iron bars of the fence.","D:\caption_project\vietnam_architecture\Chùa_Bảo_Đàm,_năm_2022_(song_sắt)_(1)_115832002.png","/Users/jenfnguyen/Documents/Dev/KIS-AAI-DM-Master/data/caption_project/vietnam_architecture/Chùa_Bảo_Đàm,_năm_2022_(song_sắt)_(1)_115832002.png"
An_Dinh_Palace_-_Cung_An_Định_(2024)_-_front_facade_-_img_05_151201459.png,0.8517,auto,False,,,A yellow colonial building facade with white decorative carvings and columns. The structure features a prominent entrance with arched doors and an inscription above it set against an overcast sky.,"Colonial building facade featuring a yellow exterior with white ornate plaster carvings, Corinthian columns, and a balustrade balcony. The central pediment displays decorative motifs and Chinese characters above the entrance.",D:\caption_project\vietnam_architecture\An_Dinh_Palace_-_Cung_An_Định_(2024)_-_front_facade_-_img_05_151201459.png,/Users/jenfnguyen/Documents/Dev/KIS-AAI-DM-Master/data/caption_project/vietnam_architecture/An_Dinh_Palace_-_Cung_An_Định_(2024)_-_front_facade_-_img_05_151201459.png
"CV_Bách_Tùng_Diệp,_ng26th8n2022_(Bồn_chậu_đá)_(2)_147340423.png",0.8518,auto,False,,,A terracotta decorative fountain with lotus petal motifs and carved reliefs of traditional buildings stands on a stone pedestal in a park setting.,"Terracotta pedestal featuring relief carvings of traditional buildings and figures, topped with a lotus-shaped bowl. The object sits on a stone base in a park with a building and trees in the background.","D:\caption_project\vietnam_architecture\CV_Bách_Tùng_Diệp,_ng26th8n2022_(Bồn_chậu_đá)_(2)_147340423.png","/Users/jenfnguyen/Documents/Dev/KIS-AAI-DM-Master/data/caption_project/vietnam_architecture/CV_Bách_Tùng_Diệp,_ng26th8n2022_(Bồn_chậu_đá)_(2)_147340423.png"
"0040323_Thap_Banh_It_complex,_Nhon_Hoa,_Binh_Dinh_Vietnam_237_132478883.png",0.8518,auto,False,,,A weathered brick tower stands against a clear blue sky. The structure features an arched entrance and shows signs of age with patches of moss and vegetation on its roof.,"Brick tower with a weathered, reddish-brown exterior features a pointed arched entrance and intricate carvings on its walls. The structure stands on a grassy field under a clear blue sky.","D:\caption_project\vietnam_architecture\0040323_Thap_Banh_It_complex,_Nhon_Hoa,_Binh_Dinh_Vietnam_237_132478883.png","/Users/jenfnguyen/Documents/Dev/KIS-AAI-DM-Master/data/caption_project/vietnam_architecture/0040323_Thap_Banh_It_complex,_Nhon_Hoa,_Binh_Dinh_Vietnam_237_132478883.png"
"Chùa_Huệ_Nghiêm_năm_2022,_trúc_viên_(rừng_trúc)_(12)_127262743.png",0.8519,auto,False,,,"A dense grove of tall green bamboo stalks with segmented stems and long slender leaves filling the frame, creating a thick natural canopy.","A dense grove of tall green bamboo stalks dominates the frame, partially obscuring a small structure with a thatched roof visible at the bottom edge of the image.","D:\caption_project\vietnam_architecture\Chùa_Huệ_Nghiêm_năm_2022,_trúc_viên_(rừng_trúc)_(12)_127262743.png","/Users/jenfnguyen/Documents/Dev/KIS-AAI-DM-Master/data/caption_project/vietnam_architecture/Chùa_Huệ_Nghiêm_năm_2022,_trúc_viên_(rừng_trúc)_(12)_127262743.png"
Chùa_Huệ_Nghiêm_năm_2022_(Bậc_thang_ở_Di_Lặc_Phật_điện)_(3)_124489396.png,0.852,auto,False,,,A stone staircase with reddish-brown wooden railings and decorative posts ascends alongside a paved courtyard of square stones set in grass.,Red wooden railings with geometric lattice patterns line a set of stone steps. The stairs descend toward a courtyard paved with rectangular stone blocks interspersed with green grass.,D:\caption_project\vietnam_architecture\Chùa_Huệ_Nghiêm_năm_2022_(Bậc_thang_ở_Di_Lặc_Phật_điện)_(3)_124489396.png,/Users/jenfnguyen/Documents/Dev/KIS-AAI-DM-Master/data/caption_project/vietnam_architecture/Chùa_Huệ_Nghiêm_năm_2022_(Bậc_thang_ở_Di_Lặc_Phật_điện)_(3)_124489396.png
Chùa_Diệu_Pháp_(mái_ngói_xanh)_(1)_126992674.png,0.8523,auto,False,house,,"A two-story house with a large green tiled roof and white balustrade balconies, featuring potted plants and household items on the terraces.","A two-story building features a prominent green tiled roof with a wide overhang. Each floor has a long balcony with white balustrades, wooden doors, and potted plants placed along the edges.",D:\caption_project\vietnam_architecture\Chùa_Diệu_Pháp_(mái_ngói_xanh)_(1)_126992674.png,/Users/jenfnguyen/Documents/Dev/KIS-AAI-DM-Master/data/caption_project/vietnam_architecture/Chùa_Diệu_Pháp_(mái_ngói_xanh)_(1)_126992674.png
An_Dinh_Palace_-_Cung_An_Định_(2024)_-_pavilion_-_img_02_151201294.png,0.8524,auto,False,statue,house,A yellow colonial building with a traditional Vietnamese roof and ornate carvings stands behind an octagonal pavilion housing a dark statue.,A yellow colonial building with arched windows and ornate details stands behind a hexagonal pavilion. The pavilion features a tiled roof with dragon decorations and houses a bronze statue in the center.,D:\caption_project\vietnam_architecture\An_Dinh_Palace_-_Cung_An_Định_(2024)_-_pavilion_-_img_02_151201294.png,/Users/jenfnguyen/Documents/Dev/KIS-AAI-DM-Master/data/caption_project/vietnam_architecture/An_Dinh_Palace_-_Cung_An_Định_(2024)_-_pavilion_-_img_02_151201294.png
6_crystal_Liubo_game_pieces_16090704.png,0.8526,auto,False,,,"Six rectangular stone blocks arranged on a textured fabric surface, some with faint red markings.","Six small, rectangular stone blocks are arranged in two rows on a textured off-white surface. Each block has a smooth, light-colored, semi-translucent appearance with faint reddish markings on the bottom surfaces.",D:\caption_project\vietnam_architecture\6_crystal_Liubo_game_pieces_16090704.png,/Users/jenfnguyen/Documents/Dev/KIS-AAI-DM-Master/data/caption_project/vietnam_architecture/6_crystal_Liubo_game_pieces_16090704.png
"Ancient_Tomb_Complex_in_Phước_Vĩnh_Đông_Commune,_Cần_Giuộc,_Việt_Nam_(2)_198204640.png",0.8527,auto,False,tomb,tomb,Several weathered stone tomb structures with curved roofs stand among dense green vegetation and palm trees. A modern building with white walls is visible in the background.,Stone tombs with tiered roof structures and carved details are situated in an overgrown area. The gray stone markers are surrounded by dense green vegetation and tall palm leaves.,"D:\caption_project\vietnam_architecture\Ancient_Tomb_Complex_in_Phước_Vĩnh_Đông_Commune,_Cần_Giuộc,_Việt_Nam_(2)_198204640.png","/Users/jenfnguyen/Documents/Dev/KIS-AAI-DM-Master/data/caption_project/vietnam_architecture/Ancient_Tomb_Complex_in_Phước_Vĩnh_Đông_Commune,_Cần_Giuộc,_Việt_Nam_(2)_198204640.png"
20250222_Site_of_Nanyue_Kingdom_Palace_06_160970287.png,0.8527,auto,False,,,An archaeological excavation site with exposed stone foundations and walls made of rough-hewn blocks. The ground is covered with gravel and dark river stones arranged in rectangular patterns.,"Archaeological stone foundation featuring rectangular cut blocks and sections filled with rounded river stones. The structure is set into the earth, showing remnants of a perimeter wall or drainage channel.",D:\caption_project\vietnam_architecture\20250222_Site_of_Nanyue_Kingdom_Palace_06_160970287.png,/Users/jenfnguyen/Documents/Dev/KIS-AAI-DM-Master/data/caption_project/vietnam_architecture/20250222_Site_of_Nanyue_Kingdom_Palace_06_160970287.png
Chùa_Huệ_Nghiêm_năm_2022_(bảo_tháp)_(6)_127296670.png,0.8527,auto,False,pagoda/temple,pagoda/temple,"A tall pagoda tower with a green tiled facade and ornate white panels stands among trees, framed by a decorative gate and a yellow lantern hanging nearby.","Multi-story pagoda tower featuring a grey stone facade with white decorative panels and a golden emblem near the top. The structure stands in a garden area with trees, a paved walkway, and a hanging lantern.",D:\caption_project\vietnam_architecture\Chùa_Huệ_Nghiêm_năm_2022_(bảo_tháp)_(6)_127296670.png,/Users/jenfnguyen/Documents/Dev/KIS-AAI-DM-Master/data/caption_project/vietnam_architecture/Chùa_Huệ_Nghiêm_năm_2022_(bảo_tháp)_(6)_127296670.png
"Chùa_Huê_Nghiêm_ở_Thủ_Đức,_tháng_12_năm_2021_(Vườn_kiểng)_(6)_113327783.png",0.8529,auto,False,pagoda/temple,pagoda/temple,A golden pagoda with an ornate curved tile roof stands amidst green trees and flowering bushes. Large decorative ceramic pots with gold relief designs are placed in the garden foreground.,"A hexagonal pagoda with an orange tiled roof and gold-trimmed eaves stands in a garden. Two smaller golden lantern-like structures on pillars flank the path, surrounded by trimmed hedges and large decorative pots.","D:\caption_project\vietnam_architecture\Chùa_Huê_Nghiêm_ở_Thủ_Đức,_tháng_12_năm_2021_(Vườn_kiểng)_(6)_113327783.png","/Users/jenfnguyen/Documents/Dev/KIS-AAI-DM-Master/data/caption_project/vietnam_architecture/Chùa_Huê_Nghiêm_ở_Thủ_Đức,_tháng_12_năm_2021_(Vườn_kiểng)_(6)_113327783.png"
"2025-02-08_Upper_Temple,_Lao_Cai_老街聖陳祠_20_160901638.png",0.8529,auto,False,,,A large stone gate with a curved tiled roof and carved pillars stands on a paved courtyard. People walk through the archway while vendors under green and blue umbrellas line the sides.,"Stone gate with multiple tiered roofs and carved pillars stands in a public area. People walk through the entrance, surrounded by trees, colorful umbrellas, and small stalls selling goods.","D:\caption_project\vietnam_architecture\2025-02-08_Upper_Temple,_Lao_Cai_老街聖陳祠_20_160901638.png","/Users/jenfnguyen/Documents/Dev/KIS-AAI-DM-Master/data/caption_project/vietnam_architecture/2025-02-08_Upper_Temple,_Lao_Cai_老街聖陳祠_20_160901638.png"
Chùa_Giác_Sanh_năm_2022_(trong_chánh_điện)_(5)_126962083.png,0.8532,auto,False,pagoda/temple,pagoda/temple,"Interior of a Buddhist temple featuring an ornate golden altar with carved wooden panels, a seated Buddha statue, and red lanterns hanging from a decorated ceiling with fans.","Interior of a temple featuring a central altar with gold-painted wooden carvings of dragons and floral motifs. Red lanterns hang from the white ceiling, and a red patterned rug covers the floor.",D:\caption_project\vietnam_architecture\Chùa_Giác_Sanh_năm_2022_(trong_chánh_điện)_(5)_126962083.png,/Users/jenfnguyen/Documents/Dev/KIS-AAI-DM-Master/data/caption_project/vietnam_architecture/Chùa_Giác_Sanh_năm_2022_(trong_chánh_điện)_(5)_126962083.png
"2013-07-16_Hue_Railway_Station,North–South_Railway_(Vietnam)_DSCF9857_58443934.png",0.8534,auto,False,,,A train station platform with people walking alongside a green and blue passenger train. A worker in a yellow hard hat walks near the tracks while passengers board.,A railway station platform with metal tracks and a green passenger train carriage. A worker in a yellow hard hat and blue uniform walks near a woman carrying a child.,"D:\caption_project\vietnam_architecture\2013-07-16_Hue_Railway_Station,North–South_Railway_(Vietnam)_DSCF9857_58443934.png","/Users/jenfnguyen/Documents/Dev/KIS-AAI-DM-Master/data/caption_project/vietnam_architecture/2013-07-16_Hue_Railway_Station,North–South_Railway_(Vietnam)_DSCF9857_58443934.png"
"Chùa_Bảo_Thắng_ở_Thủ_Đức,_tháng_12_năm_2021_(Cổng_chùa_chánh_diện)_(11)_113700988.png",0.8534,auto,False,,statue,"A golden decorative archway with intricate carved dragons and floral patterns stands above a black metal gate, leading to buildings with traditional curved roofs under a blue sky.","Ornate golden wooden archway featuring intricate carvings of dragons and clouds above a black metal gate. Through the gate, a white standing statue and a small pagoda structure are visible.","D:\caption_project\vietnam_architecture\Chùa_Bảo_Thắng_ở_Thủ_Đức,_tháng_12_năm_2021_(Cổng_chùa_chánh_diện)_(11)_113700988.png","/Users/jenfnguyen/Documents/Dev/KIS-AAI-DM-Master/data/caption_project/vietnam_architecture/Chùa_Bảo_Thắng_ở_Thủ_Đức,_tháng_12_năm_2021_(Cổng_chùa_chánh_diện)_(11)_113700988.png"
"Chùa_Huệ_Nghiêm_năm_2022,_trúc_viên_(lối_đi)_(1)_127262519.png",0.8535,auto,False,,,A dense grove of tall green bamboo trees surrounds a stone pathway lined with potted plants and fallen leaves. A thatched roof structure is visible in the background behind the bamboo.,"Bamboo grove surrounds a small structure with a thatched roof and a stone base, featuring a stone-paved path leading through the trees and several potted plants placed on the ground.","D:\caption_project\vietnam_architecture\Chùa_Huệ_Nghiêm_năm_2022,_trúc_viên_(lối_đi)_(1)_127262519.png","/Users/jenfnguyen/Documents/Dev/KIS-AAI-DM-Master/data/caption_project/vietnam_architecture/Chùa_Huệ_Nghiêm_năm_2022,_trúc_viên_(lối_đi)_(1)_127262519.png"
"Chùa_Huệ_Nghiêm_năm_2022_(khu_nội_viện,_bảng_hiệu_chánh_điện)_(11)_126510706.png",0.8535,auto,False,pagoda/temple,pagoda/temple,A wooden temple gate with a tiled roof and intricate lattice doors. A large wooden plaque above the entrance displays carved Chinese characters.,"Wooden gate of a pagoda featuring a dark brown timber frame, a tiled roof, and a central horizontal plaque with gold Chinese characters. A small golden statue sits in the upper alcove.","D:\caption_project\vietnam_architecture\Chùa_Huệ_Nghiêm_năm_2022_(khu_nội_viện,_bảng_hiệu_chánh_điện)_(11)_126510706.png","/Users/jenfnguyen/Documents/Dev/KIS-AAI-DM-Master/data/caption_project/vietnam_architecture/Chùa_Huệ_Nghiêm_năm_2022_(khu_nội_viện,_bảng_hiệu_chánh_điện)_(11)_126510706.png"
Banh_It_15672291.png,0.8536,auto,False,pagoda/temple,,"Two red brick Cham towers rise above dense green vegetation under a cloudy sky. The structures feature tiered roofs and arched doorways, with some plant growth on the upper sections.","Two red brick towers with tiered, pyramidal roofs stand on a hillside covered in green vegetation. These structures feature pointed arch entrances and intricate brickwork details, partially overgrown with small plants.",D:\caption_project\vietnam_architecture\Banh_It_15672291.png,/Users/jenfnguyen/Documents/Dev/KIS-AAI-DM-Master/data/caption_project/vietnam_architecture/Banh_It_15672291.png
Chum_nước_phong_thủy_ng22th9n2022_(6)_123261373.png,0.8537,auto,False,,,"A large brown ceramic jar fountain sits in a shallow pool of water, spraying a stream upward. The background features green grass and plants near a building.","A dark brown ceramic jar functions as a water fountain, placed in a shallow pool of water. The setting includes a green lawn, potted plants, and a building wall in the background.",D:\caption_project\vietnam_architecture\Chum_nước_phong_thủy_ng22th9n2022_(6)_123261373.png,/Users/jenfnguyen/Documents/Dev/KIS-AAI-DM-Master/data/caption_project/vietnam_architecture/Chum_nước_phong_thủy_ng22th9n2022_(6)_123261373.png
AnDinhResidence2_4070200.png,0.8538,auto,False,,,"A large colonial building with an orange-tiled roof and yellow walls stands behind a canal, featuring a prominent ornate gate entrance surrounded by trees and greenery.",Colonial building with yellow walls and a red tiled roof stands behind a stone wall and an ornate gate. A calm canal with stone steps runs along the front of the property.,D:\caption_project\vietnam_architecture\AnDinhResidence2_4070200.png,/Users/jenfnguyen/Documents/Dev/KIS-AAI-DM-Master/data/caption_project/vietnam_architecture/AnDinhResidence2_4070200.png
Ba_Dinh_Square_2007_3135202.png,0.8539,auto,False,tomb,tomb,"A colonial-style mausoleum with a rectangular base and flat roof stands against a hazy sunset sky. In front of it, green lawns are watered by sprinklers that spray mist across the scene.",Large rectangular stone mausoleum with a flat roof stands behind a wide green lawn being watered by sprinklers. A flagpole rises in front of the structure under a setting sun.,D:\caption_project\vietnam_architecture\Ba_Dinh_Square_2007_3135202.png,/Users/jenfnguyen/Documents/Dev/KIS-AAI-DM-Master/data/caption_project/vietnam_architecture/Ba_Dinh_Square_2007_3135202.png
"Chùa_Giác_Sanh_năm_2022_(cổng_chùa,_song_sắt)_(17)_116026108.png",0.854,auto,False,,,"A black and gold metal gate with ornate scrollwork and a large golden lotus emblem featuring visible text. The gate is flanked by a stone-clad pillar, with modern buildings in the background.","Black and gold metal gate features a prominent lotus flower design and coin motifs. Behind the gate, a bright blue multi-story building stands alongside other urban structures in a residential area.","D:\caption_project\vietnam_architecture\Chùa_Giác_Sanh_năm_2022_(cổng_chùa,_song_sắt)_(17)_116026108.png","/Users/jenfnguyen/Documents/Dev/KIS-AAI-DM-Master/data/caption_project/vietnam_architecture/Chùa_Giác_Sanh_năm_2022_(cổng_chùa,_song_sắt)_(17)_116026108.png"
Chùa_Huệ_Nghiêm_năm_2022_(cái_lu)_(2)_119470333.png,0.8545,auto,False,,,A large brown ceramic jar with gold floral designs sits on a tiled porch ledge. Behind it are tall wooden doors with intricate geometric lattice panels set into a yellow wall.,Large brown ceramic water jar sits on a tiled porch in front of a building with dark red wooden doors featuring intricate geometric lattice panels and a stone-clad base.,D:\caption_project\vietnam_architecture\Chùa_Huệ_Nghiêm_năm_2022_(cái_lu)_(2)_119470333.png,/Users/jenfnguyen/Documents/Dev/KIS-AAI-DM-Master/data/caption_project/vietnam_architecture/Chùa_Huệ_Nghiêm_năm_2022_(cái_lu)_(2)_119470333.png
Chum_nước_phong_thủy_ng22th9n2022_(cận_cảnh)_(6)_123261236.png,0.8546,auto,False,,,"A large brown glazed ceramic jar serves as a water fountain in a pond, with water spouting from its top opening and splashing down its textured sides.","A large, dark brown ceramic water jar functions as a fountain, with water overflowing from the top rim into a shallow pool below. The jar features a textured surface and small handles.",D:\caption_project\vietnam_architecture\Chum_nước_phong_thủy_ng22th9n2022_(cận_cảnh)_(6)_123261236.png,/Users/jenfnguyen/Documents/Dev/KIS-AAI-DM-Master/data/caption_project/vietnam_architecture/Chum_nước_phong_thủy_ng22th9n2022_(cận_cảnh)_(6)_123261236.png
Bao_Dai's_Palace_1_129155624.png,0.8547,auto,False,,,A yellow colonial building with a red-tiled roof and green shutters stands behind colorful flowerbeds. Tall pine trees surround the structure under an overcast sky.,"Colonial building with yellow walls, green shutters, and a terracotta tiled roof stands in a garden. The structure features arched windows on the ground floor and is surrounded by flower beds and trees.",D:\caption_project\vietnam_architecture\Bao_Dai's_Palace_1_129155624.png,/Users/jenfnguyen/Documents/Dev/KIS-AAI-DM-Master/data/caption_project/vietnam_architecture/Bao_Dai's_Palace_1_129155624.png
"Chùa_Huệ_Nghiêm_năm_2022_(khu_nội_viện,_cổng_tam_quan)_(13)_127034206.png",0.8548,auto,False,pagoda/temple,pagoda/temple,A traditional Vietnamese temple gate constructed of dark wood with a curved tiled roof. A statue sits above the entrance beneath a wooden plaque with golden characters.,Wooden temple gate with a tiled roof features a central golden statue placed above a large horizontal plaque with gold Chinese characters. Vertical wooden pillars with gold inscriptions flank the doorway.,"D:\caption_project\vietnam_architecture\Chùa_Huệ_Nghiêm_năm_2022_(khu_nội_viện,_cổng_tam_quan)_(13)_127034206.png","/Users/jenfnguyen/Documents/Dev/KIS-AAI-DM-Master/data/caption_project/vietnam_architecture/Chùa_Huệ_Nghiêm_năm_2022_(khu_nội_viện,_cổng_tam_quan)_(13)_127034206.png"
Chùa_Bình_An_năm_2022_(hành_lang_cửa_sổ)_(4)_116395145.png,0.8549,auto,False,,,"A close-up of a traditional wooden window with carved shutters and vertical slats. The open window reveals an interior room with polished floors, framed art on the walls, and a black pedestal fan.","Open wooden window with carved panels and vertical slats set into a yellow wall. A black floor fan stands inside the room, which features red pillars and gold-colored wall decorations.",D:\caption_project\vietnam_architecture\Chùa_Bình_An_năm_2022_(hành_lang_cửa_sổ)_(4)_116395145.png,/Users/jenfnguyen/Documents/Dev/KIS-AAI-DM-Master/data/caption_project/vietnam_architecture/Chùa_Bình_An_năm_2022_(hành_lang_cửa_sổ)_(4)_116395145.png
"Chùa_Huệ_Nghiêm_năm_2022,_trúc_viên,_chậu_hương_khảm_sành_sứ)_(8)_124242911.png",0.855,auto,False,,,A large mosaic incense burner on a tiled pedestal holds many burning red incense sticks. Behind it is a stone altar with offerings and a sign that reads A DI DA PHAT.,"Ceramic incense burner decorated with blue and white mosaic patterns and floral motifs stands on a tiled floor. Behind it, a stone altar features small signs with the text A DI ĐÀ PHẬT.","D:\caption_project\vietnam_architecture\Chùa_Huệ_Nghiêm_năm_2022,_trúc_viên,_chậu_hương_khảm_sành_sứ)_(8)_124242911.png","/Users/jenfnguyen/Documents/Dev/KIS-AAI-DM-Master/data/caption_project/vietnam_architecture/Chùa_Huệ_Nghiêm_năm_2022,_trúc_viên,_chậu_hương_khảm_sành_sứ)_(8)_124242911.png"
Chùa_Giác_Sanh_năm_2022_(cầu_thang_lên_chánh_điện)_(4)_126984029.png,0.8552,auto,False,,pagoda/temple,A courtyard with a tiled floor features potted plants and flowers near a red staircase adorned with framed inscriptions and Buddhist flags hanging above.,"Courtyard of a pagoda featuring a staircase with red railings and decorative panels, a tiled roof building in the background, potted flowers, and Buddhist prayer flags hanging overhead.",D:\caption_project\vietnam_architecture\Chùa_Giác_Sanh_năm_2022_(cầu_thang_lên_chánh_điện)_(4)_126984029.png,/Users/jenfnguyen/Documents/Dev/KIS-AAI-DM-Master/data/caption_project/vietnam_architecture/Chùa_Giác_Sanh_năm_2022_(cầu_thang_lên_chánh_điện)_(4)_126984029.png
"Chùa_Bảo_Đàm,_năm_2022_(cổng_phụ)_(1)_115831998.png",0.8555,auto,False,,pagoda/temple,"A colonial-style gate with a blue sign reading CHÙA BẢO ĐỨC and address numbers 219 PHÚ THỌ HOA. A Vietnamese flag hangs beside the white stone pillar, with dense green foliage behind the metal gates.","Pagoda entrance gate featuring a blue sign with white text, a metal mesh gate, and a red Vietnamese flag attached to a white concrete pillar topped with a small decorative structure.","D:\caption_project\vietnam_architecture\Chùa_Bảo_Đàm,_năm_2022_(cổng_phụ)_(1)_115831998.png","/Users/jenfnguyen/Documents/Dev/KIS-AAI-DM-Master/data/caption_project/vietnam_architecture/Chùa_Bảo_Đàm,_năm_2022_(cổng_phụ)_(1)_115831998.png"
"Ancient_Tomb_Complex_in_Phước_Vĩnh_Đông_Commune,_Cần_Giuộc,_Việt_Nam_(38)_198204718.png",0.8557,auto,False,tomb,tomb,"A close-up of a weathered stone tomb roof with two tiers of curved grey tiles, mounted on a white plaster base showing black stains and small green plants growing from its surface.","Stone tomb structure featuring a tiered, tiled roof design with weathered grey surfaces. The base is white and rectangular, set against a background of green foliage and palm leaves.","D:\caption_project\vietnam_architecture\Ancient_Tomb_Complex_in_Phước_Vĩnh_Đông_Commune,_Cần_Giuộc,_Việt_Nam_(38)_198204718.png","/Users/jenfnguyen/Documents/Dev/KIS-AAI-DM-Master/data/caption_project/vietnam_architecture/Ancient_Tomb_Complex_in_Phước_Vĩnh_Đông_Commune,_Cần_Giuộc,_Việt_Nam_(38)_198204718.png"
Bahnar_Communal_House_at_the_Vietnam_Museum_of_Ethnology_88424481.png,0.8558,manual,True,house,pagoda/temple,"A traditional wooden stilt house with a large thatched roof supported by tall posts, accessed by a wooden staircase on the left side, surrounded by green grass and dense trees.","Communal house with a tall, steeply pitched thatched roof and woven bamboo walls stands on wooden stilts. A wooden staircase leads to the elevated platform, surrounded by green trees and grass.",D:\caption_project\vietnam_architecture\Bahnar_Communal_House_at_the_Vietnam_Museum_of_Ethnology_88424481.png,/Users/jenfnguyen/Documents/Dev/KIS-AAI-DM-Master/data/caption_project/vietnam_architecture/Bahnar_Communal_House_at_the_Vietnam_Museum_of_Ethnology_88424481.png
"Chùa_Giác_Sanh_năm_2022_(kiến_trúc_chánh_điện_trên_lầu,_cửa_gỗ)_(3)_123933708.png",0.856,auto,False,pagoda/temple,pagoda/temple,The interior of a temple with polished tiled floors and an open wooden door leading to an altar area. A large golden sign with red Vietnamese text is mounted on the yellow wall above the entrance.,Interior of a temple featuring a large wooden doorway with carved panels and a yellow wall above. A golden decorative plaque with red Chinese characters is mounted centrally above the entrance.,"D:\caption_project\vietnam_architecture\Chùa_Giác_Sanh_năm_2022_(kiến_trúc_chánh_điện_trên_lầu,_cửa_gỗ)_(3)_123933708.png","/Users/jenfnguyen/Documents/Dev/KIS-AAI-DM-Master/data/caption_project/vietnam_architecture/Chùa_Giác_Sanh_năm_2022_(kiến_trúc_chánh_điện_trên_lầu,_cửa_gỗ)_(3)_123933708.png"
Chùa_Giác_Sanh_năm_2022_(Ban_thờ_trong_chánh_điện)_(14)_126983177.png,0.856,auto,False,statue,pagoda/temple,"A golden Buddha statue sits on an ornate altar inside a temple hall, surrounded by offerings of fruit and orchids, with carved wooden pillars and a painted landscape backdrop.","Interior of a temple featuring a golden Buddha statue seated before a painted tree mural. The altar is decorated with red pillars, gold carvings, pink orchids, and two tall candles.",D:\caption_project\vietnam_architecture\Chùa_Giác_Sanh_năm_2022_(Ban_thờ_trong_chánh_điện)_(14)_126983177.png,/Users/jenfnguyen/Documents/Dev/KIS-AAI-DM-Master/data/caption_project/vietnam_architecture/Chùa_Giác_Sanh_năm_2022_(Ban_thờ_trong_chánh_điện)_(14)_126983177.png
Brickwork_in_Cham_tower_Bánh_Ít_62391118.png,0.8561,auto,False,,,A close-up of an ornate brick panel with intricate carved floral and geometric patterns set into a weathered reddish-brown brick wall.,"Intricate floral carvings in a vertical panel on a weathered brick wall of a structure. The orange-brown brickwork shows signs of erosion and decay, with detailed interlaced patterns carved into the surface.",D:\caption_project\vietnam_architecture\Brickwork_in_Cham_tower_Bánh_Ít_62391118.png,/Users/jenfnguyen/Documents/Dev/KIS-AAI-DM-Master/data/caption_project/vietnam_architecture/Brickwork_in_Cham_tower_Bánh_Ít_62391118.png
"Chùa_Huệ_Quang_ở_Thủ_Đức,_tháng_12_năm_2021_(cổng)_(4)_113530447.png",0.8562,auto,False,statue,pagoda/temple,"A yellow gate with a green tiled roof and golden dragon sculptures stands over a closed green metal gate, flanked by stone pillars.","Pagoda gate featuring a yellow arched structure with green tiled roofs, stone-clad pillars, and golden dragon sculptures on the roof ridge. A large green metal gate blocks the entrance.","D:\caption_project\vietnam_architecture\Chùa_Huệ_Quang_ở_Thủ_Đức,_tháng_12_năm_2021_(cổng)_(4)_113530447.png","/Users/jenfnguyen/Documents/Dev/KIS-AAI-DM-Master/data/caption_project/vietnam_architecture/Chùa_Huệ_Quang_ở_Thủ_Đức,_tháng_12_năm_2021_(cổng)_(4)_113530447.png"
"Chùa_Huệ_Nghiêm_năm_2022,_trúc_viên_(Quan_Âm_các,_mái_tranh)_(14)_127261675.png",0.8568,auto,False,statue,statue,"A wooden gazebo with a thatched roof stands among tall bamboo trees. A stone statue of a figure is positioned under the shelter, surrounded by yellow flowers.","A stone statue of a standing figure is sheltered under a circular gazebo with a tiered thatched roof supported by wooden poles, situated within a dense bamboo grove.","D:\caption_project\vietnam_architecture\Chùa_Huệ_Nghiêm_năm_2022,_trúc_viên_(Quan_Âm_các,_mái_tranh)_(14)_127261675.png","/Users/jenfnguyen/Documents/Dev/KIS-AAI-DM-Master/data/caption_project/vietnam_architecture/Chùa_Huệ_Nghiêm_năm_2022,_trúc_viên_(Quan_Âm_các,_mái_tranh)_(14)_127261675.png"
"Chùa_Giác_Lâm_(bảo_tháp),_tháng_4_năm_2021_(4)_106026752.png",0.8568,auto,False,pagoda/temple,pagoda/temple,"A tall pagoda at night with multiple tiers featuring curved roofs and wooden railings, illuminated by warm artificial lighting against a dark sky.","Multi-story pagoda tower illuminated at night, featuring tiered curved roofs and balconies with balustrades. The structure is painted in light yellow and orange tones, surrounded by dark foliage under a night sky.","D:\caption_project\vietnam_architecture\Chùa_Giác_Lâm_(bảo_tháp),_tháng_4_năm_2021_(4)_106026752.png","/Users/jenfnguyen/Documents/Dev/KIS-AAI-DM-Master/data/caption_project/vietnam_architecture/Chùa_Giác_Lâm_(bảo_tháp),_tháng_4_năm_2021_(4)_106026752.png"
An_Afternoon_In_A_Park_(148434487)_73793199.png,0.8569,auto,False,pagoda/temple,,"A tiered topiary tree shaped like a pagoda stands in a large red pot within a park setting, surrounded by manicured green bushes and tall palm trees under bright daylight.","A park landscape features a multi-tiered topiary tree planted in a large red ceramic pot. The garden includes various shaped shrubs, palm trees, and a small pool in the background.",D:\caption_project\vietnam_architecture\An_Afternoon_In_A_Park_(148434487)_73793199.png,/Users/jenfnguyen/Documents/Dev/KIS-AAI-DM-Master/data/caption_project/vietnam_architecture/An_Afternoon_In_A_Park_(148434487)_73793199.png
"Chùa_Huệ_Nghiêm_năm_2022,_vườn_thông_(toàn_cảnh,_nhìn_ngang,_nhà_hậu_viện_(5)_119132477.png",0.8569,auto,False,statue,statue,"A seated stone statue rests on a rocky base in a garden with green foliage and yellow flowers, while a wooden pagoda with a terracotta roof stands behind the trees.","A stone statue of a seated monk sits in a garden with rocks and green plants. In the background, a building with a tiled roof and wooden balcony is partially visible.","D:\caption_project\vietnam_architecture\Chùa_Huệ_Nghiêm_năm_2022,_vườn_thông_(toàn_cảnh,_nhìn_ngang,_nhà_hậu_viện_(5)_119132477.png","/Users/jenfnguyen/Documents/Dev/KIS-AAI-DM-Master/data/caption_project/vietnam_architecture/Chùa_Huệ_Nghiêm_năm_2022,_vườn_thông_(toàn_cảnh,_nhìn_ngang,_nhà_hậu_viện_(5)_119132477.png"
Chùa_Cam_Lộ_(cropped)_150844_87683209.png,0.857,auto,False,pagoda/temple,pagoda/temple,"A multi-story pagoda with curved, upturned roofs and brick construction stands outdoors. Orange railings line the balconies on each level. The ground floor features a teal awning over an entrance area surrounded by potted bonsai trees.","Multi-story pagoda tower constructed with red brick and featuring curved, tiled roof eaves at each level. The structure includes wooden windows, decorative railings, and a ground-level entrance surrounded by potted bonsai plants.",D:\caption_project\vietnam_architecture\Chùa_Cam_Lộ_(cropped)_150844_87683209.png,/Users/jenfnguyen/Documents/Dev/KIS-AAI-DM-Master/data/caption_project/vietnam_architecture/Chùa_Cam_Lộ_(cropped)_150844_87683209.png
"Chùa_Huệ_Nghiêm_năm_2022_(kiến_trúc_nội_điện,_hành_lang_lầu)_(3)_127288077.png",0.8573,auto,False,,,"A corridor with red wooden pillars and beams, featuring a reflective tiled floor and traditional multi-sided lanterns hanging from the ceiling. Green trees are visible through open archways along the side.","Covered wooden corridor of a building featuring red painted pillars and beams, hanging hexagonal lanterns with white panels, and a dark wooden door with carved panels overlooking a green outdoor space.","D:\caption_project\vietnam_architecture\Chùa_Huệ_Nghiêm_năm_2022_(kiến_trúc_nội_điện,_hành_lang_lầu)_(3)_127288077.png","/Users/jenfnguyen/Documents/Dev/KIS-AAI-DM-Master/data/caption_project/vietnam_architecture/Chùa_Huệ_Nghiêm_năm_2022_(kiến_trúc_nội_điện,_hành_lang_lầu)_(3)_127288077.png"
Chùa_Huệ_Nghiêm_năm_2022_(Bậc_thang_ở_Di_Lặc_Phật_điện)_(6a)_124489402.png,0.8573,auto,False,,,Wide stone staircase with reddish-brown painted wooden railings and balusters leads upward. Shoes are left at the base on a paved area surrounded by green grass and trees.,"Red stone staircase with matching wooden railings leads upward. The steps feature non-slip strips, and the base is surrounded by stone paving, grass, and several pairs of sandals left on a mat.",D:\caption_project\vietnam_architecture\Chùa_Huệ_Nghiêm_năm_2022_(Bậc_thang_ở_Di_Lặc_Phật_điện)_(6a)_124489402.png,/Users/jenfnguyen/Documents/Dev/KIS-AAI-DM-Master/data/caption_project/vietnam_architecture/Chùa_Huệ_Nghiêm_năm_2022_(Bậc_thang_ở_Di_Lặc_Phật_điện)_(6a)_124489402.png
"Chùa_Diệu_Pháp_(mái_trần_Chánh_điện,_họa_tiết)_(6)_127033115.png",0.8574,auto,False,,,"A wooden ceiling features an octagonal medallion with a carved lotus flower at its center. The panels are arranged in diagonal and chevron patterns, with decorative molding and small recessed lights along the edges.","Wooden ceiling interior featuring an octagonal central medallion with carved floral petal patterns. The surrounding panels are composed of diagonal wooden planks, accented by recessed lighting and intricate carved borders.","D:\caption_project\vietnam_architecture\Chùa_Diệu_Pháp_(mái_trần_Chánh_điện,_họa_tiết)_(6)_127033115.png","/Users/jenfnguyen/Documents/Dev/KIS-AAI-DM-Master/data/caption_project/vietnam_architecture/Chùa_Diệu_Pháp_(mái_trần_Chánh_điện,_họa_tiết)_(6)_127033115.png"
Chùa_Diệu_Pháp_(mái_trần_Chánh_điện)_(6)_127033092.png,0.8574,auto,False,,,"A close-up of an intricately carved wooden ceiling with recessed lighting and decorative panels. The structure features ornate geometric patterns and a central octagonal medallion, supported by dark pillars.","Interior wooden ceiling featuring intricate carvings of floral and geometric patterns. The structure includes recessed panels, integrated circular lighting, and dark wooden pillars supporting the ceiling frame.",D:\caption_project\vietnam_architecture\Chùa_Diệu_Pháp_(mái_trần_Chánh_điện)_(6)_127033092.png,/Users/jenfnguyen/Documents/Dev/KIS-AAI-DM-Master/data/caption_project/vietnam_architecture/Chùa_Diệu_Pháp_(mái_trần_Chánh_điện)_(6)_127033092.png
A_building_in_Hoi_An_3132330.png,0.8575,auto,False,house,house,"A weathered yellow colonial shophouse facade with arched doorways and balconies on the upper floor, featuring hanging lanterns and potted plants, identified by a sign as Bar Restaurant Trang Moon.","Two-story yellow shophouse featuring arched openings, square columns with carved details, and hanging plants. Round paper lanterns are suspended in the arches, and a sign above the entrance reads Trăng Moon.",D:\caption_project\vietnam_architecture\A_building_in_Hoi_An_3132330.png,/Users/jenfnguyen/Documents/Dev/KIS-AAI-DM-Master/data/caption_project/vietnam_architecture/A_building_in_Hoi_An_3132330.png
"Chùa_Huệ_Nghiêm,_Bình_Tân_(cổng_sắt),_tháng_12_năm_2021_(1)_113700004.png",0.858,auto,False,statue,,A detailed view of an ornate metal gate with vertical bars and decorative panels featuring golden dragon sculptures flanking a central geometric motif.,"Metal gate featuring a golden textured finish with two dragon reliefs flanking a central wheel emblem. The gate has vertical bars and a lion head door knocker, with trees visible in the background.","D:\caption_project\vietnam_architecture\Chùa_Huệ_Nghiêm,_Bình_Tân_(cổng_sắt),_tháng_12_năm_2021_(1)_113700004.png","/Users/jenfnguyen/Documents/Dev/KIS-AAI-DM-Master/data/caption_project/vietnam_architecture/Chùa_Huệ_Nghiêm,_Bình_Tân_(cổng_sắt),_tháng_12_năm_2021_(1)_113700004.png"
Chùa_Bình_An_năm_2022_(Miếu_Ngũ_Hành)_(5)_116395361.png,0.8581,auto,False,pagoda/temple,pagoda/temple,A temple entrance features a red-tiled roof with golden dragon ornaments and blue pillars entwined with golden dragons. A large golden incense burner stands in the foreground near concrete railings.,"A small temple structure features a tiled roof with golden dragon ornaments and a central wheel symbol. Two blue pillars decorated with golden dragons support the front, while a golden incense burner stands nearby.",D:\caption_project\vietnam_architecture\Chùa_Bình_An_năm_2022_(Miếu_Ngũ_Hành)_(5)_116395361.png,/Users/jenfnguyen/Documents/Dev/KIS-AAI-DM-Master/data/caption_project/vietnam_architecture/Chùa_Bình_An_năm_2022_(Miếu_Ngũ_Hành)_(5)_116395361.png
"Chùa_Diệu_Pháp_(mái_trần_Chánh_điện,_họa_tiết)_(2)_127033108.png",0.8583,auto,False,,,Interior wooden ceiling featuring an octagonal carved panel with fish and fruit motifs surrounded by intricate floral designs on polished wood beams.,Intricate wooden ceiling panel featuring an octagonal carving of two fish surrounded by floral motifs. The brown timber surface is decorated with detailed relief carvings and geometric patterns throughout the interior structure.,"D:\caption_project\vietnam_architecture\Chùa_Diệu_Pháp_(mái_trần_Chánh_điện,_họa_tiết)_(2)_127033108.png","/Users/jenfnguyen/Documents/Dev/KIS-AAI-DM-Master/data/caption_project/vietnam_architecture/Chùa_Diệu_Pháp_(mái_trần_Chánh_điện,_họa_tiết)_(2)_127033108.png"
Annam._Qui-Nhon._Tours_chams_vues_du_N(ord)_-_(photogr.)_A._S(alles)_-_btv1b53013228q_(1_of_2)_161085318.png,0.8583,auto,False,,,"A weathered brick tower with a tiered roof stands amid vegetation against rolling hills. Trees grow on and around the structure, which has an arched entrance.","Brick tower structure featuring a tiered roof with repeating decorative motifs. The exterior walls show signs of weathering and vegetation growth, set against a background of hills and open ground.",D:\caption_project\vietnam_architecture\Annam._Qui-Nhon._Tours_chams_vues_du_N(ord)_-_(photogr.)_A._S(alles)_-_btv1b53013228q_(1_of_2)_161085318.png,/Users/jenfnguyen/Documents/Dev/KIS-AAI-DM-Master/data/caption_project/vietnam_architecture/Annam._Qui-Nhon._Tours_chams_vues_du_N(ord)_-_(photogr.)_A._S(alles)_-_btv1b53013228q_(1_of_2)_161085318.png
"Chùa_Huệ_Nghiêm_năm_2022,_trúc_viên_(quang_cảnh)_(2)_127262524.png",0.8583,auto,False,,,"A paved courtyard surrounded by tall bamboo and dense green trees, with a small building featuring a corrugated roof on the right.","Outdoor courtyard paved with stone tiles featuring a small building with a blue door and metal roof. The area is surrounded by bamboo stalks, various potted plants, and tall trees.","D:\caption_project\vietnam_architecture\Chùa_Huệ_Nghiêm_năm_2022,_trúc_viên_(quang_cảnh)_(2)_127262524.png","/Users/jenfnguyen/Documents/Dev/KIS-AAI-DM-Master/data/caption_project/vietnam_architecture/Chùa_Huệ_Nghiêm_năm_2022,_trúc_viên_(quang_cảnh)_(2)_127262524.png"
Bi_đình_Lăng_Khải_Định_58273483.png,0.8588,auto,False,tomb,tomb,"A grey stone tomb with ornate carvings and a traditional curved roof stands on a tiled terrace, flanked by decorative pillars against a backdrop of green hills.",A stone tomb structure features a tiered roof with dark grey tiles and ornate carvings. Two tall metal lamp posts stand on a stone terrace overlooking a landscape of trees and hills.,D:\caption_project\vietnam_architecture\Bi_đình_Lăng_Khải_Định_58273483.png,/Users/jenfnguyen/Documents/Dev/KIS-AAI-DM-Master/data/caption_project/vietnam_architecture/Bi_đình_Lăng_Khải_Định_58273483.png
Chùa_Giác_Sanh_năm_2022_(Ban_thờ_trong_chánh_điện)_(8)_126962073.png,0.8589,auto,False,pagoda/temple,pagoda/temple,"Interior of a Buddhist temple featuring an ornate golden altar with a seated Buddha statue under a tree, flanked by red pillars with gold carvings and vertical inscriptions, flowers, offerings, and a patterned rug on the floor.","Interior of a temple featuring a central golden Buddha statue seated on a lotus throne. The altar is framed by ornate, gilded wooden carvings of dragons and pillars with Chinese characters.",D:\caption_project\vietnam_architecture\Chùa_Giác_Sanh_năm_2022_(Ban_thờ_trong_chánh_điện)_(8)_126962073.png,/Users/jenfnguyen/Documents/Dev/KIS-AAI-DM-Master/data/caption_project/vietnam_architecture/Chùa_Giác_Sanh_năm_2022_(Ban_thờ_trong_chánh_điện)_(8)_126962073.png
"Chùa_Huệ_Nghiêm_năm_2022,_trúc_viên_(Quan_Âm_các,_mái_tranh)_(13)_127261674.png",0.8589,auto,False,statue,statue,"A thatched-roof wooden pavilion sheltering a stone statue of a standing figure on a stone base surrounded by flowers, set within a dense bamboo grove with visitors nearby.",A small open-air pavilion with a tiered thatched roof stands in a bamboo grove. A stone statue of a deity is placed on a raised platform with a stone base.,"D:\caption_project\vietnam_architecture\Chùa_Huệ_Nghiêm_năm_2022,_trúc_viên_(Quan_Âm_các,_mái_tranh)_(13)_127261674.png","/Users/jenfnguyen/Documents/Dev/KIS-AAI-DM-Master/data/caption_project/vietnam_architecture/Chùa_Huệ_Nghiêm_năm_2022,_trúc_viên_(Quan_Âm_các,_mái_tranh)_(13)_127261674.png"
"Chùa_Huệ_Nghiêm,_Bình_Tân_(cổng_sắt),_tháng_12_năm_2021_(2)_113700008.png",0.859,auto,False,,,A golden metal gate with intricate carvings of dragons and lions on its panels. The gate is set against a backdrop of trees.,Metal gate painted in a textured gold finish features two lion head knockers and relief carvings of dragons on each panel. A rectangular sign is attached to the upper right section.,"D:\caption_project\vietnam_architecture\Chùa_Huệ_Nghiêm,_Bình_Tân_(cổng_sắt),_tháng_12_năm_2021_(2)_113700008.png","/Users/jenfnguyen/Documents/Dev/KIS-AAI-DM-Master/data/caption_project/vietnam_architecture/Chùa_Huệ_Nghiêm,_Bình_Tân_(cổng_sắt),_tháng_12_năm_2021_(2)_113700008.png"
Ba_Dinh_Platz-_Hồ_Chí_Minh_Mausoleum_113073194.png,0.8595,auto,False,tomb,tomb,A large mausoleum with a rectangular structure and flat roof stands at the end of a vast grassy plaza. Red flags are mounted on poles surrounding the wide open space.,Large stone mausoleum with a flat roof and square columns stands behind a vast square featuring rectangular patches of green grass separated by paved stone walkways. Multiple red flags are displayed.,D:\caption_project\vietnam_architecture\Ba_Dinh_Platz-_Hồ_Chí_Minh_Mausoleum_113073194.png,/Users/jenfnguyen/Documents/Dev/KIS-AAI-DM-Master/data/caption_project/vietnam_architecture/Ba_Dinh_Platz-_Hồ_Chí_Minh_Mausoleum_113073194.png
"Chùa_Diệu_Pháp_(mái_trần_Chánh_điện,_họa_tiết)_(4)_127033112.png",0.8595,auto,False,,,"A close-up of an intricately carved octagonal wooden panel mounted on a polished wood wall, featuring two fish surrounded by fruit and floral motifs.","Octagonal wooden panel featuring intricate relief carvings of two fish swimming among lotus flowers and leaves. The frame is decorated with small dragon motifs, all set against a polished light brown wood wall.","D:\caption_project\vietnam_architecture\Chùa_Diệu_Pháp_(mái_trần_Chánh_điện,_họa_tiết)_(4)_127033112.png","/Users/jenfnguyen/Documents/Dev/KIS-AAI-DM-Master/data/caption_project/vietnam_architecture/Chùa_Diệu_Pháp_(mái_trần_Chánh_điện,_họa_tiết)_(4)_127033112.png"
"Bảo_tàng_Mỹ_thuật_Tp_(Kiến_trúc_tòa_nhà_vàng,_cận_cảnh,_hồ_nước_nhỏ)_(2)_124506716.png",0.8599,auto,False,statue,,A decorative water fountain with a central stone sculpture and multiple jets sprays into a tiled basin. Green plants surround the fountain against a yellow wall with white arched details.,Wall fountain featuring a circular stone ornament with a vertical white element set against a yellow wall with arched recesses. A small pond with water jets and green plants sits in front.,"D:\caption_project\vietnam_architecture\Bảo_tàng_Mỹ_thuật_Tp_(Kiến_trúc_tòa_nhà_vàng,_cận_cảnh,_hồ_nước_nhỏ)_(2)_124506716.png","/Users/jenfnguyen/Documents/Dev/KIS-AAI-DM-Master/data/caption_project/vietnam_architecture/Bảo_tàng_Mỹ_thuật_Tp_(Kiến_trúc_tòa_nhà_vàng,_cận_cảnh,_hồ_nước_nhỏ)_(2)_124506716.png"
"2013-07-15_Minh_Toan_Hotel_Hanoi,Vietnam_DSCF8673_46951013.png",0.8601,auto,False,,,"An interior view looking down a marble staircase with stainless steel railings, featuring pink veined stone steps and white walls.","Staircase with pink marble steps and a stainless steel railing descends into a central void. The interior features white walls, a small square window with a metal grille, and a wall-mounted light fixture.","D:\caption_project\vietnam_architecture\2013-07-15_Minh_Toan_Hotel_Hanoi,Vietnam_DSCF8673_46951013.png","/Users/jenfnguyen/Documents/Dev/KIS-AAI-DM-Master/data/caption_project/vietnam_architecture/2013-07-15_Minh_Toan_Hotel_Hanoi,Vietnam_DSCF8673_46951013.png"
Approaching_Phu_Quoc_International_Airport_33840193.png,0.8606,auto,False,,,"An airport runway stretches straight ahead under a cloudy sky. The surrounding landscape consists of flat, grassy terrain with distant hills.","Airport runway viewed from above, featuring a long paved strip with white markings, surrounded by flat, grassy terrain and distant hills under a cloudy sky. A terminal building is visible in the background.",D:\caption_project\vietnam_architecture\Approaching_Phu_Quoc_International_Airport_33840193.png,/Users/jenfnguyen/Documents/Dev/KIS-AAI-DM-Master/data/caption_project/vietnam_architecture/Approaching_Phu_Quoc_International_Airport_33840193.png
"Chùa_Huệ_Nghiêm_năm_2022,_trúc_viên_(rừng_trúc)_(5)_127262733.png",0.8607,auto,False,,,"A dense cluster of tall green bamboo stalks and leaves fills the frame, with the thatched roof of a small structure partially visible at the bottom.",A small structure with a thatched roof is partially obscured by a dense thicket of tall green bamboo stalks. The structure features a conical roof made of dried palm leaves or straw.,"D:\caption_project\vietnam_architecture\Chùa_Huệ_Nghiêm_năm_2022,_trúc_viên_(rừng_trúc)_(5)_127262733.png","/Users/jenfnguyen/Documents/Dev/KIS-AAI-DM-Master/data/caption_project/vietnam_architecture/Chùa_Huệ_Nghiêm_năm_2022,_trúc_viên_(rừng_trúc)_(5)_127262733.png"
-i---i-_(28388053019)_113561627.png,0.8609,auto,False,statue,statue,"A red brick tower facade featuring a central niche with a seated statue, ornate carved brackets, and multiple tiers of stepped brickwork under a clear sky.","A tall, reddish-brown brick tower features multiple tiers and decorative carvings. Niches hold seated statues, including a prominent one with a tall headdress in a pointed arch.",D:\caption_project\vietnam_architecture\-i---i-_(28388053019)_113561627.png,/Users/jenfnguyen/Documents/Dev/KIS-AAI-DM-Master/data/caption_project/vietnam_architecture/-i---i-_(28388053019)_113561627.png
"Chùa_Giác_Sanh_năm_2022_(kiến_trúc_chánh_điện_trên_lầu,_hoành_phi,_nhìn_thẳng)_(1)_126984480.png",0.8611,auto,False,pagoda/temple,pagoda/temple,"The entrance to a temple interior features large open wooden doors and a yellow wall with an ornate golden sign bearing Chinese characters above the threshold. Inside, offerings are arranged on an altar in front of a dark shrine.",Interior of a temple featuring a large wooden doorway with carved panels and a yellow wall above decorated with a prominent gold and red horizontal plaque inscribed with Chinese characters.,"D:\caption_project\vietnam_architecture\Chùa_Giác_Sanh_năm_2022_(kiến_trúc_chánh_điện_trên_lầu,_hoành_phi,_nhìn_thẳng)_(1)_126984480.png","/Users/jenfnguyen/Documents/Dev/KIS-AAI-DM-Master/data/caption_project/vietnam_architecture/Chùa_Giác_Sanh_năm_2022_(kiến_trúc_chánh_điện_trên_lầu,_hoành_phi,_nhìn_thẳng)_(1)_126984480.png"
Cantonese_Assembly_Hall_3_87357861.png,0.8612,auto,False,drawing/map,drawing/map,A framed painting depicting three figures seated around a table on a white interior wall under a red lantern.,"A large rectangular painting on a white wall depicts three figures in traditional attire standing behind a table, with a red lantern hanging from the ceiling above the artwork in an interior space.",D:\caption_project\vietnam_architecture\Cantonese_Assembly_Hall_3_87357861.png,/Users/jenfnguyen/Documents/Dev/KIS-AAI-DM-Master/data/caption_project/vietnam_architecture/Cantonese_Assembly_Hall_3_87357861.png
Budhismaj_statuoj_en_nefinita_parto_de_pagodo_Linh_Phước_(Dalato)_98821867.png,0.8614,auto,False,statue,statue,A large textured brown statue of a standing figure with a fan-shaped halo stands indoors beside a smaller golden statue of a kneeling figure. Green banners with legible Vietnamese text hang vertically on both sides against a blue backdrop.,"A large statue of a standing deity covered in brown textured material stands next to a smaller, smooth golden statue. Both are positioned indoors under a high metal-framed roof with vertical banners featuring Chinese characters.",D:\caption_project\vietnam_architecture\Budhismaj_statuoj_en_nefinita_parto_de_pagodo_Linh_Phước_(Dalato)_98821867.png,/Users/jenfnguyen/Documents/Dev/KIS-AAI-DM-Master/data/caption_project/vietnam_architecture/Budhismaj_statuoj_en_nefinita_parto_de_pagodo_Linh_Phước_(Dalato)_98821867.png
"Chùa_Diệu_Pháp_(trong_Chánh_điện,_Ban_thờ_Phật_tổ)_(4)_127033513.png",0.8615,auto,False,statue,statue,An ornate wooden ceiling with intricate carvings and floral motifs hangs above a large golden Buddha statue seated on a carved altar filled with flowers and offerings in a temple interior.,"Interior of a wooden structure featuring a large carved Buddha statue placed on an ornate altar. The ceiling is decorated with intricate wood carvings, recessed panels, and circular floral motifs, illuminated by multiple modern light fixtures.","D:\caption_project\vietnam_architecture\Chùa_Diệu_Pháp_(trong_Chánh_điện,_Ban_thờ_Phật_tổ)_(4)_127033513.png","/Users/jenfnguyen/Documents/Dev/KIS-AAI-DM-Master/data/caption_project/vietnam_architecture/Chùa_Diệu_Pháp_(trong_Chánh_điện,_Ban_thờ_Phật_tổ)_(4)_127033513.png"
Capella_Hanoi_-_2022-09-02_02_122585555.png,0.8616,auto,False,,statue,"A multi-story colonial-style building with white facade and dark roof stands at a street corner, surrounded by large green trees. Cars are parked along the road in front of the structure.","Multi-story colonial-style building with a white facade and dark accents, featuring a prominent corner entrance, balconies, and a statue on the roof. The structure is surrounded by mature trees on a street corner.",D:\caption_project\vietnam_architecture\Capella_Hanoi_-_2022-09-02_02_122585555.png,/Users/jenfnguyen/Documents/Dev/KIS-AAI-DM-Master/data/caption_project/vietnam_architecture/Capella_Hanoi_-_2022-09-02_02_122585555.png
Chum_nước_phong_thủy_ng22th9n2022_(2)_123261368.png,0.8618,auto,False,,,"A large, dark brown ceramic jar with a wide mouth stands in shallow water as a fountain, spraying water upwards from its opening. The surrounding pool has rippling water and visible bubbles.","A dark brown ceramic water jar functions as a fountain, with water overflowing from its rim into a surrounding pool. The structure is set against a background of green grass and metal grates.",D:\caption_project\vietnam_architecture\Chum_nước_phong_thủy_ng22th9n2022_(2)_123261368.png,/Users/jenfnguyen/Documents/Dev/KIS-AAI-DM-Master/data/caption_project/vietnam_architecture/Chum_nước_phong_thủy_ng22th9n2022_(2)_123261368.png
Bao_Quang_Pagoda_00_14837479.png,0.8619,auto,False,pagoda/temple,pagoda/temple,A temple gate with a green tiled roof and golden dragon decorations. The structure is red and yellow with Chinese characters and the text BAO QUANG TU above the entrance.,"Pagoda gate featuring a tiered green tiled roof with golden dragon ornaments. The structure is painted in yellow and red, with Chinese and Vietnamese characters inscribed on panels and red metal gates.",D:\caption_project\vietnam_architecture\Bao_Quang_Pagoda_00_14837479.png,/Users/jenfnguyen/Documents/Dev/KIS-AAI-DM-Master/data/caption_project/vietnam_architecture/Bao_Quang_Pagoda_00_14837479.png
An_ancient_bell_in_the_grounds_of_the_Thien_Mu_Pagoda_(30992219743)_66630769.png,0.8621,auto,False,church,church,A large bronze bell hangs inside a stone bell tower with an arched opening and weathered walls covered in moss. A white sign on the right wall reads 'HONG DUC TON'.,"Large bronze bell suspended inside a stone bell tower with an arched entrance. The exterior walls are weathered with patches of green moss and discoloration, and a small sign is attached to the wall.",D:\caption_project\vietnam_architecture\An_ancient_bell_in_the_grounds_of_the_Thien_Mu_Pagoda_(30992219743)_66630769.png,/Users/jenfnguyen/Documents/Dev/KIS-AAI-DM-Master/data/caption_project/vietnam_architecture/An_ancient_bell_in_the_grounds_of_the_Thien_Mu_Pagoda_(30992219743)_66630769.png
"Chùa_Huệ_Nghiêm_năm_2022,_trúc_viên_(rừng_trúc)_(1)_127262727.png",0.8622,auto,False,,,"Tall green bamboo stalks rise densely among potted plants and a stone-paved walkway, with traditional tiled roofs visible in the background of an outdoor courtyard setting.",Tall green bamboo stalks grow in a garden setting with paved stone paths and terracotta pots. A partial view of a building structure with a tiled roof is visible in the background.,"D:\caption_project\vietnam_architecture\Chùa_Huệ_Nghiêm_năm_2022,_trúc_viên_(rừng_trúc)_(1)_127262727.png","/Users/jenfnguyen/Documents/Dev/KIS-AAI-DM-Master/data/caption_project/vietnam_architecture/Chùa_Huệ_Nghiêm_năm_2022,_trúc_viên_(rừng_trúc)_(1)_127262727.png"
"Chùa_Cam_Lộ,_ngày_18_tháng_02_năm_2016_(2)_114731377.png",0.8624,auto,False,pagoda/temple,pagoda/temple,"A three-story pagoda features curved tiled roofs with upturned eaves and brick walls on the upper levels. The ground floor is gray stone with a large wooden door and decorative windows, surrounded by potted plants and a paved courtyard.","Multi-story pagoda featuring curved tiled roofs, brick walls, and dark wooden doors. The exterior includes stone steps, decorative orange railings, and potted plants placed on terraces and the ground level.","D:\caption_project\vietnam_architecture\Chùa_Cam_Lộ,_ngày_18_tháng_02_năm_2016_(2)_114731377.png","/Users/jenfnguyen/Documents/Dev/KIS-AAI-DM-Master/data/caption_project/vietnam_architecture/Chùa_Cam_Lộ,_ngày_18_tháng_02_năm_2016_(2)_114731377.png"
"0040423_Thap_Phu_Loc,_Cham_Hindu_temple,_Nhon_Thanh_Vietnam_076_132544935.png",0.8626,auto,False,,,"A weathered brick wall features a pointed arched doorway with decorative brickwork along the arch. The structure shows signs of age and erosion, with patches of grass visible at the base.","Tall pointed brick archway forming an entrance into a structure. The walls are constructed from weathered orange and brown bricks, showing signs of erosion and missing mortar on the exterior surface.","D:\caption_project\vietnam_architecture\0040423_Thap_Phu_Loc,_Cham_Hindu_temple,_Nhon_Thanh_Vietnam_076_132544935.png","/Users/jenfnguyen/Documents/Dev/KIS-AAI-DM-Master/data/caption_project/vietnam_architecture/0040423_Thap_Phu_Loc,_Cham_Hindu_temple,_Nhon_Thanh_Vietnam_076_132544935.png"
AnDinhResidence1_4070191.png,0.863,auto,False,,,"A yellow colonial building with an ornate stone entrance gate stands behind a pond, framed by green trees and foliage under a bright sky.","Colonial building with a yellow facade and orange tiled roof stands behind an ornate gate featuring intricate ceramic mosaics and a red wooden door, situated near a stone-walled pond with steps.",D:\caption_project\vietnam_architecture\AnDinhResidence1_4070191.png,/Users/jenfnguyen/Documents/Dev/KIS-AAI-DM-Master/data/caption_project/vietnam_architecture/AnDinhResidence1_4070191.png
Chùa_Giác_Sanh_năm_2022_(tranh_trong_chánh_điện)_126962079.png,0.8631,auto,False,,drawing/map,An interior wall features a colorful mural of deer and mountains above an ornate wooden doorway. A red pillar with gold patterns stands to the left.,"Interior wall featuring a large colorful landscape painting of deer, trees, and lotus flowers. A red pillar with gold Chinese characters stands to the left, and an ornate wooden doorway frame is visible.",D:\caption_project\vietnam_architecture\Chùa_Giác_Sanh_năm_2022_(tranh_trong_chánh_điện)_126962079.png,/Users/jenfnguyen/Documents/Dev/KIS-AAI-DM-Master/data/caption_project/vietnam_architecture/Chùa_Giác_Sanh_năm_2022_(tranh_trong_chánh_điện)_126962079.png
"Cafe_Phố_Xưa_ở_Đông_Hà_(kiến_trúc_cửa),_Tết_năm_2018_(26)_114595725.png",0.8632,auto,False,,,"A red louvered wooden door set into a weathered red brick wall with pink horizontal accents, topped by a concrete balcony and a traditional conical lantern.","Red wooden louvered double doors are set into an exposed red brick wall. A fabric lantern hangs above the door frame, which features a horizontal ventilation grille and a concrete lintel.","D:\caption_project\vietnam_architecture\Cafe_Phố_Xưa_ở_Đông_Hà_(kiến_trúc_cửa),_Tết_năm_2018_(26)_114595725.png","/Users/jenfnguyen/Documents/Dev/KIS-AAI-DM-Master/data/caption_project/vietnam_architecture/Cafe_Phố_Xưa_ở_Đông_Hà_(kiến_trúc_cửa),_Tết_năm_2018_(26)_114595725.png"
Bờ_biển_Vũng_Tàu_24868422.png,0.8634,auto,False,,,"A coastal cityscape with a green hill overlooking the sea. A road runs along the shore, and boats are anchored in the bay.","Coastal city landscape featuring a curved road along the shoreline, a large green hill, and numerous buildings scattered at the base. Many small boats are floating in the blue water of the bay.",D:\caption_project\vietnam_architecture\Bờ_biển_Vũng_Tàu_24868422.png,/Users/jenfnguyen/Documents/Dev/KIS-AAI-DM-Master/data/caption_project/vietnam_architecture/Bờ_biển_Vũng_Tàu_24868422.png
"Chùa_Hòa_Bình_quận_10_(cổng_chùa,_công_bên_nhìn_thẳng)_(2)_119455210.png",0.8635,auto,False,,,A white gate with an arched metal door featuring lotus flower designs and vertical bars. The structure has a traditional curved roof with terracotta tiles and is flanked by pillars with inscriptions.,"Gate of a religious structure featuring a curved tiled roof with a sun motif, gray metal doors with lotus designs, and white pillars decorated with black Chinese characters.","D:\caption_project\vietnam_architecture\Chùa_Hòa_Bình_quận_10_(cổng_chùa,_công_bên_nhìn_thẳng)_(2)_119455210.png","/Users/jenfnguyen/Documents/Dev/KIS-AAI-DM-Master/data/caption_project/vietnam_architecture/Chùa_Hòa_Bình_quận_10_(cổng_chùa,_công_bên_nhìn_thẳng)_(2)_119455210.png"
"Chùa_Huệ_Nghiêm_năm_2022_(kiến_trúc_Di_Lặc_phật_điện,_mái_ngói_gạch_đỏ)_(3)_126992830.png",0.8636,auto,False,pagoda/temple,pagoda/temple,"A large pagoda with a sweeping curved red tile roof and brown wooden columns. A balcony runs across the front of the building, which is surrounded by green trees.","Pagoda with a large orange tiled roof and dark wooden structure features a balcony with railings. The building is surrounded by green trees and shrubs, with a green fence in the foreground.","D:\caption_project\vietnam_architecture\Chùa_Huệ_Nghiêm_năm_2022_(kiến_trúc_Di_Lặc_phật_điện,_mái_ngói_gạch_đỏ)_(3)_126992830.png","/Users/jenfnguyen/Documents/Dev/KIS-AAI-DM-Master/data/caption_project/vietnam_architecture/Chùa_Huệ_Nghiêm_năm_2022_(kiến_trúc_Di_Lặc_phật_điện,_mái_ngói_gạch_đỏ)_(3)_126992830.png"
"Chùa_Huê_Nghiêm_ở_Thủ_Đức,_tháng_12_năm_2021_(bên_cổng)_(5)_113530439.png",0.8636,auto,False,,pagoda/temple,"A traditional gate with a curved green and orange tiled roof stands next to a decorative wall featuring lotus reliefs. A tall red pillar with golden carvings frames the right side, set against a blue sky.",A temple gate with curved roof eaves and green tiles features a yellow wall decorated with a relief carving of lotus flowers. The structure is painted in red and yellow with gold accents.,"D:\caption_project\vietnam_architecture\Chùa_Huê_Nghiêm_ở_Thủ_Đức,_tháng_12_năm_2021_(bên_cổng)_(5)_113530439.png","/Users/jenfnguyen/Documents/Dev/KIS-AAI-DM-Master/data/caption_project/vietnam_architecture/Chùa_Huê_Nghiêm_ở_Thủ_Đức,_tháng_12_năm_2021_(bên_cổng)_(5)_113530439.png"
Bao_tang_Dak_Lak_12_11560930.png,0.8642,auto,False,,,"A cream-colored colonial building with a reddish-brown tiled roof and white trim stands behind a stone wall and green hedges. Wooden benches sit in front of the wall, while stairs lead up to the entrance.","Colonial building with a brown tiled roof and cream-colored walls sits behind a stone retaining wall. A wide stone staircase leads up to the structure, surrounded by trees and a dirt courtyard.",D:\caption_project\vietnam_architecture\Bao_tang_Dak_Lak_12_11560930.png,/Users/jenfnguyen/Documents/Dev/KIS-AAI-DM-Master/data/caption_project/vietnam_architecture/Bao_tang_Dak_Lak_12_11560930.png
Chùa_Giác_Sanh_năm_2022_(chính_điện)_(6)_126992267.png,0.8643,auto,False,pagoda/temple,pagoda/temple,"A yellow pagoda entrance features two golden dragon pillars flanking stone steps leading to double doors. A large yellow banner with red Vietnamese text hangs above the portico, while colorful flags and red lanterns decorate the facade.","Pagoda entrance featuring two golden dragon-wrapped pillars, a yellow banner with red text, and red lanterns hanging from the roof. A small tree and potted flowers sit on the stone steps.",D:\caption_project\vietnam_architecture\Chùa_Giác_Sanh_năm_2022_(chính_điện)_(6)_126992267.png,/Users/jenfnguyen/Documents/Dev/KIS-AAI-DM-Master/data/caption_project/vietnam_architecture/Chùa_Giác_Sanh_năm_2022_(chính_điện)_(6)_126992267.png
"Chum_vại_ở_Cát_Sơn,_Tết_năm_2017_(2)_102990029.png",0.8645,auto,False,,,A large round ceramic jar with a brown and reddish glaze sits on wet cracked concrete ground next to stone steps.,"A large, round, dark brown ceramic water jar sits on a wet, cracked concrete surface next to a tiled step. The jar is filled with water and shows signs of weathering.","D:\caption_project\vietnam_architecture\Chum_vại_ở_Cát_Sơn,_Tết_năm_2017_(2)_102990029.png","/Users/jenfnguyen/Documents/Dev/KIS-AAI-DM-Master/data/caption_project/vietnam_architecture/Chum_vại_ở_Cát_Sơn,_Tết_năm_2017_(2)_102990029.png"
Chùa_Bửu_Quang_(Cổng_chùa)_(5)_116025949.png,0.8649,auto,False,,,"A yellow and brown ornate entrance gate features carved wooden details, Chinese characters on vertical panels, and a sign reading HỶ XÁ. Large green plants grow at the base of the structure in front of a building with a window.","Entrance gate of a structure painted in yellow and dark brown, featuring vertical pillars with Chinese characters, decorative metal railings, and carved wooden elements. Green leafy plants grow in the foreground at night.",D:\caption_project\vietnam_architecture\Chùa_Bửu_Quang_(Cổng_chùa)_(5)_116025949.png,/Users/jenfnguyen/Documents/Dev/KIS-AAI-DM-Master/data/caption_project/vietnam_architecture/Chùa_Bửu_Quang_(Cổng_chùa)_(5)_116025949.png
"An_Dihn_Palace,_Hue_(48836451158)_113257251.png",0.8659,auto,False,,,"A yellow colonial building with ornate white trim and arched windows. The exterior features wooden doors, balconies, and decorative stonework under a clear blue sky.","Colonial building with yellow walls and brown wooden louvered shutters features an L-shaped layout. The structure includes stone staircases, decorative white moldings above arched windows, and a balustrade along the upper level.","D:\caption_project\vietnam_architecture\An_Dihn_Palace,_Hue_(48836451158)_113257251.png","/Users/jenfnguyen/Documents/Dev/KIS-AAI-DM-Master/data/caption_project/vietnam_architecture/An_Dihn_Palace,_Hue_(48836451158)_113257251.png"
"Ancient_Tomb_Complex_in_Phước_Vĩnh_Đông_Commune,_Cần_Giuộc,_Việt_Nam_(42)_198204728.png",0.8661,auto,False,,,"A weathered stone block rests on the ground, partially covered with dry brown vegetation and surrounded by green plants.","A rectangular stone block partially buried in the ground is surrounded by dry, withered vegetation and some green leaves. The surface of the stone shows weathered textures and faint carved markings.","D:\caption_project\vietnam_architecture\Ancient_Tomb_Complex_in_Phước_Vĩnh_Đông_Commune,_Cần_Giuộc,_Việt_Nam_(42)_198204728.png","/Users/jenfnguyen/Documents/Dev/KIS-AAI-DM-Master/data/caption_project/vietnam_architecture/Ancient_Tomb_Complex_in_Phước_Vĩnh_Đông_Commune,_Cần_Giuộc,_Việt_Nam_(42)_198204728.png"
Chùa_Bình_An_năm_2022_(chánh_điện_nhìn_bên)_(12)_116395453.png,0.8662,auto,False,pagoda/temple,pagoda/temple,"A multi-story pagoda features a curved roof with golden dragon ridge ornaments and upturned eaves. The facade includes red pillars, a large black and gold panel depicting roosters, decorative wooden screens, and balconies.","Pagoda exterior featuring a curved, multi-tiered roof with red trim and golden accents. The walls are painted yellow and decorated with intricate gold-colored relief carvings of trees and animals, set against a stone base.",D:\caption_project\vietnam_architecture\Chùa_Bình_An_năm_2022_(chánh_điện_nhìn_bên)_(12)_116395453.png,/Users/jenfnguyen/Documents/Dev/KIS-AAI-DM-Master/data/caption_project/vietnam_architecture/Chùa_Bình_An_năm_2022_(chánh_điện_nhìn_bên)_(12)_116395453.png
Agents_de_la_gare_de_haiphong_1923_50928868.png,0.8664,auto,False,,,"A printed document listing agents of the Compagnie Française des Chemins de Fer de l'Indochine et du Yunnan in Haiphong. The paper shows black text on a white background, detailing staff roles for control and maintenance at the train station.","Printed document listing railway company personnel and their roles in Haiphong, including positions related to station management, train control, and building maintenance, presented in black text on a white background.",D:\caption_project\vietnam_architecture\Agents_de_la_gare_de_haiphong_1923_50928868.png,/Users/jenfnguyen/Documents/Dev/KIS-AAI-DM-Master/data/caption_project/vietnam_architecture/Agents_de_la_gare_de_haiphong_1923_50928868.png
"Chùa_Diệu_Pháp_(trong_Chánh_điện,_tượng_Phật_tổ)_(3)_127033519.png",0.8664,auto,False,statue,statue,A large polished wooden Buddha statue sits inside a temple hall behind an altar decorated with white lilies and green pomelos in golden bowls.,"A wooden Buddha statue sits on an altar inside a room with dark wood walls and pillars. The altar features a brass incense burner, white lilies, and green fruits placed in metal bowls.","D:\caption_project\vietnam_architecture\Chùa_Diệu_Pháp_(trong_Chánh_điện,_tượng_Phật_tổ)_(3)_127033519.png","/Users/jenfnguyen/Documents/Dev/KIS-AAI-DM-Master/data/caption_project/vietnam_architecture/Chùa_Diệu_Pháp_(trong_Chánh_điện,_tượng_Phật_tổ)_(3)_127033519.png"
"Chùa_Huệ_Nghiêm_năm_2022_(khu_nội_viện,_cổng_tam_quan)_(16)_127034209.png",0.8666,auto,False,,pagoda/temple,"A wooden gate with a curved orange-tiled roof, supported by thick pillars. The structure features a dark wood facade and an inscription with golden characters.","Wooden gate of a temple featuring a multi-tiered tiled roof with curved corners. The dark brown timber structure displays golden Chinese characters on a horizontal plaque, with vertical wooden slats forming the gate panels.","D:\caption_project\vietnam_architecture\Chùa_Huệ_Nghiêm_năm_2022_(khu_nội_viện,_cổng_tam_quan)_(16)_127034209.png","/Users/jenfnguyen/Documents/Dev/KIS-AAI-DM-Master/data/caption_project/vietnam_architecture/Chùa_Huệ_Nghiêm_năm_2022_(khu_nội_viện,_cổng_tam_quan)_(16)_127034209.png"
"Bridge_Destroyed,_Camp_Evans,_1967_109872239.png",0.8666,auto,False,bridge,bridge,Two soldiers in military uniforms walk across a destroyed concrete bridge that has collapsed into muddy water. Broken metal rebar and rubble are scattered across the broken structure.,"Destroyed concrete bridge structure with exposed metal rebar lying in a river, with two soldiers in military uniforms walking across the debris in a rural landscape under a clear sky.","D:\caption_project\vietnam_architecture\Bridge_Destroyed,_Camp_Evans,_1967_109872239.png","/Users/jenfnguyen/Documents/Dev/KIS-AAI-DM-Master/data/caption_project/vietnam_architecture/Bridge_Destroyed,_Camp_Evans,_1967_109872239.png"
"Chùa_Huê_Nghiêm_ở_Thủ_Đức,_tháng_12_năm_2021_(bên_cổng)_(2)_113530441.png",0.8667,auto,False,,,"An ornate gate with a curved green and red tiled roof stands before a blue building. A detailed yellow and brown relief mural depicting lotus flowers adorns the wall, leading to a paved entrance.","A gate with a curved, tiled roof and a yellow wall featuring a relief carving of lotus flowers. The structure is painted in yellow and red, with green roof tiles and a metal gate.","D:\caption_project\vietnam_architecture\Chùa_Huê_Nghiêm_ở_Thủ_Đức,_tháng_12_năm_2021_(bên_cổng)_(2)_113530441.png","/Users/jenfnguyen/Documents/Dev/KIS-AAI-DM-Master/data/caption_project/vietnam_architecture/Chùa_Huê_Nghiêm_ở_Thủ_Đức,_tháng_12_năm_2021_(bên_cổng)_(2)_113530441.png"
"Ancient_Tomb_Complex_in_Phước_Vĩnh_Đông_Commune,_Cần_Giuộc,_Việt_Nam_(10)_198204651.png",0.8668,auto,False,tomb,tomb,"A weathered stone tomb with a decorative tiled roof and carved dragon motifs on the ridges, surrounded by dense green foliage.",Stone tomb detail featuring a miniature tiled roof structure with carved decorative motifs on the ridge. The grey weathered stone is set against a background of green palm leaves and foliage.,"D:\caption_project\vietnam_architecture\Ancient_Tomb_Complex_in_Phước_Vĩnh_Đông_Commune,_Cần_Giuộc,_Việt_Nam_(10)_198204651.png","/Users/jenfnguyen/Documents/Dev/KIS-AAI-DM-Master/data/caption_project/vietnam_architecture/Ancient_Tomb_Complex_in_Phước_Vĩnh_Đông_Commune,_Cần_Giuộc,_Việt_Nam_(10)_198204651.png"
Chùa_Giác_Sanh_năm_2022_(Ban_thờ_trong_chánh_điện)_(29)_126983187.png,0.8671,auto,False,statue,pagoda/temple,A golden Buddha statue sits on an altar inside a temple hall. The ornate wooden screen behind features intricate gold carvings and red columns with inscriptions. Offerings of flowers and fruit are placed before the statue.,"Interior of a temple featuring a central golden Buddha statue seated before a painted tree mural. The altar is decorated with red and gold carved wooden panels, pink orchids, and green pomelos.",D:\caption_project\vietnam_architecture\Chùa_Giác_Sanh_năm_2022_(Ban_thờ_trong_chánh_điện)_(29)_126983187.png,/Users/jenfnguyen/Documents/Dev/KIS-AAI-DM-Master/data/caption_project/vietnam_architecture/Chùa_Giác_Sanh_năm_2022_(Ban_thờ_trong_chánh_điện)_(29)_126983187.png
Chùa_Diệu_Pháp_(Cổng_mái)_(6)_126873646.png,0.8674,auto,False,,,"The dark red wooden pillars and intricately carved beams of a traditional pavilion roof frame a courtyard scene with green trees, a white bench, and parked motorcycles in the background.","Wooden pavilion structure featuring dark red pillars and intricate carved wooden brackets supporting the roof. The surrounding area includes a paved courtyard, green trees, and a white bench with a sign.",D:\caption_project\vietnam_architecture\Chùa_Diệu_Pháp_(Cổng_mái)_(6)_126873646.png,/Users/jenfnguyen/Documents/Dev/KIS-AAI-DM-Master/data/caption_project/vietnam_architecture/Chùa_Diệu_Pháp_(Cổng_mái)_(6)_126873646.png
"Chùa_Dơi,_tranh_tường_3662573.png",0.8674,auto,False,drawing/map,drawing/map,"A colorful mural painting inside a building depicts a central Buddha figure seated under a tree, surrounded by five disciples in orange robes with hands clasped in prayer.","A wall painting depicts a central Buddha figure sitting in a lotus position on a blue pedestal, surrounded by five monks with hands pressed together in prayer under a large tree.","D:\caption_project\vietnam_architecture\Chùa_Dơi,_tranh_tường_3662573.png","/Users/jenfnguyen/Documents/Dev/KIS-AAI-DM-Master/data/caption_project/vietnam_architecture/Chùa_Dơi,_tranh_tường_3662573.png"
Bộ_bàn_ghế_khảm_xà_cừ_16703523.png,0.8674,auto,False,,,"Interior of a museum room displaying ornate dark wooden furniture with intricate carvings and mother-of-pearl inlays, including a long table surrounded by matching chairs and a large screen.","Interior of a room displaying dark wooden furniture inlaid with mother-of-pearl, including two long benches, a central table, and a tall screen. The floor is tiled and white walls feature framed pictures.",D:\caption_project\vietnam_architecture\Bộ_bàn_ghế_khảm_xà_cừ_16703523.png,/Users/jenfnguyen/Documents/Dev/KIS-AAI-DM-Master/data/caption_project/vietnam_architecture/Bộ_bàn_ghế_khảm_xà_cừ_16703523.png
"Chum_kiểng_tu_viện_Vinh_Sơn,_Quận_3_(29)_115803847.png",0.8674,auto,False,,,A large brown glazed ceramic jar set into a wall niche framed by rounded river stones and blue-painted walls. A small green plant grows from inside the jar on a tiled ground.,"Brown ceramic water jar embedded in a wall with light-colored stones, placed between two blue painted pillars on a patterned tiled sidewalk. A small plant grows from the top of the jar.","D:\caption_project\vietnam_architecture\Chum_kiểng_tu_viện_Vinh_Sơn,_Quận_3_(29)_115803847.png","/Users/jenfnguyen/Documents/Dev/KIS-AAI-DM-Master/data/caption_project/vietnam_architecture/Chum_kiểng_tu_viện_Vinh_Sơn,_Quận_3_(29)_115803847.png"
"Chùa_Huệ_Nghiêm_năm_2022,_trúc_viên_(Quan_Âm_các,_mái_tranh)_(3)_127261659.png",0.8677,auto,False,statue,statue,"A stone statue of a seated figure stands under a thatched roof supported by bamboo poles, surrounded by tall green plants and offerings on wooden tables.",A white stone statue of a deity stands on a wooden platform under a circular thatched roof supported by bamboo poles. The structure is surrounded by bamboo trees and features small potted flowers.,"D:\caption_project\vietnam_architecture\Chùa_Huệ_Nghiêm_năm_2022,_trúc_viên_(Quan_Âm_các,_mái_tranh)_(3)_127261659.png","/Users/jenfnguyen/Documents/Dev/KIS-AAI-DM-Master/data/caption_project/vietnam_architecture/Chùa_Huệ_Nghiêm_năm_2022,_trúc_viên_(Quan_Âm_các,_mái_tranh)_(3)_127261659.png"
"Ancient_Tomb_Complex_in_Phước_Vĩnh_Đông_Commune,_Cần_Giuộc,_Việt_Nam_(30)_198204691.png",0.8681,auto,False,tomb,tomb,"A weathered stone tomb with a central arched gateway and decorative roof ridges sits overgrown in tall green grass, surrounded by dense tropical foliage.","A stone tomb structure features a central arched opening, a tiered roof, and decorative lotus-shaped finials on the corners. It is situated in a grassy area surrounded by dense green vegetation.","D:\caption_project\vietnam_architecture\Ancient_Tomb_Complex_in_Phước_Vĩnh_Đông_Commune,_Cần_Giuộc,_Việt_Nam_(30)_198204691.png","/Users/jenfnguyen/Documents/Dev/KIS-AAI-DM-Master/data/caption_project/vietnam_architecture/Ancient_Tomb_Complex_in_Phước_Vĩnh_Đông_Commune,_Cần_Giuộc,_Việt_Nam_(30)_198204691.png"
Chuo_Yin_Wen_Zi_Wa_3688139.png,0.8682,auto,False,,,A fragment of pottery with stamped characters displayed on a clear stand against a textured background.,"Pottery fragment with stamped characters displayed on a stand. The artifact is light brown and textured, positioned behind a clear acrylic sign providing information in both Chinese and English text.",D:\caption_project\vietnam_architecture\Chuo_Yin_Wen_Zi_Wa_3688139.png,/Users/jenfnguyen/Documents/Dev/KIS-AAI-DM-Master/data/caption_project/vietnam_architecture/Chuo_Yin_Wen_Zi_Wa_3688139.png
ChuaMotCot2_8423631.png,0.8683,auto,False,pagoda/temple,pagoda/temple,"A wooden pagoda with a curved tiled roof stands on a concrete base beside a pond, surrounded by green trees and enclosed by a low stone wall.","Small wooden pagoda structure with a curved tile roof supported by a single stone pillar, situated in the center of a square pond surrounded by a low white concrete wall with lattice patterns.",D:\caption_project\vietnam_architecture\ChuaMotCot2_8423631.png,/Users/jenfnguyen/Documents/Dev/KIS-AAI-DM-Master/data/caption_project/vietnam_architecture/ChuaMotCot2_8423631.png
"2025-02-08_Upper_Temple,_Lao_Cai_老街聖陳祠_02_160901565.png",0.8695,auto,False,pagoda/temple,,A large stone gate with a curved tiled roof and intricate carvings stands at the entrance to a temple complex. People walk on the paved ground and up the steps in front of it.,"Stone gate with tiered roofs and carved pillars stands at the entrance to a site. People walk on the stone steps leading through the gate, surrounded by trees and outdoor stalls.","D:\caption_project\vietnam_architecture\2025-02-08_Upper_Temple,_Lao_Cai_老街聖陳祠_02_160901565.png","/Users/jenfnguyen/Documents/Dev/KIS-AAI-DM-Master/data/caption_project/vietnam_architecture/2025-02-08_Upper_Temple,_Lao_Cai_老街聖陳祠_02_160901565.png"
Chùa_Huệ_Nghiêm_năm_2022_(bậc_thềm_tam_cấp_ở_hậu_viện)_(3a)_124489294.png,0.8695,auto,False,,,A staircase made of polished red granite with yellow speckled stone accents leads up to a building entrance. The steps are bordered by cream-colored patterned tiles on the ground.,"Stone steps leading to a building entrance feature alternating red and yellow granite treads. A square pillar stands on the landing, and wooden doors are visible against a light-colored wall.",D:\caption_project\vietnam_architecture\Chùa_Huệ_Nghiêm_năm_2022_(bậc_thềm_tam_cấp_ở_hậu_viện)_(3a)_124489294.png,/Users/jenfnguyen/Documents/Dev/KIS-AAI-DM-Master/data/caption_project/vietnam_architecture/Chùa_Huệ_Nghiêm_năm_2022_(bậc_thềm_tam_cấp_ở_hậu_viện)_(3a)_124489294.png
20260120_Sluice_site_of_Nam_Việt_(122239)_193737236.png,0.8695,auto,False,,,An archaeological excavation site with exposed earth and wooden structural remains is displayed indoors under bright fluorescent lights. A reflective ceiling mirrors the scene above.,"Archaeological excavation site featuring exposed wooden posts and earthen layers inside a modern building. A reflective dark ceiling hangs above the excavated ground, illuminated by linear fluorescent lights and small spotlights.",D:\caption_project\vietnam_architecture\20260120_Sluice_site_of_Nam_Việt_(122239)_193737236.png,/Users/jenfnguyen/Documents/Dev/KIS-AAI-DM-Master/data/caption_project/vietnam_architecture/20260120_Sluice_site_of_Nam_Việt_(122239)_193737236.png
"Chùa_Bảo_Quang,_Tân_Phú,_tháng_01_năm_2022_(cổng_chùa_nhìn_từ_bên_trong)_(5)_114342746.png",0.8696,auto,False,,,"A wooden plaque with gold lettering hangs above a black metal gate under a dark tiled roof. A yellow paper lantern is suspended to the left, and a white stone lantern stands on the right.","A gate structure features a dark tiled roof with curved edges and a large rectangular wooden plaque with gold text. A yellow fabric lantern hangs on the left side, and a metal gate is visible below.","D:\caption_project\vietnam_architecture\Chùa_Bảo_Quang,_Tân_Phú,_tháng_01_năm_2022_(cổng_chùa_nhìn_từ_bên_trong)_(5)_114342746.png","/Users/jenfnguyen/Documents/Dev/KIS-AAI-DM-Master/data/caption_project/vietnam_architecture/Chùa_Bảo_Quang,_Tân_Phú,_tháng_01_năm_2022_(cổng_chùa_nhìn_từ_bên_trong)_(5)_114342746.png"
Capella_Hanoi_-_2022-09-02_03_122585556.png,0.8698,auto,False,,,"A multi-story colonial-style building with white walls and a dark sloped roof is surrounded by large green trees, featuring ornate balconies and a covered entrance.","Colonial building facade featuring white walls, multiple floors with balconies, and dark metal accents. The structure is partially obscured by large green trees, with a curved entrance canopy visible at the bottom right.",D:\caption_project\vietnam_architecture\Capella_Hanoi_-_2022-09-02_03_122585556.png,/Users/jenfnguyen/Documents/Dev/KIS-AAI-DM-Master/data/caption_project/vietnam_architecture/Capella_Hanoi_-_2022-09-02_03_122585556.png
Chùa_Di_Lặc_2022_(miếu_Bà)_(10)_116591566.png,0.8699,auto,False,pagoda/temple,pagoda/temple,"A traditional pagoda features a multi-tiered roof with curved eaves and decorative ridge ornaments. The structure has reddish-brown wooden pillars and railings, with cream-colored walls.","Pagoda corner with curved tiled roofs featuring decorative ridge ornaments. The structure has dark red wooden pillars and beams, cream-colored walls, and a wooden railing, set in a garden with green trees.",D:\caption_project\vietnam_architecture\Chùa_Di_Lặc_2022_(miếu_Bà)_(10)_116591566.png,/Users/jenfnguyen/Documents/Dev/KIS-AAI-DM-Master/data/caption_project/vietnam_architecture/Chùa_Di_Lặc_2022_(miếu_Bà)_(10)_116591566.png
Bronze_and_silver_mirror_from_the_tomb_of_the_King_of_Nanyue_16090706.png,0.8702,auto,False,,,"An aged circular bronze mirror with greenish patina and raised swirling cloud-like patterns surrounding a square central knob, resting on a textured beige fabric surface.",Circular bronze mirror with a central knob and intricate relief carvings featuring stylized floral or cloud patterns. The metallic surface shows signs of oxidation with shades of green and grey.,D:\caption_project\vietnam_architecture\Bronze_and_silver_mirror_from_the_tomb_of_the_King_of_Nanyue_16090706.png,/Users/jenfnguyen/Documents/Dev/KIS-AAI-DM-Master/data/caption_project/vietnam_architecture/Bronze_and_silver_mirror_from_the_tomb_of_the_King_of_Nanyue_16090706.png
"Cafe_Phố_Xưa_ở_Đông_Hà_(cổng_vào),_Tết_năm_2018_(2)_114595721.png",0.8703,auto,False,,,"A grey brick archway gate with red tiled roofs features a sign reading ""Phố Xưa"" above the arch. Black lanterns hang on the pillars, and another red lantern is visible through the opening.","Brick gate with a curved red tile roof features an arched entrance and a hanging red lantern. A sign with the text Phố Xưa is mounted above the archway, surrounded by trees.","D:\caption_project\vietnam_architecture\Cafe_Phố_Xưa_ở_Đông_Hà_(cổng_vào),_Tết_năm_2018_(2)_114595721.png","/Users/jenfnguyen/Documents/Dev/KIS-AAI-DM-Master/data/caption_project/vietnam_architecture/Cafe_Phố_Xưa_ở_Đông_Hà_(cổng_vào),_Tết_năm_2018_(2)_114595721.png"
Bao_tang_Dak_Lak_5_11560875.png,0.8704,auto,False,,,"A colonial-style building with a tiled roof and covered porch is surrounded by tall palm trees, banana plants, and manicured hedges. A paved path leads toward the structure, flanked by stone walls and potted plants.","Colonial style building with a brown tiled roof and light-colored walls, featuring a veranda with wooden railings. The structure is surrounded by tall trees, large tropical plants, and a stone retaining wall.",D:\caption_project\vietnam_architecture\Bao_tang_Dak_Lak_5_11560875.png,/Users/jenfnguyen/Documents/Dev/KIS-AAI-DM-Master/data/caption_project/vietnam_architecture/Bao_tang_Dak_Lak_5_11560875.png
"Chùa_Giác_Lâm,_tháng_01_năm_2022_(tháp_xá_lợi)_(2)_114440043.png",0.8704,auto,False,pagoda/temple,pagoda/temple,"A seven-story yellow pagoda with curved tiled roofs and decorative eaves stands against a blue sky, surrounded by green trees. A golden statue is visible at the entrance beneath a sign reading 'BẢO THÁP XÁ LỢI'.","Multi-story yellow pagoda featuring tiered roofs with curved corners and balconies on each level. A golden statue stands at the entrance, which is framed by a sign with Vietnamese text.","D:\caption_project\vietnam_architecture\Chùa_Giác_Lâm,_tháng_01_năm_2022_(tháp_xá_lợi)_(2)_114440043.png","/Users/jenfnguyen/Documents/Dev/KIS-AAI-DM-Master/data/caption_project/vietnam_architecture/Chùa_Giác_Lâm,_tháng_01_năm_2022_(tháp_xá_lợi)_(2)_114440043.png"
"Chùa_Bảo_Quang,_Tân_Phú_(Cổng_mặt_cạnh),_tháng_5_năm_2021_(7)_105338426.png",0.871,auto,False,pagoda/temple,pagoda/temple,A brown wooden pagoda with a curved tiled roof and ornate eaves is partially obscured by green trees and bushes. A golden sign on the facade reads TRUONG LAM PHU.,"Pagoda exterior featuring a brown tiled roof with curved eaves, dark wooden gates, and gold-lettered signage. A small tree with light green leaves stands in the foreground against the building facade.","D:\caption_project\vietnam_architecture\Chùa_Bảo_Quang,_Tân_Phú_(Cổng_mặt_cạnh),_tháng_5_năm_2021_(7)_105338426.png","/Users/jenfnguyen/Documents/Dev/KIS-AAI-DM-Master/data/caption_project/vietnam_architecture/Chùa_Bảo_Quang,_Tân_Phú_(Cổng_mặt_cạnh),_tháng_5_năm_2021_(7)_105338426.png"
"Bảo_tháp_của_Chùa_Thiên_Mụ,_tháng_3_năm_2021_(1)_106177729.png",0.871,auto,False,pagoda/temple,pagoda/temple,"A tall, multi-tiered brick pagoda with arched windows and decorative eaves stands against a pale sky. Tall pine trees surround the structure on both sides, while smaller brick buildings with similar roofing are visible in the foreground.",Octagonal pagoda constructed from reddish-brown bricks features multiple tiers with arched openings and decorative roof eaves. The structure stands among tall pine trees under a clear sky.,"D:\caption_project\vietnam_architecture\Bảo_tháp_của_Chùa_Thiên_Mụ,_tháng_3_năm_2021_(1)_106177729.png","/Users/jenfnguyen/Documents/Dev/KIS-AAI-DM-Master/data/caption_project/vietnam_architecture/Bảo_tháp_của_Chùa_Thiên_Mụ,_tháng_3_năm_2021_(1)_106177729.png"
2013-07-18_My_An_Onsen_Resort_ミーアン温泉_DSCF1212_107169931.png,0.8711,auto,False,,,A curved swimming pool with blue tiles and a brick deck is shaded by two large thatched umbrellas. Lounge chairs are arranged nearby on the patio under trees.,A curved swimming pool with light blue tiles is surrounded by a brick border and thatched-roof umbrellas. The pool area is situated in a garden setting with trees and small stone lanterns.,D:\caption_project\vietnam_architecture\2013-07-18_My_An_Onsen_Resort_ミーアン温泉_DSCF1212_107169931.png,/Users/jenfnguyen/Documents/Dev/KIS-AAI-DM-Master/data/caption_project/vietnam_architecture/2013-07-18_My_An_Onsen_Resort_ミーアン温泉_DSCF1212_107169931.png
"Chùa_Diệu_Pháp_(trong_Chánh_điện,_Ban_thờ_Phật_tổ)_(1)_127033509.png",0.8724,auto,False,pagoda/temple,pagoda/temple,The interior of a wooden temple hall features an ornate carved ceiling and pillars. A large seated Buddha statue is positioned on a raised platform behind an altar.,"Interior of a temple featuring extensive polished wood paneling, carved wooden beams, and a raised platform. A central altar holds a dark wooden Buddha statue against a backdrop of vertical wooden planks.","D:\caption_project\vietnam_architecture\Chùa_Diệu_Pháp_(trong_Chánh_điện,_Ban_thờ_Phật_tổ)_(1)_127033509.png","/Users/jenfnguyen/Documents/Dev/KIS-AAI-DM-Master/data/caption_project/vietnam_architecture/Chùa_Diệu_Pháp_(trong_Chánh_điện,_Ban_thờ_Phật_tổ)_(1)_127033509.png"
"2025-02-08_Upper_Temple,_Lao_Cai_老街聖陳祠_10_160901607.png",0.8726,auto,False,,,A traditional gate with a curved tiled roof and brown wooden doors. A rectangular sign above the entrance displays four large golden Chinese characters.,Gate structure with a curved tiled roof and wooden double doors. The entrance features grey pillars with black Chinese characters and a horizontal wooden plaque with gold lettering above the doorway.,"D:\caption_project\vietnam_architecture\2025-02-08_Upper_Temple,_Lao_Cai_老街聖陳祠_10_160901607.png","/Users/jenfnguyen/Documents/Dev/KIS-AAI-DM-Master/data/caption_project/vietnam_architecture/2025-02-08_Upper_Temple,_Lao_Cai_老街聖陳祠_10_160901607.png"
Chùa_Huệ_Nghiêm_năm_2022_(bảo_tháp)_(3)_127296666.png,0.8735,auto,False,pagoda/temple,pagoda/temple,"A tall pagoda with a golden spire and ornate roof stands among dense green trees. In the foreground, a reddish-brown wooden railing frames the view of the courtyard below.","A multi-story pagoda with a dark grey facade and a tiered roof stands behind a courtyard. A red wooden railing is in the foreground, with trees and a white bus visible.",D:\caption_project\vietnam_architecture\Chùa_Huệ_Nghiêm_năm_2022_(bảo_tháp)_(3)_127296666.png,/Users/jenfnguyen/Documents/Dev/KIS-AAI-DM-Master/data/caption_project/vietnam_architecture/Chùa_Huệ_Nghiêm_năm_2022_(bảo_tháp)_(3)_127296666.png
Chum_nước_phong_thủy_ng22th9n2022_(cận_cảnh)_(7)_123261234.png,0.8736,auto,False,,,"A large, dark glazed ceramic jar with a wide body and narrow neck serves as a water fountain, spraying water from its top into a surrounding pond with green algae.","Large dark brown ceramic water jar functioning as a fountain in a pond. Water overflows from the rim of the textured vessel, which is surrounded by green plants and blue tiled edges.",D:\caption_project\vietnam_architecture\Chum_nước_phong_thủy_ng22th9n2022_(cận_cảnh)_(7)_123261234.png,/Users/jenfnguyen/Documents/Dev/KIS-AAI-DM-Master/data/caption_project/vietnam_architecture/Chum_nước_phong_thủy_ng22th9n2022_(cận_cảnh)_(7)_123261234.png
Bạch_dinh-ngà_voi_châu_Phi_24868169.png,0.8745,auto,False,,,An interior room with pink walls and red carpet featuring carved wooden chairs and a table. Large elephant tusks flank an ornate screen behind heavy red curtains.,"Interior room featuring pink walls, dark wooden furniture, and a central display with large tusks. A patterned rug covers the floor, and red curtains frame the open doorway leading to an outdoor area.",D:\caption_project\vietnam_architecture\Bạch_dinh-ngà_voi_châu_Phi_24868169.png,/Users/jenfnguyen/Documents/Dev/KIS-AAI-DM-Master/data/caption_project/vietnam_architecture/Bạch_dinh-ngà_voi_châu_Phi_24868169.png
2013-07-18_My_An_Onsen_Resort_ミーアン温泉_DSCF1271_107169952.png,0.8747,auto,False,house,house,"A man swims in a curved outdoor pool with gray tiled edges, next to a yellow house with dark doors and a red-tiled roof under a blue sky.","A person swims in a curved outdoor pool next to a one-story house with yellow walls, a tiled roof, and a blue translucent awning. The pool deck is paved with light-colored tiles.",D:\caption_project\vietnam_architecture\2013-07-18_My_An_Onsen_Resort_ミーアン温泉_DSCF1271_107169952.png,/Users/jenfnguyen/Documents/Dev/KIS-AAI-DM-Master/data/caption_project/vietnam_architecture/2013-07-18_My_An_Onsen_Resort_ミーアン温泉_DSCF1271_107169952.png
Capella_Hanoi_-_2022-09-02_01_122585559.png,0.8749,auto,False,,statue,"A multi-story colonial-style building with a distinctive stepped roofline and ornate white facade stands on a street corner. Tall green trees frame the structure, while cars are parked along the curb in front.","Colonial-style building featuring a white facade with dark accents, a prominent corner entrance with steps, and a statue on the roof. The structure is surrounded by dense trees on a street corner.",D:\caption_project\vietnam_architecture\Capella_Hanoi_-_2022-09-02_01_122585559.png,/Users/jenfnguyen/Documents/Dev/KIS-AAI-DM-Master/data/caption_project/vietnam_architecture/Capella_Hanoi_-_2022-09-02_01_122585559.png
Chùa_Huệ_Nghiêm_năm_2022_(kiến_trúc_Di_Lặc_phật_điện)_(9)_127288309.png,0.8754,auto,False,pagoda/temple,pagoda/temple,A multi-story wooden pagoda features a sweeping curved roof with red tiles and intricate eaves. A wide staircase leads to an upper balcony with decorative railings overlooking a stone courtyard.,"A two-story wooden pagoda building features a long overhanging tiled roof, a wide staircase leading to the upper level, and a balcony with geometric railings. Potted plants line the base of the structure.",D:\caption_project\vietnam_architecture\Chùa_Huệ_Nghiêm_năm_2022_(kiến_trúc_Di_Lặc_phật_điện)_(9)_127288309.png,/Users/jenfnguyen/Documents/Dev/KIS-AAI-DM-Master/data/caption_project/vietnam_architecture/Chùa_Huệ_Nghiêm_năm_2022_(kiến_trúc_Di_Lặc_phật_điện)_(9)_127288309.png
"Chùa_Huệ_Nghiêm_năm_2022,_trúc_viên_(khóm_trúc)_(1)_127262510.png",0.8754,auto,False,,,A dense grove of tall green bamboo stalks stands behind a rust-colored metal fence. The ground is covered with dry brown leaves and scattered tires.,A metal fence with vertical bars stands in front of a dense cluster of tall green bamboo stalks. The ground is covered with fallen dry leaves and some scattered ceramic pots.,"D:\caption_project\vietnam_architecture\Chùa_Huệ_Nghiêm_năm_2022,_trúc_viên_(khóm_trúc)_(1)_127262510.png","/Users/jenfnguyen/Documents/Dev/KIS-AAI-DM-Master/data/caption_project/vietnam_architecture/Chùa_Huệ_Nghiêm_năm_2022,_trúc_viên_(khóm_trúc)_(1)_127262510.png"
"Chùa_Huệ_Nghiêm_năm_2022_(khu_nội_viện,_cổng_tam_quan)_(12)_127034201.png",0.8756,auto,False,pagoda/temple,pagoda/temple,"A wooden pagoda gate with a curved red-tiled roof and upturned eaves. The structure features dark wood panels, intricate latticed doors, and prominent golden calligraphy above the entrance.","Wooden gate of a pagoda featuring a curved tiled roof with upturned corners. A golden statue is placed in a central alcove above the double doors, which are adorned with vertical wooden slats.","D:\caption_project\vietnam_architecture\Chùa_Huệ_Nghiêm_năm_2022_(khu_nội_viện,_cổng_tam_quan)_(12)_127034201.png","/Users/jenfnguyen/Documents/Dev/KIS-AAI-DM-Master/data/caption_project/vietnam_architecture/Chùa_Huệ_Nghiêm_năm_2022_(khu_nội_viện,_cổng_tam_quan)_(12)_127034201.png"
Anh_nang_o_nghia_trang_158683655.png,0.8757,auto,False,,,"A paved courtyard contains several tall red flags on poles and large planter boxes with trees and shrubs. In the background, a gate entrance is visible in front of multi-story buildings.","Concrete courtyard featuring circular planters with coniferous trees and red flags, leading to a gated entrance with a tiled roof. Multi-story residential buildings are visible in the background under a bright sky.",D:\caption_project\vietnam_architecture\Anh_nang_o_nghia_trang_158683655.png,/Users/jenfnguyen/Documents/Dev/KIS-AAI-DM-Master/data/caption_project/vietnam_architecture/Anh_nang_o_nghia_trang_158683655.png
"Chùa_Huệ_Nghiêm_năm_2022,_trúc_viên_(Quan_Âm_các,_mái_tranh)_(2)_127261658.png",0.8759,auto,False,statue,statue,"A stone statue of a robed figure stands under a bamboo shelter with a thatched roof. Offerings of flowers and drinks are arranged on wooden tables in front of the statue, surrounded by tall bamboo plants.",A stone statue of a deity stands under a circular bamboo pavilion with a thatched roof. The structure is set on a stone-faced platform surrounded by bamboo stalks and yellow flower arrangements.,"D:\caption_project\vietnam_architecture\Chùa_Huệ_Nghiêm_năm_2022,_trúc_viên_(Quan_Âm_các,_mái_tranh)_(2)_127261658.png","/Users/jenfnguyen/Documents/Dev/KIS-AAI-DM-Master/data/caption_project/vietnam_architecture/Chùa_Huệ_Nghiêm_năm_2022,_trúc_viên_(Quan_Âm_các,_mái_tranh)_(2)_127261658.png"
Binh_Tay_market_8_134444560.png,0.8763,auto,False,,,"A multi-level indoor market with wooden staircases connecting floors lined with stalls selling goods. The upper level features decorative latticed windows and railings, while the ground floor is filled with merchandise and shoppers.","Interior of a multi-level market building featuring a central concrete staircase connecting the floors. The structure includes open walkways, metal railings, and numerous small stalls with signs displaying business names and contact information.",D:\caption_project\vietnam_architecture\Binh_Tay_market_8_134444560.png,/Users/jenfnguyen/Documents/Dev/KIS-AAI-DM-Master/data/caption_project/vietnam_architecture/Binh_Tay_market_8_134444560.png
20250222_Site_of_Nanyue_Kingdom_Palace_03_160970281.png,0.8764,auto,False,,,An archaeological excavation site featuring a curved stone wall constructed from light-colored rectangular blocks and rough stones. The ground is paved with irregular flagstones surrounded by dirt and rubble.,Archaeological excavation site showing stone foundations and a paved floor made of irregular grey stone slabs. The structure features stacked stone walls and scattered loose rocks within an earthen pit.,D:\caption_project\vietnam_architecture\20250222_Site_of_Nanyue_Kingdom_Palace_03_160970281.png,/Users/jenfnguyen/Documents/Dev/KIS-AAI-DM-Master/data/caption_project/vietnam_architecture/20250222_Site_of_Nanyue_Kingdom_Palace_03_160970281.png
"Chùa_Giác_Sanh_năm_2022_(phòng_tiếp_khách,_bộ_bàn_ghế_gỗ)_(4)_126742833.png",0.8766,auto,False,,,Interior room with wooden furniture including a sofa and chairs. A vase with dried wheat stalks and red ribbons sits on a small table in front of the sofa.,Interior living space featuring a wooden coffee table and matching sofa set with patterned cushions. A decorative vase filled with golden wheat stalks and red paper accents sits on a small side table.,"D:\caption_project\vietnam_architecture\Chùa_Giác_Sanh_năm_2022_(phòng_tiếp_khách,_bộ_bàn_ghế_gỗ)_(4)_126742833.png","/Users/jenfnguyen/Documents/Dev/KIS-AAI-DM-Master/data/caption_project/vietnam_architecture/Chùa_Giác_Sanh_năm_2022_(phòng_tiếp_khách,_bộ_bàn_ghế_gỗ)_(4)_126742833.png"
Chùa_Diệu_Pháp_(mái_trần_trong_Chánh_điện)_(4)_127033124.png,0.8772,auto,False,pagoda/temple,statue,"Interior of a wooden temple featuring an ornate coffered ceiling with reddish-brown and gold tones, decorative panels, and a central lotus motif above a seated Buddha statue.","Interior of a wooden structure featuring a coffered ceiling with intricate carvings and a central lotus-shaped medallion. Dark wooden pillars support the ceiling, and a Buddha statue sits on an altar below.",D:\caption_project\vietnam_architecture\Chùa_Diệu_Pháp_(mái_trần_trong_Chánh_điện)_(4)_127033124.png,/Users/jenfnguyen/Documents/Dev/KIS-AAI-DM-Master/data/caption_project/vietnam_architecture/Chùa_Diệu_Pháp_(mái_trần_trong_Chánh_điện)_(4)_127033124.png
"Chùa_Bảo_Thắng_ở_Thủ_Đức,_tháng_12_năm_2021_(Chánh_điện)_(12)_113284907.png",0.8776,auto,False,pagoda/temple,pagoda/temple,"A golden pagoda facade features intricate carved woodwork and a sculpted dragon on the curved roof ridge, surrounded by green foliage.","Pagoda exterior featuring a curved tiled roof with golden dragon sculptures on the eaves. The yellow walls are decorated with intricate wooden carvings and grey stone pillars, surrounded by green foliage.","D:\caption_project\vietnam_architecture\Chùa_Bảo_Thắng_ở_Thủ_Đức,_tháng_12_năm_2021_(Chánh_điện)_(12)_113284907.png","/Users/jenfnguyen/Documents/Dev/KIS-AAI-DM-Master/data/caption_project/vietnam_architecture/Chùa_Bảo_Thắng_ở_Thủ_Đức,_tháng_12_năm_2021_(Chánh_điện)_(12)_113284907.png"
"Ancient_Tomb_Complex_in_Phước_Vĩnh_Đông_Commune,_Cần_Giuộc,_Việt_Nam_(17)_198204667.png",0.8777,auto,False,tomb,tomb,"A cluster of weathered stone tombs with curved and rectangular tops sits overgrown in bright green vegetation, surrounded by dense tropical foliage including palm trees.",Stone tomb structures featuring square pillars with lotus-shaped finials and rectangular enclosures are surrounded by dense green vegetation and palm trees in an outdoor setting.,"D:\caption_project\vietnam_architecture\Ancient_Tomb_Complex_in_Phước_Vĩnh_Đông_Commune,_Cần_Giuộc,_Việt_Nam_(17)_198204667.png","/Users/jenfnguyen/Documents/Dev/KIS-AAI-DM-Master/data/caption_project/vietnam_architecture/Ancient_Tomb_Complex_in_Phước_Vĩnh_Đông_Commune,_Cần_Giuộc,_Việt_Nam_(17)_198204667.png"
Chùa_Giác_Sanh_năm_2022_(Ban_thờ_trong_chánh_điện)_(13)_126983179.png,0.8777,auto,False,pagoda/temple,pagoda/temple,"Interior of a Buddhist temple featuring a central golden Buddha statue seated on an ornate throne, surrounded by smaller figures, offerings, and pink flowers under a carved wooden arch with a sign.","Interior of a temple featuring a central golden Buddha statue sitting before a painted mural of a tree. The altar is decorated with gold-painted wooden carvings, red pillars, and offerings of green pomelos.",D:\caption_project\vietnam_architecture\Chùa_Giác_Sanh_năm_2022_(Ban_thờ_trong_chánh_điện)_(13)_126983179.png,/Users/jenfnguyen/Documents/Dev/KIS-AAI-DM-Master/data/caption_project/vietnam_architecture/Chùa_Giác_Sanh_năm_2022_(Ban_thờ_trong_chánh_điện)_(13)_126983179.png
2013-07-18_My_An_Onsen_Resort_ミーアン温泉_DSCF1141_107169890.png,0.8778,auto,False,,,A swimming pool area with a curved turquoise canopy and tiled deck. Lounge chairs line the side of a building with brown pillars and a terracotta roof.,"Swimming pool area surrounded by yellow buildings with brown tiled roofs. A translucent blue arched canopy covers part of the pool, while lounge chairs are placed on the tiled patio.",D:\caption_project\vietnam_architecture\2013-07-18_My_An_Onsen_Resort_ミーアン温泉_DSCF1141_107169890.png,/Users/jenfnguyen/Documents/Dev/KIS-AAI-DM-Master/data/caption_project/vietnam_architecture/2013-07-18_My_An_Onsen_Resort_ミーアン温泉_DSCF1141_107169890.png
"Bach_Ngoc,_Tran_Le_Xuan_Villa_02_17317512.png",0.8781,auto,False,,,A colonial-style building with a red-tiled roof sits above a rectangular swimming pool. A white modern structure with columns stands next to a stone retaining wall and tropical plants.,A swimming pool with light blue water sits in front of a colonial-style building with a red tiled roof and a stone foundation. A modern white structure with a slanted roof stands nearby.,"D:\caption_project\vietnam_architecture\Bach_Ngoc,_Tran_Le_Xuan_Villa_02_17317512.png","/Users/jenfnguyen/Documents/Dev/KIS-AAI-DM-Master/data/caption_project/vietnam_architecture/Bach_Ngoc,_Tran_Le_Xuan_Villa_02_17317512.png"
Bể_bơi_Hòn_Dấu_39630165.png,0.8782,auto,False,,,People swimming and playing in a large outdoor wave pool with blue water. Palm trees line the far edge of the pool area.,People swim and play in a large artificial wave pool at a water park. The pool features blue water and palm trees along the distant shore under a bright sky.,D:\caption_project\vietnam_architecture\Bể_bơi_Hòn_Dấu_39630165.png,/Users/jenfnguyen/Documents/Dev/KIS-AAI-DM-Master/data/caption_project/vietnam_architecture/Bể_bơi_Hòn_Dấu_39630165.png
Buôn_Ma_Thuột_-_buildings_at_Exile_House_former_prison_Apr_2024_02_148107068.png,0.8782,auto,False,,,"A paved walkway leads toward a yellow colonial-style building with a brown tiled roof and light blue arched doors, flanked by rows of conical green bushes under a blue sky.","Colonial-style buildings with yellow walls and dark tiled roofs feature arched blue doors. A paved walkway leads towards the structures, flanked by rows of neatly trimmed cone-shaped evergreen bushes.",D:\caption_project\vietnam_architecture\Buôn_Ma_Thuột_-_buildings_at_Exile_House_former_prison_Apr_2024_02_148107068.png,/Users/jenfnguyen/Documents/Dev/KIS-AAI-DM-Master/data/caption_project/vietnam_architecture/Buôn_Ma_Thuột_-_buildings_at_Exile_House_former_prison_Apr_2024_02_148107068.png
"An_Dinh_Palace,_Hue_(48836409218)_113257226.png",0.8783,auto,False,,,"A yellow colonial-style building with ornate white stucco details, arched windows, and a decorative balustrade. The structure features intricate carvings and is surrounded by greenery under a clear blue sky.",Colonial building with yellow walls and white decorative relief carvings features a prominent portico supported by columns. The structure includes arched windows with dark shutters and a multi-level facade design.,"D:\caption_project\vietnam_architecture\An_Dinh_Palace,_Hue_(48836409218)_113257226.png","/Users/jenfnguyen/Documents/Dev/KIS-AAI-DM-Master/data/caption_project/vietnam_architecture/An_Dinh_Palace,_Hue_(48836409218)_113257226.png"
Chùa_Giác_Sanh_năm_2022_(kiến_trúc_chánh_điện_trên_lầu)_(1)_126992270.png,0.8786,auto,False,pagoda/temple,pagoda/temple,The entrance of a Vietnamese pagoda features a yellow wall with golden dragon carvings and hanging red lanterns. A large wooden pillar supports the tiled roof.,"Pagoda entrance featuring a yellow wall adorned with gold-painted dragon carvings and red vertical plaques. Red lanterns hang from the wooden structure, and a wind chime is suspended near a dark brown pillar.",D:\caption_project\vietnam_architecture\Chùa_Giác_Sanh_năm_2022_(kiến_trúc_chánh_điện_trên_lầu)_(1)_126992270.png,/Users/jenfnguyen/Documents/Dev/KIS-AAI-DM-Master/data/caption_project/vietnam_architecture/Chùa_Giác_Sanh_năm_2022_(kiến_trúc_chánh_điện_trên_lầu)_(1)_126992270.png
4.4_Hue-46_(35792133084)_64886266.png,0.8786,auto,False,tomb,tomb,"A large stone gate with a tiled roof and ornate pillars stands before a wide staircase leading to an imposing tomb structure, surrounded by green trees under a blue sky.",A stone tomb complex features a wide staircase leading up to a tall gate with intricate carvings. The dark grey structure is flanked by two tall pillars and surrounded by green trees.,D:\caption_project\vietnam_architecture\4.4_Hue-46_(35792133084)_64886266.png,/Users/jenfnguyen/Documents/Dev/KIS-AAI-DM-Master/data/caption_project/vietnam_architecture/4.4_Hue-46_(35792133084)_64886266.png
"A_rotating_ball_at_at_Truc_Lam_Monastery,_Da_Lat,_Vietnam_30416465.png",0.8788,auto,False,,,"A large stone sphere rests on a rectangular pedestal inside a circular water basin, with water cascading down its sides. The base bears an engraved inscription.","A large spherical stone fountain sits in a circular basin, with water cascading over its surface. An inscription is engraved on the square granite base supporting the sphere, surrounded by paved ground.","D:\caption_project\vietnam_architecture\A_rotating_ball_at_at_Truc_Lam_Monastery,_Da_Lat,_Vietnam_30416465.png","/Users/jenfnguyen/Documents/Dev/KIS-AAI-DM-Master/data/caption_project/vietnam_architecture/A_rotating_ball_at_at_Truc_Lam_Monastery,_Da_Lat,_Vietnam_30416465.png"
"Bức_tường_nghĩa_địa_dài_như_dải_Gaza_ở_BHHA_xa_diệu_vợi,_ng18th12n2022_(10)_127455760.png",0.8789,auto,False,,drawing/map,A concrete wall covered in black and white graffiti tags on the left side and blue and red graffiti art on the right side stands along a paved road with trees behind it.,A long concrete wall covered in colorful graffiti tags and illustrations runs alongside a paved road. Green trees are visible behind the wall under a bright blue sky with scattered clouds.,"D:\caption_project\vietnam_architecture\Bức_tường_nghĩa_địa_dài_như_dải_Gaza_ở_BHHA_xa_diệu_vợi,_ng18th12n2022_(10)_127455760.png","/Users/jenfnguyen/Documents/Dev/KIS-AAI-DM-Master/data/caption_project/vietnam_architecture/Bức_tường_nghĩa_địa_dài_như_dải_Gaza_ở_BHHA_xa_diệu_vợi,_ng18th12n2022_(10)_127455760.png"
"Chùa_Diệu_Pháp_(mái_trần_Chánh_điện,_họa_tiết)_(7)_127033116.png",0.8791,auto,False,,,"An ornate wooden ceiling with a central octagonal medallion featuring carved lotus petal patterns radiating from a circular center, surrounded by geometric wood paneling and decorative molding.",Interior wooden ceiling featuring a large octagonal panel with a carved lotus flower motif in the center. The surrounding ceiling is composed of diagonal wood planks in varying shades of brown.,"D:\caption_project\vietnam_architecture\Chùa_Diệu_Pháp_(mái_trần_Chánh_điện,_họa_tiết)_(7)_127033116.png","/Users/jenfnguyen/Documents/Dev/KIS-AAI-DM-Master/data/caption_project/vietnam_architecture/Chùa_Diệu_Pháp_(mái_trần_Chánh_điện,_họa_tiết)_(7)_127033116.png"
"Chùa_Bảo_Đàm_năm_2022_(Điện_Quan_Âm,_toàn_cảnh)_(4)_115903672.png",0.8792,auto,False,statue,statue,"A white statue of a robed figure stands on a stone pedestal surrounded by yellow flowers and red offerings. A circular stone platform sits on grassy ground nearby, with potted plants and a tall engraved stone marker in the background.","White statue of a deity standing on a pedestal in a garden, positioned behind a round stone altar with yellow flowers and offerings, surrounded by green plants and stepping stones.","D:\caption_project\vietnam_architecture\Chùa_Bảo_Đàm_năm_2022_(Điện_Quan_Âm,_toàn_cảnh)_(4)_115903672.png","/Users/jenfnguyen/Documents/Dev/KIS-AAI-DM-Master/data/caption_project/vietnam_architecture/Chùa_Bảo_Đàm_năm_2022_(Điện_Quan_Âm,_toàn_cảnh)_(4)_115903672.png"
"Chùa_Huệ_Nghiêm_năm_2022,_trúc_viên_(rừng_trúc)_(7)_127262735.png",0.8796,auto,False,,,"Tall green bamboo stalks with dense leaves fill the frame, viewed from below against a bright sky. A thatched roof corner is visible at the bottom right.","Dense bamboo stalks fill the frame, partially obscuring a small structure with a thatched roof made of dried straw located in the lower right corner of the image.","D:\caption_project\vietnam_architecture\Chùa_Huệ_Nghiêm_năm_2022,_trúc_viên_(rừng_trúc)_(7)_127262735.png","/Users/jenfnguyen/Documents/Dev/KIS-AAI-DM-Master/data/caption_project/vietnam_architecture/Chùa_Huệ_Nghiêm_năm_2022,_trúc_viên_(rừng_trúc)_(7)_127262735.png"
Chùa_Huệ_Nghiêm_năm_2022_(bảo_tháp)_(1)_127296667.png,0.8802,auto,False,pagoda/temple,pagoda/temple,"A tall pagoda tower with grey concrete walls, white decorative panels, and a golden emblem near the top. The structure is surrounded by green trees and shrubs on a paved courtyard.","Tall multi-story pagoda tower constructed from grey concrete with white decorative panels on each level. The structure features a small entrance with a gabled roof, surrounded by green trees and potted plants.",D:\caption_project\vietnam_architecture\Chùa_Huệ_Nghiêm_năm_2022_(bảo_tháp)_(1)_127296667.png,/Users/jenfnguyen/Documents/Dev/KIS-AAI-DM-Master/data/caption_project/vietnam_architecture/Chùa_Huệ_Nghiêm_năm_2022_(bảo_tháp)_(1)_127296667.png
1_copy_resize_7636391.png,0.8803,auto,False,drawing/map,drawing/map,"A black and white ink drawing of a colonial-style building with arched windows and a clock tower, fronted by an entrance gate labeled CON GA, under the large title ORANGE.","Black and white ink drawing depicting a colonial building with a gabled roof, arched windows, and a central clock on the facade. A low gate and fence are visible in the foreground.",D:\caption_project\vietnam_architecture\1_copy_resize_7636391.png,/Users/jenfnguyen/Documents/Dev/KIS-AAI-DM-Master/data/caption_project/vietnam_architecture/1_copy_resize_7636391.png
Chùa_Diệu_Pháp_(mái_trần_Chánh_điện)_(19)_127033104.png,0.8804,auto,False,,,"Interior wooden ceiling and wall panels featuring intricate carved reliefs of trees and figures, with a marble-patterned wall and a potted plant visible below.",Interior wooden ceiling panels featuring detailed floral carvings in a light brown wood. The panels are set against a white marble wall with a small potted plant placed on a pedestal.,D:\caption_project\vietnam_architecture\Chùa_Diệu_Pháp_(mái_trần_Chánh_điện)_(19)_127033104.png,/Users/jenfnguyen/Documents/Dev/KIS-AAI-DM-Master/data/caption_project/vietnam_architecture/Chùa_Diệu_Pháp_(mái_trần_Chánh_điện)_(19)_127033104.png
"Ancient_Tomb_Complex_in_Phước_Vĩnh_Đông_Commune,_Cần_Giuộc,_Việt_Nam_(36)_198204713.png",0.8805,auto,False,tomb,tomb,A stone tomb with a tiled roof stands amidst dense green foliage and palm fronds. Stone pillars and carved elements are visible in the foreground.,"Stone tomb structure featuring a small roof with crenelated details, surrounded by green vegetation and palm leaves. Several smaller stone pillars with lotus-shaped finials are positioned in the foreground and background.","D:\caption_project\vietnam_architecture\Ancient_Tomb_Complex_in_Phước_Vĩnh_Đông_Commune,_Cần_Giuộc,_Việt_Nam_(36)_198204713.png","/Users/jenfnguyen/Documents/Dev/KIS-AAI-DM-Master/data/caption_project/vietnam_architecture/Ancient_Tomb_Complex_in_Phước_Vĩnh_Đông_Commune,_Cần_Giuộc,_Việt_Nam_(36)_198204713.png"
"0040423_Thap_Phu_Loc,_Cham_Hindu_temple,_Nhon_Thanh_Vietnam_019_132544930.png",0.8809,auto,False,,,"A weathered brick tower with an arched entrance stands atop a set of stone steps, surrounded by dense green foliage under a clear blue sky.",Weathered brick tower with a pointed arch entrance stands at the top of a stone staircase. The structure features vertical pilasters and is surrounded by dense green vegetation under a clear blue sky.,"D:\caption_project\vietnam_architecture\0040423_Thap_Phu_Loc,_Cham_Hindu_temple,_Nhon_Thanh_Vietnam_019_132544930.png","/Users/jenfnguyen/Documents/Dev/KIS-AAI-DM-Master/data/caption_project/vietnam_architecture/0040423_Thap_Phu_Loc,_Cham_Hindu_temple,_Nhon_Thanh_Vietnam_019_132544930.png"
"Chùa_Giác_Hải_ở_Bình_Tân,_tháng_12_năm_2021_(sân)_(3)_113533401.png",0.8813,auto,False,statue,statue,A large golden Buddha statue sits on a raised platform in an outdoor courtyard with a cracked concrete floor and potted plants.,"A large golden Buddha statue sits on a lotus-shaped pedestal in a courtyard, accompanied by a large golden incense burner and several potted plants on a concrete ground.","D:\caption_project\vietnam_architecture\Chùa_Giác_Hải_ở_Bình_Tân,_tháng_12_năm_2021_(sân)_(3)_113533401.png","/Users/jenfnguyen/Documents/Dev/KIS-AAI-DM-Master/data/caption_project/vietnam_architecture/Chùa_Giác_Hải_ở_Bình_Tân,_tháng_12_năm_2021_(sân)_(3)_113533401.png"
"0040423_Thap_Canh_Tien_Cham_Hindu_temple,_Binh_Dinh_Vietnam_029_132519277.png",0.8815,auto,False,,pagoda/temple,"Weathered brick tower of Cham architectural style stands against a clear blue sky. The structure features multiple tiers, arched doorways, and ornate decorative elements on its facade.",Cham tower constructed from weathered orange bricks featuring tiered roof sections with pointed finials and decorative stone carvings. The structure stands against a clear blue sky with small plants growing on its upper surfaces.,"D:\caption_project\vietnam_architecture\0040423_Thap_Canh_Tien_Cham_Hindu_temple,_Binh_Dinh_Vietnam_029_132519277.png","/Users/jenfnguyen/Documents/Dev/KIS-AAI-DM-Master/data/caption_project/vietnam_architecture/0040423_Thap_Canh_Tien_Cham_Hindu_temple,_Binh_Dinh_Vietnam_029_132519277.png"
Caidonghomoneo_52831867.png,0.8817,auto,False,,,"A wall clock shaped like a ship's anchor and steering wheel, made of dark red wood with a white face showing black numbers and hands, hanging on wallpaper with green bamboo patterns.",A wall clock shaped like a ship's steering wheel and anchor is mounted on a wall covered with green bamboo-patterned wallpaper. The clock has a dark brown frame and a white face.,D:\caption_project\vietnam_architecture\Caidonghomoneo_52831867.png,/Users/jenfnguyen/Documents/Dev/KIS-AAI-DM-Master/data/caption_project/vietnam_architecture/Caidonghomoneo_52831867.png
"0040423_Thap_Canh_Tien_Cham_Hindu_temple,_Binh_Dinh_Vietnam_086_132519287.png",0.8817,auto,False,pagoda/temple,pagoda/temple,"A close-up of a temple roof corner against a blue sky, featuring layered red bricks and ornate stone carvings along the eaves.",Detail of a brick temple corner featuring weathered red bricks and stone decorative elements. The structure displays layered masonry and carved stone protrusions against a clear blue sky.,"D:\caption_project\vietnam_architecture\0040423_Thap_Canh_Tien_Cham_Hindu_temple,_Binh_Dinh_Vietnam_086_132519287.png","/Users/jenfnguyen/Documents/Dev/KIS-AAI-DM-Master/data/caption_project/vietnam_architecture/0040423_Thap_Canh_Tien_Cham_Hindu_temple,_Binh_Dinh_Vietnam_086_132519287.png"
"Angular_Decorative_Object,_Duong_Long,_13th_century,_Binh_Dinh_-_Museum_of_Cham_Sculpture_-_Danang,_Vietnam_-_DSC01479_34471979.png",0.8818,auto,False,statue,,"A weathered stone bas-relief sculpture of a standing figure with hands clasped in prayer, set against a white interior wall.","Stone relief of a figure with hands pressed together in a prayer gesture, framed by an ornate leaf-like border, mounted in the corner of a plain white interior wall.","D:\caption_project\vietnam_architecture\Angular_Decorative_Object,_Duong_Long,_13th_century,_Binh_Dinh_-_Museum_of_Cham_Sculpture_-_Danang,_Vietnam_-_DSC01479_34471979.png","/Users/jenfnguyen/Documents/Dev/KIS-AAI-DM-Master/data/caption_project/vietnam_architecture/Angular_Decorative_Object,_Duong_Long,_13th_century,_Binh_Dinh_-_Museum_of_Cham_Sculpture_-_Danang,_Vietnam_-_DSC01479_34471979.png"
Capella_Hanoi_Vietnam_190301827.png,0.8823,auto,False,statue,statue,"The white Art Deco facade of a colonial building features geometric vertical lines and balconies with dark railings, topped by a golden statue against a clear blue sky.",Colonial building featuring white Art Deco facade with vertical geometric lines and a golden statue of a winged figure on the roof. The structure includes balconies and is partially obscured by trees.,D:\caption_project\vietnam_architecture\Capella_Hanoi_Vietnam_190301827.png,/Users/jenfnguyen/Documents/Dev/KIS-AAI-DM-Master/data/caption_project/vietnam_architecture/Capella_Hanoi_Vietnam_190301827.png
Chùa_Diệu_Pháp_(lư_hương_khảm_sành_sứ)_(1)_127216874.png,0.8826,auto,False,,,"A large mosaic incense burner stands on a terracotta tiled floor inside a building. It features blue and white ceramic fragments, two curved handles, and three legs supporting a central burning incense stick.","Incense burner decorated with blue and white ceramic shards stands on three legs. The vessel features two tall, curved handles and a circular body placed on an orange tiled floor.",D:\caption_project\vietnam_architecture\Chùa_Diệu_Pháp_(lư_hương_khảm_sành_sứ)_(1)_127216874.png,/Users/jenfnguyen/Documents/Dev/KIS-AAI-DM-Master/data/caption_project/vietnam_architecture/Chùa_Diệu_Pháp_(lư_hương_khảm_sành_sứ)_(1)_127216874.png
An_lap_1_4331940.png,0.8829,auto,False,church,church,"A large Gothic-style church with two tall towers and a central facade featuring arched windows, religious statues, and yellow accents against grey stone, viewed from the front.","Gothic-style church with two tall towers, yellow and grey facade, and arched doorways. A stone monument with a statue stands in the foreground on a paved plaza under an overcast sky.",D:\caption_project\vietnam_architecture\An_lap_1_4331940.png,/Users/jenfnguyen/Documents/Dev/KIS-AAI-DM-Master/data/caption_project/vietnam_architecture/An_lap_1_4331940.png
Bangantower_23324703.png,0.8831,auto,False,,,A weathered brick tower with a conical roof covered in moss and vegetation stands on a grassy field under an overcast sky.,"Brick tower structure with a tall, pointed roof and arched doorways, showing signs of weathering and vegetation growth on the exterior. It stands in an open grassy field under a cloudy sky.",D:\caption_project\vietnam_architecture\Bangantower_23324703.png,/Users/jenfnguyen/Documents/Dev/KIS-AAI-DM-Master/data/caption_project/vietnam_architecture/Bangantower_23324703.png
"Bảo_tàng_Mỹ_thuật_Tp_(Kiến_trúc_tòa_nhà_vàng,_cận_cảnh,_hồ_nước_nhỏ)_(1)_124506715.png",0.884,auto,False,,,"A yellow colonial-style building facade with blue columns and a balcony, featuring an ornate arched window above a fountain surrounded by greenery.","Colonial building exterior featuring a yellow facade, a small fountain with green plants, and a balcony with blue ceramic balusters. The entrance has an arched doorway with decorative ironwork above.","D:\caption_project\vietnam_architecture\Bảo_tàng_Mỹ_thuật_Tp_(Kiến_trúc_tòa_nhà_vàng,_cận_cảnh,_hồ_nước_nhỏ)_(1)_124506715.png","/Users/jenfnguyen/Documents/Dev/KIS-AAI-DM-Master/data/caption_project/vietnam_architecture/Bảo_tàng_Mỹ_thuật_Tp_(Kiến_trúc_tòa_nhà_vàng,_cận_cảnh,_hồ_nước_nhỏ)_(1)_124506715.png"
Chùa_Giác_Sanh_năm_2022_(Ban_thờ_trong_chánh_điện)_(7)_126962069.png,0.8841,auto,False,statue,pagoda/temple,"A golden Buddha statue sits on a lotus throne inside a temple altar, framed by ornate red and gold carved woodwork with dragons and columns featuring Vietnamese text. The altar is adorned with flowers, fruit offerings, and small statues.","Interior of a temple featuring a golden Buddha statue seated on a lotus throne, framed by elaborate gold-painted wooden carvings of dragons and two red pillars with Chinese characters.",D:\caption_project\vietnam_architecture\Chùa_Giác_Sanh_năm_2022_(Ban_thờ_trong_chánh_điện)_(7)_126962069.png,/Users/jenfnguyen/Documents/Dev/KIS-AAI-DM-Master/data/caption_project/vietnam_architecture/Chùa_Giác_Sanh_năm_2022_(Ban_thờ_trong_chánh_điện)_(7)_126962069.png
"Chùa_Huệ_Nghiêm_năm_2022_(kiến_trúc_nội_điện,_hành_lang_lầu)_(6)_127288081.png",0.8843,auto,False,,,"An interior corridor with polished red flooring and wooden railings leads to an upper level. Traditional architectural details include carved wood beams, pillars, and a tiled roof visible in the background.","Covered wooden corridor of a building featuring red painted pillars, carved railings, and a tiled roof. The floor is polished and reflective, with decorative stone bases visible at the bottom of the columns.","D:\caption_project\vietnam_architecture\Chùa_Huệ_Nghiêm_năm_2022_(kiến_trúc_nội_điện,_hành_lang_lầu)_(6)_127288081.png","/Users/jenfnguyen/Documents/Dev/KIS-AAI-DM-Master/data/caption_project/vietnam_architecture/Chùa_Huệ_Nghiêm_năm_2022_(kiến_trúc_nội_điện,_hành_lang_lầu)_(6)_127288081.png"
"0040323_Thap_Banh_It_complex,_Nhon_Hoa,_Binh_Dinh_Vietnam_185_132478874.png",0.8847,auto,False,pagoda/temple,pagoda/temple,"A weathered brick temple ruin with an arched doorway and carved panels, framing a view of distant hills through its opening.","Brick temple structure featuring a large arched entrance and weathered walls with intricate carved panels. The ruined exterior shows signs of erosion and exposed masonry, framing a view of distant hills.","D:\caption_project\vietnam_architecture\0040323_Thap_Banh_It_complex,_Nhon_Hoa,_Binh_Dinh_Vietnam_185_132478874.png","/Users/jenfnguyen/Documents/Dev/KIS-AAI-DM-Master/data/caption_project/vietnam_architecture/0040323_Thap_Banh_It_complex,_Nhon_Hoa,_Binh_Dinh_Vietnam_185_132478874.png"
"Chùa_Huệ_Nghiêm_năm_2022,_trúc_viên,_chậu_hương_khảm_sành_sứ)_(1)_124242904.png",0.8848,auto,False,statue,statue,"A stone statue of a deity stands under a thatched roof shelter within a bamboo grove. An altar with flowers and incense sits before it, while a large mosaic urn filled with burning sticks is in the foreground.","A stone statue of a deity stands on a wooden platform under a circular thatched roof, surrounded by bamboo. In the foreground, a large blue and white ceramic incense burner sits on a stone base.","D:\caption_project\vietnam_architecture\Chùa_Huệ_Nghiêm_năm_2022,_trúc_viên,_chậu_hương_khảm_sành_sứ)_(1)_124242904.png","/Users/jenfnguyen/Documents/Dev/KIS-AAI-DM-Master/data/caption_project/vietnam_architecture/Chùa_Huệ_Nghiêm_năm_2022,_trúc_viên,_chậu_hương_khảm_sành_sứ)_(1)_124242904.png"
"Chùa_Giác_Lâm_(bảo_tháp),_tháng_4_năm_2021_(1)_106026758.png",0.885,auto,False,pagoda/temple,pagoda/temple,A multi-tiered pagoda with curved roofs and balconies is illuminated at night. A large statue stands under an arched entrance below a sign reading BAO THAP XA LOI.,"Multi-story pagoda tower illuminated at night featuring a series of stacked balconies with railings. A statue stands at the entrance, which is marked by a wooden sign with yellow lettering.","D:\caption_project\vietnam_architecture\Chùa_Giác_Lâm_(bảo_tháp),_tháng_4_năm_2021_(1)_106026758.png","/Users/jenfnguyen/Documents/Dev/KIS-AAI-DM-Master/data/caption_project/vietnam_architecture/Chùa_Giác_Lâm_(bảo_tháp),_tháng_4_năm_2021_(1)_106026758.png"
"Chùa_Diệu_Pháp_(trong_Chánh_điện,_Ban_thờ_Phật_tổ)_(3)_127033511.png",0.885,auto,False,statue,statue,"A large bronze Buddha statue sits on an altar inside a wooden hall. The ceiling features ornate carved woodwork with geometric patterns and a central circular design. Offerings of flowers, fruit, and incense are placed before the statue.",Wooden Buddha statue sits on an altar inside a room with polished wooden walls and a ceiling featuring a large circular lotus-shaped carving. The space is illuminated by several small hanging light fixtures.,"D:\caption_project\vietnam_architecture\Chùa_Diệu_Pháp_(trong_Chánh_điện,_Ban_thờ_Phật_tổ)_(3)_127033511.png","/Users/jenfnguyen/Documents/Dev/KIS-AAI-DM-Master/data/caption_project/vietnam_architecture/Chùa_Diệu_Pháp_(trong_Chánh_điện,_Ban_thờ_Phật_tổ)_(3)_127033511.png"
2023-12-10_Stupa_of_Bodhisattva_Thích_Quảng_Đức_(Bảo_tháp_Thích_Quảng_Đức)_04_142882861.png,0.8852,auto,False,statue,,A close-up of a grey stone monument featuring a white relief sculpture of a seated figure and an inscribed plaque at its base. The structure has decorative brown elements and stands near a yellow gate with traffic in the background.,Stone monument base featuring a white relief carving of a seated figure and a metal plaque with an inscription. The structure sits near a yellow gate on a paved street with traffic.,D:\caption_project\vietnam_architecture\2023-12-10_Stupa_of_Bodhisattva_Thích_Quảng_Đức_(Bảo_tháp_Thích_Quảng_Đức)_04_142882861.png,/Users/jenfnguyen/Documents/Dev/KIS-AAI-DM-Master/data/caption_project/vietnam_architecture/2023-12-10_Stupa_of_Bodhisattva_Thích_Quảng_Đức_(Bảo_tháp_Thích_Quảng_Đức)_04_142882861.png
"Chùa_Huệ_Nghiêm_năm_2022,_trúc_viên_(rừng_trúc)_(2)_127262728.png",0.8852,auto,False,,,"A dense grove of tall green bamboo stalks fills the scene, with smaller potted plants and a thatched roof visible at ground level.","Bamboo grove with tall green stalks dominates the scene, partially obscuring a small structure with a thatched roof and a metal frame building in the background. The ground is covered with fallen dry leaves.","D:\caption_project\vietnam_architecture\Chùa_Huệ_Nghiêm_năm_2022,_trúc_viên_(rừng_trúc)_(2)_127262728.png","/Users/jenfnguyen/Documents/Dev/KIS-AAI-DM-Master/data/caption_project/vietnam_architecture/Chùa_Huệ_Nghiêm_năm_2022,_trúc_viên_(rừng_trúc)_(2)_127262728.png"
"Chùa_Huệ_Nghiêm_năm_2022,_ao_sen_(lan_can)_(10)_127250822.png",0.8857,auto,False,statue,statue,"A large white Buddha statue stands on a pedestal behind a lotus pond filled with green lily pads, framed by trees and a red building.","A white standing Buddha statue is positioned behind a pond filled with lotus leaves. A curved bridge with green ceramic railings crosses the pond, leading toward the statue and surrounding temple buildings.","D:\caption_project\vietnam_architecture\Chùa_Huệ_Nghiêm_năm_2022,_ao_sen_(lan_can)_(10)_127250822.png","/Users/jenfnguyen/Documents/Dev/KIS-AAI-DM-Master/data/caption_project/vietnam_architecture/Chùa_Huệ_Nghiêm_năm_2022,_ao_sen_(lan_can)_(10)_127250822.png"
"Bức_tường_nghĩa_địa_dài_như_dải_Gaza_ở_BHHA_xa_diệu_vợi,_ng18th12n2022_(4)_127455754.png",0.8858,auto,False,,,"A concrete wall runs alongside a paved road, covered in large graffiti murals featuring stylized lettering in grey and blue with a red accent at the top. Trees overhang the wall.","Concrete wall covered in blue and grey graffiti art runs alongside a narrow paved street. Green trees overhang the top of the wall, and shadows are cast across the ground.","D:\caption_project\vietnam_architecture\Bức_tường_nghĩa_địa_dài_như_dải_Gaza_ở_BHHA_xa_diệu_vợi,_ng18th12n2022_(4)_127455754.png","/Users/jenfnguyen/Documents/Dev/KIS-AAI-DM-Master/data/caption_project/vietnam_architecture/Bức_tường_nghĩa_địa_dài_như_dải_Gaza_ở_BHHA_xa_diệu_vợi,_ng18th12n2022_(4)_127455754.png"
"0040223_Brahma,_Cham_Hindu_deity,_Museum_of_Cham_Sculpture,_Da_Nang_Vietnam_132522172.png",0.8863,auto,False,statue,statue,A stone bas-relief sculpture depicting a three-faced deity seated on a serpent against a white background.,"Stone relief sculpture of a three-headed deity sitting on a coiled serpent within an arched frame. The figure wears traditional jewelry and holds a sword, carved in a light brown sandstone material.","D:\caption_project\vietnam_architecture\0040223_Brahma,_Cham_Hindu_deity,_Museum_of_Cham_Sculpture,_Da_Nang_Vietnam_132522172.png","/Users/jenfnguyen/Documents/Dev/KIS-AAI-DM-Master/data/caption_project/vietnam_architecture/0040223_Brahma,_Cham_Hindu_deity,_Museum_of_Cham_Sculpture,_Da_Nang_Vietnam_132522172.png"
Chùa_Bình_An_năm_2022_(Miếu_Ngũ_Hành)_(2)_116395356.png,0.8864,auto,False,pagoda/temple,pagoda/temple,A small Vietnamese temple with a curved red tile roof adorned with golden dragons. The structure features bright blue pillars wrapped in gold dragon sculptures and decorative trim above the arched entrance.,"Small temple structure featuring a red tiled roof with golden dragon ornaments and a central wheel symbol. Two bright blue pillars wrapped in golden dragons flank the entrance, set against a tiled courtyard.",D:\caption_project\vietnam_architecture\Chùa_Bình_An_năm_2022_(Miếu_Ngũ_Hành)_(2)_116395356.png,/Users/jenfnguyen/Documents/Dev/KIS-AAI-DM-Master/data/caption_project/vietnam_architecture/Chùa_Bình_An_năm_2022_(Miếu_Ngũ_Hành)_(2)_116395356.png
Cementerio_Y-Pha-Nho_198073678.png,0.8867,auto,False,,,A white colonial ossuary facade with a cross on top and a curved roofline against a blue sky. Latin inscriptions are carved into the stone above the entrance.,White stone ossuary structure featuring a cross at the top with Latin inscriptions in black paint. The pediment displays decorative scrollwork and text above a rectangular entrance against a blue sky.,D:\caption_project\vietnam_architecture\Cementerio_Y-Pha-Nho_198073678.png,/Users/jenfnguyen/Documents/Dev/KIS-AAI-DM-Master/data/caption_project/vietnam_architecture/Cementerio_Y-Pha-Nho_198073678.png
"Chùa_Bảo_Đàm_năm_2022_(Điện_Quan_Âm,_toàn_cảnh)_(5)_115903674.png",0.887,auto,False,statue,statue,"A white statue of a robed figure stands on a pedestal surrounded by yellow orchids and red flowers. The statue is situated in a garden with potted plants, a stone marker, and greenery under a blue sky.","White statue of a deity standing on a stone pedestal in a garden, surrounded by yellow orchids, potted plants, and a large rock formation. A circular stone platform sits in the foreground.","D:\caption_project\vietnam_architecture\Chùa_Bảo_Đàm_năm_2022_(Điện_Quan_Âm,_toàn_cảnh)_(5)_115903674.png","/Users/jenfnguyen/Documents/Dev/KIS-AAI-DM-Master/data/caption_project/vietnam_architecture/Chùa_Bảo_Đàm_năm_2022_(Điện_Quan_Âm,_toàn_cảnh)_(5)_115903674.png"
Bao_Dai's_Summer_Palace_-_Bedroom_of_Princess_12030027.png,0.8873,auto,False,,,Interior of a room with two wooden beds draped in yellow fabric. The beds are positioned side by side against a wall covered by light blue curtains.,"Bedroom interior featuring two wooden beds with light blue bedding and yellow fabric drapes. Light blue curtains cover the wall behind the beds, and a doorway leads to another room.",D:\caption_project\vietnam_architecture\Bao_Dai's_Summer_Palace_-_Bedroom_of_Princess_12030027.png,/Users/jenfnguyen/Documents/Dev/KIS-AAI-DM-Master/data/caption_project/vietnam_architecture/Bao_Dai's_Summer_Palace_-_Bedroom_of_Princess_12030027.png
Chùa_Diệu_Pháp_(mái_trần_Chánh_điện)_(10)_127033096.png,0.8875,auto,False,,,An ornate wooden ceiling featuring intricate geometric patterns with octagonal and square recessed panels. Carved decorative elements surround central motifs within the rich brown wood structure.,Wooden ceiling featuring recessed octagonal panels with intricate carvings and a central floral motif. The structure is made of polished brown wood planks arranged in geometric patterns with integrated recessed lighting.,D:\caption_project\vietnam_architecture\Chùa_Diệu_Pháp_(mái_trần_Chánh_điện)_(10)_127033096.png,/Users/jenfnguyen/Documents/Dev/KIS-AAI-DM-Master/data/caption_project/vietnam_architecture/Chùa_Diệu_Pháp_(mái_trần_Chánh_điện)_(10)_127033096.png
"Ancient_Tomb_Complex_in_Phước_Vĩnh_Đông_Commune,_Cần_Giuộc,_Việt_Nam_(18)_198204666.png",0.8876,auto,False,,,A weathered stone tombstone stands among overgrown dry vegetation and green plants. Faded carvings are visible on the dark grey stone surface.,A weathered stone tombstone features a rectangular shape with a carved decorative border at the top. The grey stone surface is partially obscured by dry brown vegetation and green plants in an outdoor setting.,"D:\caption_project\vietnam_architecture\Ancient_Tomb_Complex_in_Phước_Vĩnh_Đông_Commune,_Cần_Giuộc,_Việt_Nam_(18)_198204666.png","/Users/jenfnguyen/Documents/Dev/KIS-AAI-DM-Master/data/caption_project/vietnam_architecture/Ancient_Tomb_Complex_in_Phước_Vĩnh_Đông_Commune,_Cần_Giuộc,_Việt_Nam_(18)_198204666.png"
04142-Hanoi_(32317496486)_111460993.png,0.888,auto,False,tomb,tomb,A large grey stone mausoleum with vertical columns and a flat roof stands behind a paved path lined with manicured green hedges and bright yellow flowers in the foreground.,"Large grey stone mausoleum featuring a rectangular tiered structure with vertical pillars. The building is surrounded by manicured gardens with palm trees, yellow flowers, and paved walkways where people are walking.",D:\caption_project\vietnam_architecture\04142-Hanoi_(32317496486)_111460993.png,/Users/jenfnguyen/Documents/Dev/KIS-AAI-DM-Master/data/caption_project/vietnam_architecture/04142-Hanoi_(32317496486)_111460993.png
Chùa_Hòa_Bình_quận_10_(cổng_chùa)_(5)_119455185.png,0.888,auto,False,,,"An ornate entrance gate with a curved roof covered in red tiles and grey decorative ridge ornaments. The light green metal doors feature lotus flower designs and vertical bars, flanked by tall pillars with carved Chinese characters.",Gate of a building featuring a curved roof with orange tiles and two tall pillars decorated with Chinese characters. The entrance has a light green arched metal door adorned with lotus flower motifs.,D:\caption_project\vietnam_architecture\Chùa_Hòa_Bình_quận_10_(cổng_chùa)_(5)_119455185.png,/Users/jenfnguyen/Documents/Dev/KIS-AAI-DM-Master/data/caption_project/vietnam_architecture/Chùa_Hòa_Bình_quận_10_(cổng_chùa)_(5)_119455185.png
Buddhist_flags_at_the_One_Piller_Pagoda_in_2016_(1)_50247242.png,0.8884,auto,False,,,"Rows of colorful Buddhist prayer flags hang between trees in an outdoor courtyard, with a stone wall and people visible in the background.","Buddhist flags hang in rows between trees in a courtyard, with a glimpse of a stone structure featuring a curved roof and ornate railings visible in the background under a blue sky.",D:\caption_project\vietnam_architecture\Buddhist_flags_at_the_One_Piller_Pagoda_in_2016_(1)_50247242.png,/Users/jenfnguyen/Documents/Dev/KIS-AAI-DM-Master/data/caption_project/vietnam_architecture/Buddhist_flags_at_the_One_Piller_Pagoda_in_2016_(1)_50247242.png
"Chùa_Bửu_Thắng,_Tân_Phú_(cổng_chùa_mặt_bên),_tháng_5_năm_2021_(4)_106024609.png",0.8886,auto,False,pagoda/temple,,"A granite gate pillar with a yellow panel featuring large pink Chinese characters and the word 'THANG' in English, topped by a golden pagoda-style roof structure against green trees.","Gate pillar topped with a small, red-roofed yellow structure, featuring gold-painted surfaces and pink Chinese characters. The structure is made of stone and concrete, set against green tree foliage.","D:\caption_project\vietnam_architecture\Chùa_Bửu_Thắng,_Tân_Phú_(cổng_chùa_mặt_bên),_tháng_5_năm_2021_(4)_106024609.png","/Users/jenfnguyen/Documents/Dev/KIS-AAI-DM-Master/data/caption_project/vietnam_architecture/Chùa_Bửu_Thắng,_Tân_Phú_(cổng_chùa_mặt_bên),_tháng_5_năm_2021_(4)_106024609.png"
Bên_trong_nhà_thờ_gỗ_ở_Kon_Tum_50697068.png,0.8887,auto,False,church,church,"Interior of a church with dark wooden pillars and arches, colorful floral garlands hanging from the ceiling, stained glass windows, and an altar at the far end.","Interior of a church featuring dark wooden pillars, vaulted ceilings, and a central altar. A statue of the Virgin Mary stands above an inscription, with colorful decorative garlands hanging throughout the space.",D:\caption_project\vietnam_architecture\Bên_trong_nhà_thờ_gỗ_ở_Kon_Tum_50697068.png,/Users/jenfnguyen/Documents/Dev/KIS-AAI-DM-Master/data/caption_project/vietnam_architecture/Bên_trong_nhà_thờ_gỗ_ở_Kon_Tum_50697068.png
Bao_tang_Dak_Lak_1_11560809.png,0.8892,auto,False,,,Interior of a room displaying traditional woven bamboo baskets and farming tools on red platforms against white walls with framed pictures.,"Interior of a museum room featuring various woven bamboo baskets and agricultural tools displayed on red platforms. The space includes white walls, a dark wooden floor, and a glass display case.",D:\caption_project\vietnam_architecture\Bao_tang_Dak_Lak_1_11560809.png,/Users/jenfnguyen/Documents/Dev/KIS-AAI-DM-Master/data/caption_project/vietnam_architecture/Bao_tang_Dak_Lak_1_11560809.png
"Chùa_Huệ_Nghiêm_năm_2022,_trúc_viên_(Quan_Âm_các,_mái_tranh)_(1)_127261657.png",0.8894,auto,False,statue,statue,"A stone statue of a standing figure is placed under a thatched roof pavilion made of bamboo and wood, surrounded by tall green bamboo stalks.",A stone statue of a deity stands on a wooden platform under a hexagonal bamboo structure with a thatched roof. The surrounding area features bamboo stalks and potted yellow flowers.,"D:\caption_project\vietnam_architecture\Chùa_Huệ_Nghiêm_năm_2022,_trúc_viên_(Quan_Âm_các,_mái_tranh)_(1)_127261657.png","/Users/jenfnguyen/Documents/Dev/KIS-AAI-DM-Master/data/caption_project/vietnam_architecture/Chùa_Huệ_Nghiêm_năm_2022,_trúc_viên_(Quan_Âm_các,_mái_tranh)_(1)_127261657.png"
"Chùa_Huệ_Nghiêm_năm_2022,_trúc_viên,_chậu_hương_khảm_sành_sứ)_(2)_124242903.png",0.8896,auto,False,,statue,"A colorful mosaic incense burner stands on a tiled floor, with burning incense sticks inside. Behind it, an altar holds flowers and offerings against a stone wall.","A ceramic incense burner decorated with blue and white mosaic patterns stands in front of a stone wall. Behind it, a small altar holds yellow flowers, candles, and a statue in a bamboo grove.","D:\caption_project\vietnam_architecture\Chùa_Huệ_Nghiêm_năm_2022,_trúc_viên,_chậu_hương_khảm_sành_sứ)_(2)_124242903.png","/Users/jenfnguyen/Documents/Dev/KIS-AAI-DM-Master/data/caption_project/vietnam_architecture/Chùa_Huệ_Nghiêm_năm_2022,_trúc_viên,_chậu_hương_khảm_sành_sứ)_(2)_124242903.png"
"Chùa_Giác_Lâm,_tháng_01_năm_2022_(tháp_xá_lợi)_(4)_114440045.png",0.89,auto,False,pagoda/temple,pagoda/temple,"A yellow pagoda with curved roofs and balconies rises against a blue sky with white clouds, surrounded by green trees.","Multi-story yellow pagoda with curved tiled roofs and balconies on each level, set against a bright blue sky with power lines and green trees in the foreground.","D:\caption_project\vietnam_architecture\Chùa_Giác_Lâm,_tháng_01_năm_2022_(tháp_xá_lợi)_(4)_114440045.png","/Users/jenfnguyen/Documents/Dev/KIS-AAI-DM-Master/data/caption_project/vietnam_architecture/Chùa_Giác_Lâm,_tháng_01_năm_2022_(tháp_xá_lợi)_(4)_114440045.png"
Chùa_Diệu_Pháp_(Cổng_mái)_(1)_126873642.png,0.8903,auto,False,,statue,A traditional gate with a curved roof covered in green and white tiles. The structure has red wooden pillars and is surrounded by trees.,"Traditional wooden gate with a two-tiered curved roof covered in green tiles. The structure features dark red wooden pillars with carved inscriptions and small stone lion statues at the base, leading to a stone path.",D:\caption_project\vietnam_architecture\Chùa_Diệu_Pháp_(Cổng_mái)_(1)_126873642.png,/Users/jenfnguyen/Documents/Dev/KIS-AAI-DM-Master/data/caption_project/vietnam_architecture/Chùa_Diệu_Pháp_(Cổng_mái)_(1)_126873642.png
"0040423_Thap_Canh_Tien_Cham_Hindu_temple,_Binh_Dinh_Vietnam_112_132519292.png",0.8904,auto,False,,,Detail of a weathered brick tower with carved stone decorative panels and corner pilasters showing circular motifs.,Brick wall of a tower structure featuring vertical pilasters with carved circular patterns. The weathered orange and grey masonry shows deep recesses and tiered stone bases with small triangular decorative elements.,"D:\caption_project\vietnam_architecture\0040423_Thap_Canh_Tien_Cham_Hindu_temple,_Binh_Dinh_Vietnam_112_132519292.png","/Users/jenfnguyen/Documents/Dev/KIS-AAI-DM-Master/data/caption_project/vietnam_architecture/0040423_Thap_Canh_Tien_Cham_Hindu_temple,_Binh_Dinh_Vietnam_112_132519292.png"
Chess_match_in_Hanoi_12-09-2025_178579633.png,0.8905,auto,False,,,People sit on small plastic stools around low tables and a granite bench under a large banyan tree at night. Vehicles are visible on a street in the background.,People sit on small plastic stools at low tables on a sidewalk next to a large tree trunk at night. The urban street scene features motorbikes and traffic in the background.,D:\caption_project\vietnam_architecture\Chess_match_in_Hanoi_12-09-2025_178579633.png,/Users/jenfnguyen/Documents/Dev/KIS-AAI-DM-Master/data/caption_project/vietnam_architecture/Chess_match_in_Hanoi_12-09-2025_178579633.png
Chùa_Huệ_Nghiêm_năm_2022_(Bậc_thang_ở_Di_Lặc_Phật_điện)_(6)_124489401.png,0.8906,auto,False,,,A wide staircase with polished stone steps and reddish-brown wooden railings leads upward. Several pairs of shoes are placed on the stone-paved ground beside the bottom step.,"Stone staircase with red-painted wooden railings leads upward. The steps are made of polished orange stone, and several pairs of shoes are placed on the stone-paved ground at the base of the stairs.",D:\caption_project\vietnam_architecture\Chùa_Huệ_Nghiêm_năm_2022_(Bậc_thang_ở_Di_Lặc_Phật_điện)_(6)_124489401.png,/Users/jenfnguyen/Documents/Dev/KIS-AAI-DM-Master/data/caption_project/vietnam_architecture/Chùa_Huệ_Nghiêm_năm_2022_(Bậc_thang_ở_Di_Lặc_Phật_điện)_(6)_124489401.png
"Chùa_Huệ_Nghiêm_năm_2022_(khu_nội_viện,_bảng_hiệu_chánh_điện,_chụp_ngang)_(1)_126510710.png",0.8907,auto,False,pagoda/temple,pagoda/temple,"A traditional wooden pagoda gate with a curved tiled roof, featuring a large carved wooden sign with golden characters above a slatted wooden door, flanked by green foliage.","Wooden gate of a pagoda featuring a tiled roof with curved eaves, a central golden statue placed in an alcove, and horizontal wooden plaques with gold Chinese characters mounted on the dark brown timber structure.","D:\caption_project\vietnam_architecture\Chùa_Huệ_Nghiêm_năm_2022_(khu_nội_viện,_bảng_hiệu_chánh_điện,_chụp_ngang)_(1)_126510710.png","/Users/jenfnguyen/Documents/Dev/KIS-AAI-DM-Master/data/caption_project/vietnam_architecture/Chùa_Huệ_Nghiêm_năm_2022_(khu_nội_viện,_bảng_hiệu_chánh_điện,_chụp_ngang)_(1)_126510710.png"
"Chum_kiểng_tu_viện_Vinh_Sơn,_Quận_3_(44)_115803854.png",0.891,auto,False,,,A large brown glazed ceramic jar with a decorative rope border is set against a white wall with a blue baseboard. Thin branches with green leaves grow from the jar onto a patterned tile floor.,"A large brown ceramic jar sits against a white wall with a blue base, framed by a textured stone border. Thin, leafless branches extend upward from the jar, set against a paved ground.","D:\caption_project\vietnam_architecture\Chum_kiểng_tu_viện_Vinh_Sơn,_Quận_3_(44)_115803854.png","/Users/jenfnguyen/Documents/Dev/KIS-AAI-DM-Master/data/caption_project/vietnam_architecture/Chum_kiểng_tu_viện_Vinh_Sơn,_Quận_3_(44)_115803854.png"
Chùa_Diệu_Pháp_(bức_khắc_gỗ)_(2)_127033505.png,0.891,auto,False,pagoda/temple,pagoda/temple,"A carved wooden relief panel above a green-framed doorway shows a pagoda and landscape scene, mounted on a marble-patterned wall.","Wooden relief carving depicting a pagoda landscape mounted above a doorway. The wall is covered in light-colored marble panels, and a polished wooden pillar stands to the right of the frame.",D:\caption_project\vietnam_architecture\Chùa_Diệu_Pháp_(bức_khắc_gỗ)_(2)_127033505.png,/Users/jenfnguyen/Documents/Dev/KIS-AAI-DM-Master/data/caption_project/vietnam_architecture/Chùa_Diệu_Pháp_(bức_khắc_gỗ)_(2)_127033505.png
Bich_Tong_temple_(8605989892)_66466326.png,0.8913,auto,False,pagoda/temple,statue,"A pagoda structure with a curved tiled roof and stone pillars sits inside a large cave, sheltering a seated Buddha statue on a raised platform surrounded by natural rock walls.",Small open-sided pavilion with a tiled hip roof and stone pillars sits inside a limestone cave. A dark Buddha statue is positioned on a raised platform beneath the structure.,D:\caption_project\vietnam_architecture\Bich_Tong_temple_(8605989892)_66466326.png,/Users/jenfnguyen/Documents/Dev/KIS-AAI-DM-Master/data/caption_project/vietnam_architecture/Bich_Tong_temple_(8605989892)_66466326.png
AnDinhResidence5_4070260.png,0.8917,auto,False,,,A large yellow colonial building with an ornate tiled roof stands behind a decorative gate and stone steps leading down to a pond.,Yellow colonial building with a tiled roof stands behind an ornate gate featuring blue and white ceramic tiles. A stone staircase leads from a canal to the entrance of the property.,D:\caption_project\vietnam_architecture\AnDinhResidence5_4070260.png,/Users/jenfnguyen/Documents/Dev/KIS-AAI-DM-Master/data/caption_project/vietnam_architecture/AnDinhResidence5_4070260.png
"Chùa_Diệu_Pháp_(trong_Chánh_điện,_Ban_thờ_Phật_tổ)_(2)_127033510.png",0.8921,auto,False,statue,statue,A wooden Buddha statue sits behind an intricately carved dark wood altar inside a temple with wooden floors and walls.,"A wooden Buddha statue sits on an ornate, dark-toned carved altar inside a room with wood-paneled walls and flooring. The altar is decorated with white flowers, green fruits, and metal incense burners.","D:\caption_project\vietnam_architecture\Chùa_Diệu_Pháp_(trong_Chánh_điện,_Ban_thờ_Phật_tổ)_(2)_127033510.png","/Users/jenfnguyen/Documents/Dev/KIS-AAI-DM-Master/data/caption_project/vietnam_architecture/Chùa_Diệu_Pháp_(trong_Chánh_điện,_Ban_thờ_Phật_tổ)_(2)_127033510.png"
"Chùa_Huệ_Nghiêm_năm_2022,_trúc_viên,_chậu_hương_khảm_sành_sứ)_(7)_124242910.png",0.8921,auto,False,,,"A large mosaic incense burner with blue and white tiles on its rim, decorated with colorful patterns of orange, red, and green. Many burning incense sticks stand upright inside the vessel.",Incense burner decorated with blue and white ceramic mosaic tiles featuring floral patterns. The bowl-shaped vessel stands on a pedestal base and is filled with red incense sticks on a tiled floor.,"D:\caption_project\vietnam_architecture\Chùa_Huệ_Nghiêm_năm_2022,_trúc_viên,_chậu_hương_khảm_sành_sứ)_(7)_124242910.png","/Users/jenfnguyen/Documents/Dev/KIS-AAI-DM-Master/data/caption_project/vietnam_architecture/Chùa_Huệ_Nghiêm_năm_2022,_trúc_viên,_chậu_hương_khảm_sành_sứ)_(7)_124242910.png"
"Chum_kiểng_tu_viện_Vinh_Sơn,_Quận_3_(39)_115829297.png",0.8923,auto,False,,,"A large brown ceramic jar sits on a base of white stones, with bare branches growing from it against a wall painted pink and blue.","A large brown ceramic jar sits against a light-colored wall between two blue pillars. The jar is surrounded by a decorative border of small stones and contains thin, leafless woody branches.","D:\caption_project\vietnam_architecture\Chum_kiểng_tu_viện_Vinh_Sơn,_Quận_3_(39)_115829297.png","/Users/jenfnguyen/Documents/Dev/KIS-AAI-DM-Master/data/caption_project/vietnam_architecture/Chum_kiểng_tu_viện_Vinh_Sơn,_Quận_3_(39)_115829297.png"
"04052023_Ponagar_Hindu_temples_complex,_Nha_Trang_Vietnam_-_240_130722351.png",0.8925,auto,False,,pagoda/temple,A group of Cham brick towers with conical and stepped pyramidal roofs stands on a paved courtyard under a clear blue sky. Green trees frame the scene.,"Multiple brick Cham towers with pyramidal roofs stand on a paved courtyard. The structures feature weathered orange-brown masonry, vertical pilasters, and tiered architectural details under a clear blue sky.","D:\caption_project\vietnam_architecture\04052023_Ponagar_Hindu_temples_complex,_Nha_Trang_Vietnam_-_240_130722351.png","/Users/jenfnguyen/Documents/Dev/KIS-AAI-DM-Master/data/caption_project/vietnam_architecture/04052023_Ponagar_Hindu_temples_complex,_Nha_Trang_Vietnam_-_240_130722351.png"
"Bức_tường_nghĩa_địa_dài_như_dải_Gaza_ở_BHHA_xa_diệu_vợi,_ng18th12n2022_(2)_127455749.png",0.8927,auto,False,,,A long concrete wall covered in colorful graffiti runs alongside a paved road under trees. The mural features blue and grey abstract designs with some legible text.,"Concrete wall covered in blue and grey graffiti runs along a narrow paved street. The wall features stylized lettering and a character figure, with trees visible over the top edge.","D:\caption_project\vietnam_architecture\Bức_tường_nghĩa_địa_dài_như_dải_Gaza_ở_BHHA_xa_diệu_vợi,_ng18th12n2022_(2)_127455749.png","/Users/jenfnguyen/Documents/Dev/KIS-AAI-DM-Master/data/caption_project/vietnam_architecture/Bức_tường_nghĩa_địa_dài_như_dải_Gaza_ở_BHHA_xa_diệu_vợi,_ng18th12n2022_(2)_127455749.png"
"Chùa_Diệu_Pháp_(nhà_tiếp_khách,_mái_ngói_xanh)_(2)_127289330.png",0.8929,auto,False,,,A wooden pavilion with a curved tiled roof and decorative eaves stands on a raised terrace. The structure features carved wooden pillars and railings on the porch.,"Wooden pavilion with a gabled roof covered in green glazed tiles and carved wooden railings. The structure features dark brown timber pillars and intricate wooden panels, set on a tiled terrace.","D:\caption_project\vietnam_architecture\Chùa_Diệu_Pháp_(nhà_tiếp_khách,_mái_ngói_xanh)_(2)_127289330.png","/Users/jenfnguyen/Documents/Dev/KIS-AAI-DM-Master/data/caption_project/vietnam_architecture/Chùa_Diệu_Pháp_(nhà_tiếp_khách,_mái_ngói_xanh)_(2)_127289330.png"
Chum_nước_phong_thủy_ng22th9n2022_(5)_123261371.png,0.893,auto,False,,,"A large dark ceramic jar serves as a fountain, with water spraying upwards into a rectangular pond where orange koi fish swim.",A dark ceramic water jar fountain stands in a shallow pond filled with orange koi fish. The fountain is set in a garden area with green plants and a white building background.,D:\caption_project\vietnam_architecture\Chum_nước_phong_thủy_ng22th9n2022_(5)_123261371.png,/Users/jenfnguyen/Documents/Dev/KIS-AAI-DM-Master/data/caption_project/vietnam_architecture/Chum_nước_phong_thủy_ng22th9n2022_(5)_123261371.png
"Bức_tường_nghĩa_địa_dài_như_dải_Gaza_ở_BHHA_xa_diệu_vợi,_ng18th12n2022_(3)_127455752.png",0.8933,auto,False,,,"A long concrete wall along a paved road features large graffiti murals with blue and grey lettering and abstract shapes, backed by green trees under a blue sky.",Concrete wall covered in blue and grey graffiti art runs alongside a narrow paved road. The wall is topped with metal fencing and bordered by green trees under a blue sky.,"D:\caption_project\vietnam_architecture\Bức_tường_nghĩa_địa_dài_như_dải_Gaza_ở_BHHA_xa_diệu_vợi,_ng18th12n2022_(3)_127455752.png","/Users/jenfnguyen/Documents/Dev/KIS-AAI-DM-Master/data/caption_project/vietnam_architecture/Bức_tường_nghĩa_địa_dài_như_dải_Gaza_ở_BHHA_xa_diệu_vợi,_ng18th12n2022_(3)_127455752.png"
BUDDIST_TEMPLE_TRAIMAT_VIETNAM_JAN_2012_(6818228324)_26364644.png,0.8934,auto,False,pagoda/temple,pagoda/temple,"A multi-tiered pagoda with curved tiled roofs and ornate dragon sculptures stands under a blue sky, viewed from an adjacent balcony decorated with colorful ceramic patterns.","A pagoda complex features multi-tiered roofs decorated with mosaic patterns and dragon sculptures. The structures are built with ceramic fragments and tiles, showcasing intricate architectural details against a clear blue sky.",D:\caption_project\vietnam_architecture\BUDDIST_TEMPLE_TRAIMAT_VIETNAM_JAN_2012_(6818228324)_26364644.png,/Users/jenfnguyen/Documents/Dev/KIS-AAI-DM-Master/data/caption_project/vietnam_architecture/BUDDIST_TEMPLE_TRAIMAT_VIETNAM_JAN_2012_(6818228324)_26364644.png
"Buddhist_temple,_Hanoi_(44478572010)_105755567.png",0.8936,auto,False,pagoda/temple,pagoda/temple,Interior of a temple with two people kneeling on patterned red carpets facing an altar filled with fruit offerings and flowers. The walls are decorated with intricate gold carvings and vertical inscriptions.,"Interior of a temple featuring two people in dark robes kneeling on a patterned red rug. The altar is decorated with gold carvings, hanging fabric banners, fruit offerings, and a central bronze incense burner.","D:\caption_project\vietnam_architecture\Buddhist_temple,_Hanoi_(44478572010)_105755567.png","/Users/jenfnguyen/Documents/Dev/KIS-AAI-DM-Master/data/caption_project/vietnam_architecture/Buddhist_temple,_Hanoi_(44478572010)_105755567.png"
"04052023_Ponagar_Hindu_temples_complex,_Nha_Trang_Vietnam_-_27_130722386.png",0.8938,auto,False,pagoda/temple,,A group of Cham towers with pointed brick roofs stands on a paved courtyard under a clear blue sky. The structures are made of weathered orange-brown bricks and surrounded by green trees.,"Multiple brick towers with pyramid-shaped roofs stand on a paved courtyard. The structures feature weathered orange-brown masonry, intricate carvings, and pointed tops, surrounded by green trees under a clear blue sky.","D:\caption_project\vietnam_architecture\04052023_Ponagar_Hindu_temples_complex,_Nha_Trang_Vietnam_-_27_130722386.png","/Users/jenfnguyen/Documents/Dev/KIS-AAI-DM-Master/data/caption_project/vietnam_architecture/04052023_Ponagar_Hindu_temples_complex,_Nha_Trang_Vietnam_-_27_130722386.png"
Bàn_ghế_nhựa_ở_Quảng_trường_tỉnh_Tiền_Giang_157880239.png,0.8938,auto,False,,,White plastic chairs and a red table on a patterned pavement overlook a grassy field toward distant illuminated buildings at dusk.,"Plastic chairs and tables are arranged on a tiled pavement overlooking a grassy field at dusk. In the distance, a multi-story building features a bright red illuminated sign against the dark blue sky.",D:\caption_project\vietnam_architecture\Bàn_ghế_nhựa_ở_Quảng_trường_tỉnh_Tiền_Giang_157880239.png,/Users/jenfnguyen/Documents/Dev/KIS-AAI-DM-Master/data/caption_project/vietnam_architecture/Bàn_ghế_nhựa_ở_Quảng_trường_tỉnh_Tiền_Giang_157880239.png
"Chùa_Huê_Nghiêm_ở_Thủ_Đức,_tháng_12_năm_2021_(bên_cổng)_(1)_113530440.png",0.8938,auto,False,pagoda/temple,pagoda/temple,"An ornate pagoda gate with curved tiled roofs featuring golden dragon and phoenix finials. The structure is built from red brick and stone, adorned with intricate gold carvings and a large lotus relief panel on the wall.","Pagoda gate featuring curved tiled roofs with green accents and golden decorative elements. The structure includes a wall with a relief carving of lotus flowers, painted in yellow and brown tones.","D:\caption_project\vietnam_architecture\Chùa_Huê_Nghiêm_ở_Thủ_Đức,_tháng_12_năm_2021_(bên_cổng)_(1)_113530440.png","/Users/jenfnguyen/Documents/Dev/KIS-AAI-DM-Master/data/caption_project/vietnam_architecture/Chùa_Huê_Nghiêm_ở_Thủ_Đức,_tháng_12_năm_2021_(bên_cổng)_(1)_113530440.png"
Chùa_Diệu_Pháp_(mái_trần_Chánh_điện)_(20)_127033105.png,0.8939,auto,False,,pagoda/temple,"An interior wall and ceiling panel of polished wood featuring carved rectangular panels with nature scenes including bamboo, trees, and traditional architecture.","Interior wooden wall panels featuring intricate relief carvings of bamboo and trees, set within a polished timber structure. The lower section displays detailed landscape carvings including a pagoda and mountainous terrain.",D:\caption_project\vietnam_architecture\Chùa_Diệu_Pháp_(mái_trần_Chánh_điện)_(20)_127033105.png,/Users/jenfnguyen/Documents/Dev/KIS-AAI-DM-Master/data/caption_project/vietnam_architecture/Chùa_Diệu_Pháp_(mái_trần_Chánh_điện)_(20)_127033105.png
Benh_vien_Loc_Ninh_89262259.png,0.8939,auto,False,,,A weathered yellow colonial building with a dark corrugated metal roof and peeling paint. A concrete sign above the entrance reads BENH VIEN LOC NINH.,Yellow colonial building with a flat roof featuring arched concrete supports. A sign above the entrance displays the text BENH VIEN LOC NINH with a red star in the center.,D:\caption_project\vietnam_architecture\Benh_vien_Loc_Ninh_89262259.png,/Users/jenfnguyen/Documents/Dev/KIS-AAI-DM-Master/data/caption_project/vietnam_architecture/Benh_vien_Loc_Ninh_89262259.png
Chùa_Bình_An_năm_2022_(Miếu_Ngũ_Hành)_(4)_116395359.png,0.8943,auto,False,pagoda/temple,pagoda/temple,A small temple gate with a curved red tiled roof adorned with golden dragons. The structure features blue and gold pillars and is positioned behind a grey stone lantern.,"Small temple structure featuring a red tiled roof with gold dragon sculptures on the corners and ridge. The entrance is flanked by blue pillars adorned with gold dragon carvings, set above stone steps.",D:\caption_project\vietnam_architecture\Chùa_Bình_An_năm_2022_(Miếu_Ngũ_Hành)_(4)_116395359.png,/Users/jenfnguyen/Documents/Dev/KIS-AAI-DM-Master/data/caption_project/vietnam_architecture/Chùa_Bình_An_năm_2022_(Miếu_Ngũ_Hành)_(4)_116395359.png
Chùa_Giác_Sanh_năm_2022_(họa_tiết_bàn_thờ_Phật_trong_chánh_điện)_(2)_126961746.png,0.8947,auto,False,statue,statue,"A close-up of an ornate altar with black lacquered wood and gold relief carvings depicting dragons and floral motifs, supporting a golden Buddha statue seated on pink lotus flowers.",A detailed view of a black and gold altar base featuring intricate carvings of dragons and floral motifs. A pink lotus pedestal supporting a golden statue sits on the upper surface.,D:\caption_project\vietnam_architecture\Chùa_Giác_Sanh_năm_2022_(họa_tiết_bàn_thờ_Phật_trong_chánh_điện)_(2)_126961746.png,/Users/jenfnguyen/Documents/Dev/KIS-AAI-DM-Master/data/caption_project/vietnam_architecture/Chùa_Giác_Sanh_năm_2022_(họa_tiết_bàn_thờ_Phật_trong_chánh_điện)_(2)_126961746.png
"Chum_kiểng_tu_viện_Vinh_Sơn,_Quận_3_(41)_115804074.png",0.895,auto,False,,,A large brown ceramic jar sits on a base of rounded stones against a white wall with a blue stripe. A vine climbs up the wall beside it.,"A dark brown ceramic jar sits against a light-colored wall, framed by a decorative border of small grey stones. A thin, winding vine grows out of the jar, casting a shadow on the wall.","D:\caption_project\vietnam_architecture\Chum_kiểng_tu_viện_Vinh_Sơn,_Quận_3_(41)_115804074.png","/Users/jenfnguyen/Documents/Dev/KIS-AAI-DM-Master/data/caption_project/vietnam_architecture/Chum_kiểng_tu_viện_Vinh_Sơn,_Quận_3_(41)_115804074.png"
"Chùa_Giác_Viên,_tháng_01_năm_2022_(cột_cổng)_114012940.png",0.8954,auto,False,,,A yellow pillar with red Chinese characters stands next to an ornate metal gate featuring geometric patterns and a red frame.,"Yellow pillar of a gate featuring vertical red Chinese characters, positioned next to a metal gate with a geometric pattern. The background shows an open paved courtyard with trees.","D:\caption_project\vietnam_architecture\Chùa_Giác_Viên,_tháng_01_năm_2022_(cột_cổng)_114012940.png","/Users/jenfnguyen/Documents/Dev/KIS-AAI-DM-Master/data/caption_project/vietnam_architecture/Chùa_Giác_Viên,_tháng_01_năm_2022_(cột_cổng)_114012940.png"
Binh_Son_tower_2_14638168.png,0.896,auto,False,pagoda/temple,pagoda/temple,"A tall brick pagoda with multiple receding tiers stands on a square stone base against a clear blue sky, surrounded by green trees.",Tall square brick pagoda featuring multiple tiers with intricate carvings on each level. The structure stands in an open area with trees in the background under a clear blue sky.,D:\caption_project\vietnam_architecture\Binh_Son_tower_2_14638168.png,/Users/jenfnguyen/Documents/Dev/KIS-AAI-DM-Master/data/caption_project/vietnam_architecture/Binh_Son_tower_2_14638168.png
"Chùa_Diệu_Pháp_(trong_Chánh_điện,_Ban_thờ_Phật_tổ)_(5)_127033514.png",0.896,auto,False,pagoda/temple,pagoda/temple,Interior of a wooden temple with a large bronze Buddha statue seated behind an ornate dark wood altar table filled with offerings and flowers.,"Interior of a temple featuring a large wooden Buddha statue placed behind an ornate, dark-carved wooden altar. The room is paneled with polished wood on the walls and ceiling, illuminated by hanging light fixtures.","D:\caption_project\vietnam_architecture\Chùa_Diệu_Pháp_(trong_Chánh_điện,_Ban_thờ_Phật_tổ)_(5)_127033514.png","/Users/jenfnguyen/Documents/Dev/KIS-AAI-DM-Master/data/caption_project/vietnam_architecture/Chùa_Diệu_Pháp_(trong_Chánh_điện,_Ban_thờ_Phật_tổ)_(5)_127033514.png"
2013-07-18_My_An_Onsen_Resort_ミーアン温泉_DSCF1220_107169932.png,0.8967,auto,False,,,"An outdoor swimming pool surrounded by thatched-roof gazebos and lounge chairs on a stone patio, framed by green trees and flowering bushes under a bright sky.","A swimming pool with light blue water is surrounded by a stone-paved patio, several thatched-roof umbrellas, and lounge chairs. Trees and flowering bushes frame the area under a bright, clear sky.",D:\caption_project\vietnam_architecture\2013-07-18_My_An_Onsen_Resort_ミーアン温泉_DSCF1220_107169932.png,/Users/jenfnguyen/Documents/Dev/KIS-AAI-DM-Master/data/caption_project/vietnam_architecture/2013-07-18_My_An_Onsen_Resort_ミーアン温泉_DSCF1220_107169932.png
Chum_nước_phong_thủy_ng22th9n2022_(cận_cảnh)_(5)_123261232.png,0.8968,auto,False,,,"A large, dark ceramic jar serves as a fountain, with water cascading down its wet surface into a surrounding pool. The jar has two small handles and sits in a shallow basin of greenish water, surrounded by foliage.","Large dark brown ceramic water jar functioning as a fountain in a shallow pool. Water overflows from the top of the jar, cascading down its textured surface into the surrounding water.",D:\caption_project\vietnam_architecture\Chum_nước_phong_thủy_ng22th9n2022_(cận_cảnh)_(5)_123261232.png,/Users/jenfnguyen/Documents/Dev/KIS-AAI-DM-Master/data/caption_project/vietnam_architecture/Chum_nước_phong_thủy_ng22th9n2022_(cận_cảnh)_(5)_123261232.png
"Ancient_Tomb_Complex_in_Phước_Vĩnh_Đông_Commune,_Cần_Giuộc,_Việt_Nam_(24)_198204677.png",0.8969,auto,False,tomb,tomb,"A close-up of a weathered stone pillar with a pyramidal cap, part of a tomb structure. The grey stone is surrounded by overgrown green vegetation and dried brown plants.","Stone pillar of a tomb enclosure featuring a square, pyramid-shaped cap and weathered grey surfaces. The structure is surrounded by wild green vegetation and dry stalks in an outdoor setting.","D:\caption_project\vietnam_architecture\Ancient_Tomb_Complex_in_Phước_Vĩnh_Đông_Commune,_Cần_Giuộc,_Việt_Nam_(24)_198204677.png","/Users/jenfnguyen/Documents/Dev/KIS-AAI-DM-Master/data/caption_project/vietnam_architecture/Ancient_Tomb_Complex_in_Phước_Vĩnh_Đông_Commune,_Cần_Giuộc,_Việt_Nam_(24)_198204677.png"
Chùa_Di_Lặc_2022_(nhà_chánh_điện)_(4)_116591578.png,0.8971,auto,False,pagoda/temple,pagoda/temple,A pagoda with a curved tiled roof and ornate ridge decorations features red wooden pillars and stairs. A detailed stone dragon sculpture lines the staircase leading to an entrance with a carved screen displaying a golden character.,"Pagoda exterior featuring a curved tiled roof with dragon ornaments, red wooden pillars, and a stone dragon sculpture on the staircase railing. A circular wooden panel with a gold Chinese character is mounted on the wall.",D:\caption_project\vietnam_architecture\Chùa_Di_Lặc_2022_(nhà_chánh_điện)_(4)_116591578.png,/Users/jenfnguyen/Documents/Dev/KIS-AAI-DM-Master/data/caption_project/vietnam_architecture/Chùa_Di_Lặc_2022_(nhà_chánh_điện)_(4)_116591578.png
Chùa_Giác_Sanh_năm_2022_(kiến_trúc_chánh_điện_trên_lầu)_(17)_126992274.png,0.8972,auto,False,pagoda/temple,pagoda/temple,"The exterior of a Vietnamese pagoda features yellow walls and a green-tiled roof with red lanterns hanging from the eaves. Large wooden pillars support the entrance, which is adorned with intricate carvings and decorative signs.","Pagoda exterior featuring yellow walls, dark wooden pillars with white lotus-shaped bases, and a green tiled roof with curved edges. Red lanterns hang from the eaves, and golden decorative carvings adorn the facade.",D:\caption_project\vietnam_architecture\Chùa_Giác_Sanh_năm_2022_(kiến_trúc_chánh_điện_trên_lầu)_(17)_126992274.png,/Users/jenfnguyen/Documents/Dev/KIS-AAI-DM-Master/data/caption_project/vietnam_architecture/Chùa_Giác_Sanh_năm_2022_(kiến_trúc_chánh_điện_trên_lầu)_(17)_126992274.png
"Bảo_tháp_của_Chùa_Thiên_Mụ_(con_đường),_tháng_3_năm_2021_(12)_106177854.png",0.8981,auto,False,pagoda/temple,pagoda/temple,A multi-tiered brick pagoda with circular windows stands among tall pine trees on a paved courtyard. The structure features brown and grey bricks with a tiled roof base.,"Octagonal brick pagoda featuring multiple tiers with tiled roofs and circular windows, situated in a paved courtyard with pine trees and a stone stele nearby, overlooking a body of water.","D:\caption_project\vietnam_architecture\Bảo_tháp_của_Chùa_Thiên_Mụ_(con_đường),_tháng_3_năm_2021_(12)_106177854.png","/Users/jenfnguyen/Documents/Dev/KIS-AAI-DM-Master/data/caption_project/vietnam_architecture/Bảo_tháp_của_Chùa_Thiên_Mụ_(con_đường),_tháng_3_năm_2021_(12)_106177854.png"
Chùa_Giác_Sanh_năm_2022_(cầu_thang_lên_chánh_điện)_(3)_126984025.png,0.8981,manual,True,statue,pagoda/temple,A courtyard features a red wooden staircase with gold decorative panels and Buddhist flags strung overhead. Potted plants with orange flowers are placed on the tiled ground near a golden dragon statue.,"A courtyard of a temple features a staircase with dark red railings decorated with rectangular stone carvings. Potted plants and flowers sit on the tiled ground, while Buddhist prayer flags hang overhead.",D:\caption_project\vietnam_architecture\Chùa_Giác_Sanh_năm_2022_(cầu_thang_lên_chánh_điện)_(3)_126984025.png,/Users/jenfnguyen/Documents/Dev/KIS-AAI-DM-Master/data/caption_project/vietnam_architecture/Chùa_Giác_Sanh_năm_2022_(cầu_thang_lên_chánh_điện)_(3)_126984025.png
Chùa_Cam_Lộ_150839_87683206.png,0.8984,auto,False,pagoda/temple,pagoda/temple,"A tall pagoda with multiple tiers and curved roofs stands against a blue sky. The structure features brick walls, white trim, and ornate balconies.","Multi-story pagoda tower featuring exposed brick walls, multiple curved tiled roofs, and wooden balconies on each level. The structure is set against a blue sky with white clouds and some surrounding foliage.",D:\caption_project\vietnam_architecture\Chùa_Cam_Lộ_150839_87683206.png,/Users/jenfnguyen/Documents/Dev/KIS-AAI-DM-Master/data/caption_project/vietnam_architecture/Chùa_Cam_Lộ_150839_87683206.png
Chum_nước_phong_thủy_ng22th9n2022_(cận_cảnh)_(1)_123261227.png,0.8986,auto,False,,,"A large dark brown ceramic jar stands as a fountain in a pond, with water spraying upward from its opening. Green foliage and potted plants are visible in the background.","Large dark ceramic water jar serves as a fountain in a garden pond. The textured vessel sits in water, surrounded by green foliage and a tiled border, with a small jet of water spraying upward.",D:\caption_project\vietnam_architecture\Chum_nước_phong_thủy_ng22th9n2022_(cận_cảnh)_(1)_123261227.png,/Users/jenfnguyen/Documents/Dev/KIS-AAI-DM-Master/data/caption_project/vietnam_architecture/Chum_nước_phong_thủy_ng22th9n2022_(cận_cảnh)_(1)_123261227.png
Battle_of_Generals_6386070.png,0.8987,auto,False,statue,statue,"Detailed ceramic relief sculpture depicting a procession of figures on horseback and on foot. The artwork features glazed tiles in turquoise, blue, and brown with intricate decorative patterns.","Ceramic relief sculpture depicting multiple figures on horseback and standing individuals in traditional attire. The detailed ornamentation is integrated into a building facade, featuring muted blue, green, and brown tones.",D:\caption_project\vietnam_architecture\Battle_of_Generals_6386070.png,/Users/jenfnguyen/Documents/Dev/KIS-AAI-DM-Master/data/caption_project/vietnam_architecture/Battle_of_Generals_6386070.png
BVIS_indoor_swimming_pool_112732885.png,0.8989,auto,False,,,"A long indoor swimming pool with blue water and lane dividers. The space has beige walls, a white tiled ceiling, and colorful pennant banners hanging above.","Indoor swimming pool featuring multiple lanes marked by orange floating ropes, light-colored tiled walls, a white drop ceiling with recessed lights, and colorful triangular pennants hanging across the width of the room.",D:\caption_project\vietnam_architecture\BVIS_indoor_swimming_pool_112732885.png,/Users/jenfnguyen/Documents/Dev/KIS-AAI-DM-Master/data/caption_project/vietnam_architecture/BVIS_indoor_swimming_pool_112732885.png
Bao_Dai's_Summer_Palace_-_Long_Hallway_with_Arched_Doorway_17900030.png,0.899,auto,False,,,A dimly lit hallway with yellow walls and an arched entryway. A red carpet runs down the center of the corridor under ceiling lights.,"Interior hallway of a building featuring yellow walls, a red carpet runner, and a series of arched doorways. Two ceiling lights illuminate the long, narrow corridor leading to a bright room at the end.",D:\caption_project\vietnam_architecture\Bao_Dai's_Summer_Palace_-_Long_Hallway_with_Arched_Doorway_17900030.png,/Users/jenfnguyen/Documents/Dev/KIS-AAI-DM-Master/data/caption_project/vietnam_architecture/Bao_Dai's_Summer_Palace_-_Long_Hallway_with_Arched_Doorway_17900030.png
Buddhist_flags_at_the_One_Piller_Pagoda_in_2016_(3)_50247245.png,0.8992,auto,False,pagoda/temple,pagoda/temple,"The wooden One Pillar Pagoda with a curved tiled roof stands on a stone pillar in a lotus pond, accessed by a staircase from a stone platform adorned with colorful Buddhist flags.","Small wooden pagoda with a curved tiled roof stands on a single stone pillar in the middle of a pond. A stone staircase leads up to the structure, surrounded by trees and colorful prayer flags.",D:\caption_project\vietnam_architecture\Buddhist_flags_at_the_One_Piller_Pagoda_in_2016_(3)_50247245.png,/Users/jenfnguyen/Documents/Dev/KIS-AAI-DM-Master/data/caption_project/vietnam_architecture/Buddhist_flags_at_the_One_Piller_Pagoda_in_2016_(3)_50247245.png
"0040423_Thap_Phu_Loc,_Cham_Hindu_temple,_Nhon_Thanh_Vietnam_001_132544931.png",0.9,auto,False,,,"A tall brick tower stands on a green hilltop against distant blue mountains. The foreground shows trees, power lines, and rooftops of buildings below.","Tall brick tower structure sits atop a green hill in the distance, surrounded by trees and fields. The landscape features layered mountains in the background under a clear, hazy sky.","D:\caption_project\vietnam_architecture\0040423_Thap_Phu_Loc,_Cham_Hindu_temple,_Nhon_Thanh_Vietnam_001_132544931.png","/Users/jenfnguyen/Documents/Dev/KIS-AAI-DM-Master/data/caption_project/vietnam_architecture/0040423_Thap_Phu_Loc,_Cham_Hindu_temple,_Nhon_Thanh_Vietnam_001_132544931.png"
20250222_Site_of_Nanyue_Kingdom_Palace_05_160970286.png,0.9004,auto,False,,,An archaeological excavation site with exposed stone walls and foundations under a modern protective structure supported by metal columns.,"Archaeological excavation site featuring stone walls and foundations constructed from large, rectangular blocks. The site is protected by a modern metal structure with pillars and a roof, set within an indoor environment.",D:\caption_project\vietnam_architecture\20250222_Site_of_Nanyue_Kingdom_Palace_05_160970286.png,/Users/jenfnguyen/Documents/Dev/KIS-AAI-DM-Master/data/caption_project/vietnam_architecture/20250222_Site_of_Nanyue_Kingdom_Palace_05_160970286.png
"Al-Noor_Mosque,_Hanoi,_early_20th_century_(5)_(37609076415)_64218741.png",0.9005,auto,False,pagoda/temple,pagoda/temple,"A white tiered pagoda tower rises against a pale sky, partially framed by green tree foliage on the left and a dark sloping roof on the right.","Tall white stone pagoda with multiple square tiers rises into the sky, partially obscured by green tree branches on the left and a dark roof overhang on the right side.","D:\caption_project\vietnam_architecture\Al-Noor_Mosque,_Hanoi,_early_20th_century_(5)_(37609076415)_64218741.png","/Users/jenfnguyen/Documents/Dev/KIS-AAI-DM-Master/data/caption_project/vietnam_architecture/Al-Noor_Mosque,_Hanoi,_early_20th_century_(5)_(37609076415)_64218741.png"
Burial_Artifacts_(10076285345)_102411528.png,0.9006,auto,False,drawing/map,drawing/map,A diagram showing the distribution of artifacts on a coffin cover with numbered positions for burial objects and inscriptions in Chinese.,"A technical drawing on a light background displays the distribution of burial artefacts on a coffin cover, featuring numbered icons, circular symbols, and descriptive text in both Chinese and English.",D:\caption_project\vietnam_architecture\Burial_Artifacts_(10076285345)_102411528.png,/Users/jenfnguyen/Documents/Dev/KIS-AAI-DM-Master/data/caption_project/vietnam_architecture/Burial_Artifacts_(10076285345)_102411528.png
"04052023_Ponagar_Hindu_temples_complex,_Nha_Trang_Vietnam_-_155_130722363.png",0.9008,auto,False,,,A tall brick tower with a conical roof and weathered walls features an ornate entrance niche. The structure stands on a paved courtyard surrounded by green trees under a clear blue sky.,"Brick tower with a tall, pointed, pyramidal roof stands on a paved courtyard. The structure features weathered orange masonry, decorative stone carvings above the entrance, and small potted palm trees at its base.","D:\caption_project\vietnam_architecture\04052023_Ponagar_Hindu_temples_complex,_Nha_Trang_Vietnam_-_155_130722363.png","/Users/jenfnguyen/Documents/Dev/KIS-AAI-DM-Master/data/caption_project/vietnam_architecture/04052023_Ponagar_Hindu_temples_complex,_Nha_Trang_Vietnam_-_155_130722363.png"
"Chùa_Bửu_Thắng,_Tân_Phú_(cổng_chùa_mặt_bên),_tháng_5_năm_2021_(6)_106024608.png",0.9011,auto,False,pagoda/temple,,"A concrete gate pillar with a yellow plaque featuring carved circular characters and a large pink Chinese character next to it, topped by a small golden pagoda-style lantern against green trees.","Concrete gate pillar featuring a small decorative roof structure on top, painted in yellow and red. The pillar displays circular relief carvings with letters and Chinese characters against a backdrop of green foliage.","D:\caption_project\vietnam_architecture\Chùa_Bửu_Thắng,_Tân_Phú_(cổng_chùa_mặt_bên),_tháng_5_năm_2021_(6)_106024608.png","/Users/jenfnguyen/Documents/Dev/KIS-AAI-DM-Master/data/caption_project/vietnam_architecture/Chùa_Bửu_Thắng,_Tân_Phú_(cổng_chùa_mặt_bên),_tháng_5_năm_2021_(6)_106024608.png"
Chùa_Giác_Sanh_năm_2022_(Ban_thờ_trong_chánh_điện)_(28)_126983186.png,0.9014,auto,False,pagoda/temple,pagoda/temple,"Interior of a Vietnamese temple featuring a golden Buddha statue seated before a painted backdrop of a banyan tree and landscape. The altar is adorned with pink orchids, candles, offerings, and an ornate carved wooden screen.","Interior of a temple featuring a central golden Buddha statue seated before a painted tree mural. The altar is adorned with pink orchids, candles, and fruit offerings, framed by ornate red and gold wooden carvings.",D:\caption_project\vietnam_architecture\Chùa_Giác_Sanh_năm_2022_(Ban_thờ_trong_chánh_điện)_(28)_126983186.png,/Users/jenfnguyen/Documents/Dev/KIS-AAI-DM-Master/data/caption_project/vietnam_architecture/Chùa_Giác_Sanh_năm_2022_(Ban_thờ_trong_chánh_điện)_(28)_126983186.png
Chùa_Diệu_Pháp_(mái_trần_trong_Chánh_điện)_(3)_127033123.png,0.902,auto,False,pagoda/temple,pagoda/temple,"The interior of a temple features an ornate wooden ceiling with intricate carvings and recessed lighting. A large statue sits on an altar at the far end, surrounded by polished marble floors.","Interior of a temple featuring extensive polished wood paneling on the ceiling and walls. A raised altar platform holds a dark wooden statue of a seated figure, illuminated by recessed ceiling lights.",D:\caption_project\vietnam_architecture\Chùa_Diệu_Pháp_(mái_trần_trong_Chánh_điện)_(3)_127033123.png,/Users/jenfnguyen/Documents/Dev/KIS-AAI-DM-Master/data/caption_project/vietnam_architecture/Chùa_Diệu_Pháp_(mái_trần_trong_Chánh_điện)_(3)_127033123.png
"004_Cổng_làng_Văn_Trì,_Hà_Nội_149568443.png",0.9022,auto,False,house,,A traditional gate with a curved tiled roof and wooden lattice spans a narrow alley between modern shophouses. The yellow structure features visible weathering and overhead electrical wires.,"A traditional gate with a tiled roof spans a narrow alleyway between modern multi-story buildings. The yellow-painted structure features wooden beams and a central panel with an inscription, surrounded by urban clutter.","D:\caption_project\vietnam_architecture\004_Cổng_làng_Văn_Trì,_Hà_Nội_149568443.png","/Users/jenfnguyen/Documents/Dev/KIS-AAI-DM-Master/data/caption_project/vietnam_architecture/004_Cổng_làng_Văn_Trì,_Hà_Nội_149568443.png"
Chùa_Huệ_Nghiêm_năm_2022_(bảo_tháp)_(2)_127296665.png,0.9026,auto,False,pagoda/temple,pagoda/temple,"A multi-story pagoda with a golden tiered roof and grey brick walls stands among dense green trees. A red wooden railing is visible in the foreground, while colorful lanterns hang above a courtyard where a white bus is parked.","Tall multi-story pagoda with a dark grey facade and a gold-colored tiered roof stands behind trees. A red wooden railing is in the foreground, with a smaller temple structure and a white bus visible nearby.",D:\caption_project\vietnam_architecture\Chùa_Huệ_Nghiêm_năm_2022_(bảo_tháp)_(2)_127296665.png,/Users/jenfnguyen/Documents/Dev/KIS-AAI-DM-Master/data/caption_project/vietnam_architecture/Chùa_Huệ_Nghiêm_năm_2022_(bảo_tháp)_(2)_127296665.png
"Chùa_Diệu_Pháp_(trong_Chánh_điện,_tượng_Phật_tổ)_(2)_127033517.png",0.9026,auto,False,statue,statue,A large wooden Buddha statue with a carved halo sits behind an altar filled with white lilies and green citrus fruits. The interior features dark wood paneling.,"A large wooden Buddha statue sits on an altar inside a room with dark wood paneling. Brass incense burners, white lilies, and green pomelo fruits are placed on the table in front of the statue.","D:\caption_project\vietnam_architecture\Chùa_Diệu_Pháp_(trong_Chánh_điện,_tượng_Phật_tổ)_(2)_127033517.png","/Users/jenfnguyen/Documents/Dev/KIS-AAI-DM-Master/data/caption_project/vietnam_architecture/Chùa_Diệu_Pháp_(trong_Chánh_điện,_tượng_Phật_tổ)_(2)_127033517.png"
Bức_tranh_Sơn_Hà_Cẩm_Tú_của_Ngô_Viết_Thụ._24775513.png,0.9031,auto,False,drawing/map,drawing/map,A long horizontal landscape painting hangs on a white wall above a wooden cabinet with carved panels and blue-and-white porcelain jars.,A large rectangular painting depicting a landscape hangs on a white wall above a wooden cabinet with carved geometric patterns. Two blue and white ceramic vases are placed on either side of the cabinet.,D:\caption_project\vietnam_architecture\Bức_tranh_Sơn_Hà_Cẩm_Tú_của_Ngô_Viết_Thụ._24775513.png,/Users/jenfnguyen/Documents/Dev/KIS-AAI-DM-Master/data/caption_project/vietnam_architecture/Bức_tranh_Sơn_Hà_Cẩm_Tú_của_Ngô_Viết_Thụ._24775513.png
"0040423_Thap_Canh_Tien_Cham_Hindu_temple,_Binh_Dinh_Vietnam_041_132519278.png",0.9031,auto,False,,,"A tall brick tower with a steeply sloping roof, constructed from weathered red and orange bricks. The structure features decorative moldings, arched niches, and moss growing on the upper sections against a clear blue sky.","Brick tower structure featuring a tiered, tapering roof and weathered orange surfaces. The exterior walls display intricate carvings, stone accents, and dark discoloration, set against a clear blue sky with surrounding trees.","D:\caption_project\vietnam_architecture\0040423_Thap_Canh_Tien_Cham_Hindu_temple,_Binh_Dinh_Vietnam_041_132519278.png","/Users/jenfnguyen/Documents/Dev/KIS-AAI-DM-Master/data/caption_project/vietnam_architecture/0040423_Thap_Canh_Tien_Cham_Hindu_temple,_Binh_Dinh_Vietnam_041_132519278.png"
2013-07-18_My_An_Onsen_Resort_ミーアン温泉_DSCF1235_107169938.png,0.904,auto,False,,,An outdoor swimming pool with a curved tiled edge is surrounded by lounge chairs and thatched umbrellas. The area features tropical plants and other resort buildings in the background.,"A swimming pool with curved tiled edges is surrounded by stone paving, wooden lounge chairs, and thatched-roof umbrellas. A small building with a tiled roof is visible in the background.",D:\caption_project\vietnam_architecture\2013-07-18_My_An_Onsen_Resort_ミーアン温泉_DSCF1235_107169938.png,/Users/jenfnguyen/Documents/Dev/KIS-AAI-DM-Master/data/caption_project/vietnam_architecture/2013-07-18_My_An_Onsen_Resort_ミーアン温泉_DSCF1235_107169938.png
"Bức_tường_nghĩa_địa_dài_như_dải_Gaza_ở_BHHA_xa_diệu_vợi,_ng18th12n2022_(6)_127455756.png",0.9042,auto,False,,,"A concrete wall along a street features colorful graffiti art with blue and purple abstract designs on one section and large black-and-white stylized lettering on another, set against green trees in the background.","Concrete wall covered in colorful graffiti art stands beside a paved road. The wall features blue and white spray-painted designs, with tree shadows cast across the surface and green foliage visible above.","D:\caption_project\vietnam_architecture\Bức_tường_nghĩa_địa_dài_như_dải_Gaza_ở_BHHA_xa_diệu_vợi,_ng18th12n2022_(6)_127455756.png","/Users/jenfnguyen/Documents/Dev/KIS-AAI-DM-Master/data/caption_project/vietnam_architecture/Bức_tường_nghĩa_địa_dài_như_dải_Gaza_ở_BHHA_xa_diệu_vợi,_ng18th12n2022_(6)_127455756.png"
Chùa_Giác_Sanh_năm_2022_(Ban_thờ_trong_chánh_điện)_(9)_126983173.png,0.9055,auto,False,pagoda/temple,pagoda/temple,"Interior altar inside a temple featuring a golden Buddha statue against a landscape painting. The ornate wooden altar holds pink orchids, offerings of green fruit, and tall candles.","Interior of a temple featuring a dark wooden altar adorned with orchids, pomelos, and a crystal lamp. A red pillar with gold carvings stands beside a wall painting of a Buddha statue.",D:\caption_project\vietnam_architecture\Chùa_Giác_Sanh_năm_2022_(Ban_thờ_trong_chánh_điện)_(9)_126983173.png,/Users/jenfnguyen/Documents/Dev/KIS-AAI-DM-Master/data/caption_project/vietnam_architecture/Chùa_Giác_Sanh_năm_2022_(Ban_thờ_trong_chánh_điện)_(9)_126983173.png
Chùa_Huệ_Nghiêm_năm_2022_(bậc_thềm_tam_cấp_ở_hậu_viện)_(1)_124489291.png,0.9064,auto,False,,,Close-up of polished red granite stairs with a white lotus flower engraving on the top step.,"Red granite steps lead to a landing featuring an engraved white lotus flower outline. The polished stone surface reflects light, creating a smooth texture across the multiple levels of the staircase.",D:\caption_project\vietnam_architecture\Chùa_Huệ_Nghiêm_năm_2022_(bậc_thềm_tam_cấp_ở_hậu_viện)_(1)_124489291.png,/Users/jenfnguyen/Documents/Dev/KIS-AAI-DM-Master/data/caption_project/vietnam_architecture/Chùa_Huệ_Nghiêm_năm_2022_(bậc_thềm_tam_cấp_ở_hậu_viện)_(1)_124489291.png
"0040323_Thap_Doi_Cham_Hindu_complex,_Quy_Nhon,_Binh_Dinh_Vietnam_027_132483186.png",0.9067,auto,False,,,"Two weathered brick towers with stepped profiles stand side by side in a grassy courtyard. The structures show signs of age with visible wear and vegetation growing on the upper sections, surrounded by palm trees and manicured plants.","Two tall brick towers with square bases and tiered, pyramidal roofs stand in a grassy courtyard. The weathered red brick structures feature arched doorways, vertical pilasters, and small decorative carvings on the upper levels.","D:\caption_project\vietnam_architecture\0040323_Thap_Doi_Cham_Hindu_complex,_Quy_Nhon,_Binh_Dinh_Vietnam_027_132483186.png","/Users/jenfnguyen/Documents/Dev/KIS-AAI-DM-Master/data/caption_project/vietnam_architecture/0040323_Thap_Doi_Cham_Hindu_complex,_Quy_Nhon,_Binh_Dinh_Vietnam_027_132483186.png"
Bên_trong_nhà_thờ_Năng_Gù_-_panoramio_52795160.png,0.9069,auto,False,church,church,"Interior of a church featuring white walls and columns with yellow accents, arched vaulted ceilings, rows of wooden pews, and an altar at the far end.","Interior of a church featuring a high vaulted ceiling with yellow ribs and white walls. Rows of wooden pews face the altar, which is decorated with religious statues and a central cross.",D:\caption_project\vietnam_architecture\Bên_trong_nhà_thờ_Năng_Gù_-_panoramio_52795160.png,/Users/jenfnguyen/Documents/Dev/KIS-AAI-DM-Master/data/caption_project/vietnam_architecture/Bên_trong_nhà_thờ_Năng_Gù_-_panoramio_52795160.png
"Chùa_Diệu_Pháp_(mái_trần_Chánh_điện,_họa_tiết)_(3)_127033109.png",0.907,auto,False,,,An octagonal carved wooden panel mounted on a polished wood wall features two fish swimming among fruit and floral motifs within an intricately detailed border.,"Octagonal wooden panel featuring intricate carvings of two fish swimming among lotus flowers and leaves. The frame is decorated with dragon motifs and geometric patterns, all set against a smooth wooden wall surface.","D:\caption_project\vietnam_architecture\Chùa_Diệu_Pháp_(mái_trần_Chánh_điện,_họa_tiết)_(3)_127033109.png","/Users/jenfnguyen/Documents/Dev/KIS-AAI-DM-Master/data/caption_project/vietnam_architecture/Chùa_Diệu_Pháp_(mái_trần_Chánh_điện,_họa_tiết)_(3)_127033109.png"
BUDDIST_TEMPLE_TRAIMAT_VIETNAM_JAN_2012_(6818230776)_26364643.png,0.9078,auto,False,pagoda/temple,pagoda/temple,"An ornate pagoda with curved tiled roofs and multiple tiers covered in colorful ceramic dragon sculptures, arched doorways, and decorative elements against a blue sky.","Pagoda exterior featuring multi-tiered curved roofs decorated with intricate mosaic patterns. The structure is adorned with dragon sculptures on pillars and walls, set against a clear blue sky.",D:\caption_project\vietnam_architecture\BUDDIST_TEMPLE_TRAIMAT_VIETNAM_JAN_2012_(6818230776)_26364643.png,/Users/jenfnguyen/Documents/Dev/KIS-AAI-DM-Master/data/caption_project/vietnam_architecture/BUDDIST_TEMPLE_TRAIMAT_VIETNAM_JAN_2012_(6818230776)_26364643.png
Chùa_Bảo_Đàm_năm_2022_(cây_cảnh)_(9)_115905643.png,0.9081,auto,False,,,Bright pink hibiscus flowers bloom on green bushes planted along a paved pathway surrounded by various other plants and potted foliage.,Pink hibiscus flowers bloom in potted plants placed on a pebble-textured ground surface. The background shows a paved pathway and various green foliage in a garden setting.,D:\caption_project\vietnam_architecture\Chùa_Bảo_Đàm_năm_2022_(cây_cảnh)_(9)_115905643.png,/Users/jenfnguyen/Documents/Dev/KIS-AAI-DM-Master/data/caption_project/vietnam_architecture/Chùa_Bảo_Đàm_năm_2022_(cây_cảnh)_(9)_115905643.png
Chùa_Giác_Sanh_năm_2022_(Mái_rồng)_(3)_126985371.png,0.9086,auto,False,statue,pagoda/temple,A golden dragon sculpture adorns the curved roof ridge of a pagoda. The view looks out over green trees and several multi-story buildings under a blue sky with white clouds.,"Curved pagoda roof corner featuring a golden dragon sculpture, overlooking a residential area with multi-story buildings, trees, and a clear blue sky in the background.",D:\caption_project\vietnam_architecture\Chùa_Giác_Sanh_năm_2022_(Mái_rồng)_(3)_126985371.png,/Users/jenfnguyen/Documents/Dev/KIS-AAI-DM-Master/data/caption_project/vietnam_architecture/Chùa_Giác_Sanh_năm_2022_(Mái_rồng)_(3)_126985371.png
"An_Dihn_Palace,_Hue_(48836784926)_113257220.png",0.9092,auto,False,,,"A yellow colonial building with weathered stucco walls and two arched wooden shuttered windows. A stone staircase with balustrades leads up to the entrance, flanked by ornate white plaster decorations above the arches.","Colonial building exterior featuring yellow walls, arched doorways with dark wooden louvered shutters, and a stone staircase with balustrades. Decorative plaster moldings are visible above the doors, and the structure shows signs of weathering.","D:\caption_project\vietnam_architecture\An_Dihn_Palace,_Hue_(48836784926)_113257220.png","/Users/jenfnguyen/Documents/Dev/KIS-AAI-DM-Master/data/caption_project/vietnam_architecture/An_Dihn_Palace,_Hue_(48836784926)_113257220.png"
An_Dinh_Palace_-_Cung_An_Định_(2024)_-_front_facade_-_img_02_151201452.png,0.91,auto,False,,,A yellow colonial building with white ornate plasterwork and decorative columns stands on a stone balcony. Dark wooden shutters are visible on the arched windows.,"Colonial building exterior featuring yellow walls with white decorative plaster moldings, fluted columns, and arched doorways with dark wooden shutters. A stone balustrade lines the balcony under a cloudy sky.",D:\caption_project\vietnam_architecture\An_Dinh_Palace_-_Cung_An_Định_(2024)_-_front_facade_-_img_02_151201452.png,/Users/jenfnguyen/Documents/Dev/KIS-AAI-DM-Master/data/caption_project/vietnam_architecture/An_Dinh_Palace_-_Cung_An_Định_(2024)_-_front_facade_-_img_02_151201452.png
"Chùa_Huệ_Nghiêm_năm_2022,_trúc_viên_(lối_đi)_(4)_127262521.png",0.9103,auto,False,,,"A pathway through a dense bamboo grove leads to a small thatched-roof structure with stone walls and wooden pillars, surrounded by potted plants on the ground.","A small structure with a thatched roof and stone base sits nestled within a dense bamboo grove. A stone pathway leads through the garden, which is scattered with fallen leaves and potted plants.","D:\caption_project\vietnam_architecture\Chùa_Huệ_Nghiêm_năm_2022,_trúc_viên_(lối_đi)_(4)_127262521.png","/Users/jenfnguyen/Documents/Dev/KIS-AAI-DM-Master/data/caption_project/vietnam_architecture/Chùa_Huệ_Nghiêm_năm_2022,_trúc_viên_(lối_đi)_(4)_127262521.png"
Chùa_Bảo_Đàm_năm_2022_(cây_cối_nhìn_từ_trên)_(2)_115905654.png,0.9106,auto,False,statue,statue,"A white statue of a figure stands in a dense garden filled with green trees and shrubs, surrounded by potted plants and flowers under a bright sky.","White statue of a deity stands in a dense garden filled with various green trees and potted plants, with a tall apartment building visible in the background under a clear sky.",D:\caption_project\vietnam_architecture\Chùa_Bảo_Đàm_năm_2022_(cây_cối_nhìn_từ_trên)_(2)_115905654.png,/Users/jenfnguyen/Documents/Dev/KIS-AAI-DM-Master/data/caption_project/vietnam_architecture/Chùa_Bảo_Đàm_năm_2022_(cây_cối_nhìn_từ_trên)_(2)_115905654.png
Chùa_Giác_Sanh_năm_2022_(Mái_rồng)_(2)_126985369.png,0.9108,auto,False,statue,statue,Close-up of a golden dragon sculpture on the curved roof ridge of a traditional building with green tiles and red trim against a blue sky.,"Golden dragon sculpture perched on the curved corner of a pagoda roof, featuring green ceramic tiles and red painted wood trim against a bright blue sky with green trees below.",D:\caption_project\vietnam_architecture\Chùa_Giác_Sanh_năm_2022_(Mái_rồng)_(2)_126985369.png,/Users/jenfnguyen/Documents/Dev/KIS-AAI-DM-Master/data/caption_project/vietnam_architecture/Chùa_Giác_Sanh_năm_2022_(Mái_rồng)_(2)_126985369.png
"Basílica_de_Nuestra_Señora,_Ciudad_Ho_Chi_Minh,_Vietnam,_2013-08-14,_DD_09_30082755.png",0.9109,auto,False,church,church,"A large red brick church with two tall pointed towers topped by crosses. The facade features arched doorways and windows, a central rose window, and a clock.","Red brick church with two tall spires, a central rose window, and arched doorways. The facade features stone detailing, a clock, and crosses at the peaks, with vehicles parked in front.","D:\caption_project\vietnam_architecture\Basílica_de_Nuestra_Señora,_Ciudad_Ho_Chi_Minh,_Vietnam,_2013-08-14,_DD_09_30082755.png","/Users/jenfnguyen/Documents/Dev/KIS-AAI-DM-Master/data/caption_project/vietnam_architecture/Basílica_de_Nuestra_Señora,_Ciudad_Ho_Chi_Minh,_Vietnam,_2013-08-14,_DD_09_30082755.png"
"Chùa_Huệ_Nghiêm_năm_2022,_trúc_viên,_chậu_hương_khảm_sành_sứ)_(5)_124242906.png",0.9111,auto,False,,,"A large mosaic incense burner made of blue and white tiles with floral patterns stands on a pedestal. Behind it, a tiled altar holds burning incense sticks and small offerings.","Large ceramic incense burner decorated with blue and white mosaic tiles, featuring floral patterns and filled with red incense sticks. It stands on a tiled floor in front of a stone altar.","D:\caption_project\vietnam_architecture\Chùa_Huệ_Nghiêm_năm_2022,_trúc_viên,_chậu_hương_khảm_sành_sứ)_(5)_124242906.png","/Users/jenfnguyen/Documents/Dev/KIS-AAI-DM-Master/data/caption_project/vietnam_architecture/Chùa_Huệ_Nghiêm_năm_2022,_trúc_viên,_chậu_hương_khảm_sành_sứ)_(5)_124242906.png"
Chùa_Giác_Sanh_năm_2022_(trong_chánh_điện)_(4)_126962084.png,0.9111,auto,False,pagoda/temple,pagoda/temple,"Interior of a temple featuring a central altar with a golden Buddha statue, surrounded by floral offerings and red vases on a polished stone floor.","Interior of a temple featuring a central altar with a golden Buddha statue. The space has polished stone floors, a red patterned carpet, and ornate wooden carvings with Chinese characters on red pillars.",D:\caption_project\vietnam_architecture\Chùa_Giác_Sanh_năm_2022_(trong_chánh_điện)_(4)_126962084.png,/Users/jenfnguyen/Documents/Dev/KIS-AAI-DM-Master/data/caption_project/vietnam_architecture/Chùa_Giác_Sanh_năm_2022_(trong_chánh_điện)_(4)_126962084.png
20231004_Site_of_the_Nam_Việt_palace_177309933.png,0.912,auto,False,,,An archaeological excavation site featuring curved stone walls and a central pathway paved with flat stones and dark pebbles. Large stone slabs are positioned vertically within the excavated area.,"Archaeological excavation site featuring stone foundations, curved retaining walls, and upright stone slabs. The ground is covered with dirt, scattered rocks, and sections of paved stone flooring within a sunken area.",D:\caption_project\vietnam_architecture\20231004_Site_of_the_Nam_Việt_palace_177309933.png,/Users/jenfnguyen/Documents/Dev/KIS-AAI-DM-Master/data/caption_project/vietnam_architecture/20231004_Site_of_the_Nam_Việt_palace_177309933.png
Bàn_thờ_Quan_Công_(2)_28963881.png,0.9132,auto,False,drawing/map,drawing/map,"An ornate interior altar with intricate red and gold carved wooden panels framing a central painting of a bearded figure. A vase with yellow flowers, an incense burner, and offerings sit on the table below.","Interior altar featuring a central painting of a bearded man in yellow robes, framed by intricate red and gold carved wooden panels. A blue and white vase with flowers sits on the table.",D:\caption_project\vietnam_architecture\Bàn_thờ_Quan_Công_(2)_28963881.png,/Users/jenfnguyen/Documents/Dev/KIS-AAI-DM-Master/data/caption_project/vietnam_architecture/Bàn_thờ_Quan_Công_(2)_28963881.png
"2013-07-16_Hue_Railway_Station,North–South_Railway_(Vietnam)_DSCF9861_58443936.png",0.9134,auto,False,,,A pink and white colonial-style building with a long covered walkway supported by grey columns stands alongside railway tracks. People are walking on the platform and browsing at shops under the shelter.,"Colonial building painted pink with a long covered walkway supported by grey cylindrical columns runs parallel to a railway track. People walk along the platform, which features various small stalls and goods.","D:\caption_project\vietnam_architecture\2013-07-16_Hue_Railway_Station,North–South_Railway_(Vietnam)_DSCF9861_58443936.png","/Users/jenfnguyen/Documents/Dev/KIS-AAI-DM-Master/data/caption_project/vietnam_architecture/2013-07-16_Hue_Railway_Station,North–South_Railway_(Vietnam)_DSCF9861_58443936.png"
"Bridge_on_Route_1,_Quang_Tri,_Vietnam,_26_March_1967_109871480.png",0.9135,auto,False,bridge,bridge,"A collapsed metal truss bridge lies partially submerged in a river, with its structure broken and tilted into the water. The dark steel framework reflects on the calm surface under an overcast sky.","Damaged metal truss bridge spanning a river with sections collapsed into the water. The dark steel structure is partially submerged, showing signs of severe structural failure against a clear sky background.","D:\caption_project\vietnam_architecture\Bridge_on_Route_1,_Quang_Tri,_Vietnam,_26_March_1967_109871480.png","/Users/jenfnguyen/Documents/Dev/KIS-AAI-DM-Master/data/caption_project/vietnam_architecture/Bridge_on_Route_1,_Quang_Tri,_Vietnam,_26_March_1967_109871480.png"
"Chùa_Giác_Sanh_năm_2022_(Ban_thờ_trong_chánh_điện,_tấm_thảm_đỏ)_(6)_126983196.png",0.9135,auto,False,pagoda/temple,pagoda/temple,"Interior of a temple with a large golden Buddha statue seated on an ornate wooden altar, surrounded by flowers and offerings, against a painted backdrop of trees and landscape.","Interior of a temple featuring a central golden Buddha statue seated on a dark wooden altar. The space is decorated with red floral arrangements, ornate gold-painted wood carvings, and large red carpets.","D:\caption_project\vietnam_architecture\Chùa_Giác_Sanh_năm_2022_(Ban_thờ_trong_chánh_điện,_tấm_thảm_đỏ)_(6)_126983196.png","/Users/jenfnguyen/Documents/Dev/KIS-AAI-DM-Master/data/caption_project/vietnam_architecture/Chùa_Giác_Sanh_năm_2022_(Ban_thờ_trong_chánh_điện,_tấm_thảm_đỏ)_(6)_126983196.png"
"Chùa_Huệ_Nghiêm_năm_2022,_trúc_viên_(khóm_trúc)_(4)_127262516.png",0.9136,auto,False,,,"Tall green bamboo stalks stand densely together on a ground covered with dry brown leaves. Behind the bamboo, a building with a tiled roof and open sides is partially visible.","Tall green bamboo stalks stand in the foreground, partially obscuring a building with a red tiled roof and yellow walls. The ground is covered with scattered dry bamboo leaves.","D:\caption_project\vietnam_architecture\Chùa_Huệ_Nghiêm_năm_2022,_trúc_viên_(khóm_trúc)_(4)_127262516.png","/Users/jenfnguyen/Documents/Dev/KIS-AAI-DM-Master/data/caption_project/vietnam_architecture/Chùa_Huệ_Nghiêm_năm_2022,_trúc_viên_(khóm_trúc)_(4)_127262516.png"
"Bach_Ngoc,_Tran_Le_Xuan_Villa_03_17317510.png",0.9137,auto,False,,,A large cream-colored colonial building with a red tiled roof and white columns stands behind a swimming pool. A smaller adjacent structure features blue railings and brick accents under a clear blue sky.,Colonial building with a red tiled roof and cream walls sits on a stone retaining wall above a swimming pool. A modern white structure with a balcony and lattice screen stands in the foreground.,"D:\caption_project\vietnam_architecture\Bach_Ngoc,_Tran_Le_Xuan_Villa_03_17317510.png","/Users/jenfnguyen/Documents/Dev/KIS-AAI-DM-Master/data/caption_project/vietnam_architecture/Bach_Ngoc,_Tran_Le_Xuan_Villa_03_17317510.png"
"Chùa_Giác_Sanh_năm_2022_(Ban_thờ_trong_chánh_điện,_tấm_thảm_đỏ)_(3)_126983191.png",0.9137,auto,False,pagoda/temple,pagoda/temple,"Interior of a Buddhist temple featuring a large golden Buddha statue seated under a tree on an ornate altar. The space is decorated with intricate gold carvings and red pillars, and a large red patterned carpet covers the floor.","Interior of a temple featuring a central golden Buddha statue seated on a lotus throne, framed by ornate red and gold carved wooden pillars and a backdrop painting of a tree.","D:\caption_project\vietnam_architecture\Chùa_Giác_Sanh_năm_2022_(Ban_thờ_trong_chánh_điện,_tấm_thảm_đỏ)_(3)_126983191.png","/Users/jenfnguyen/Documents/Dev/KIS-AAI-DM-Master/data/caption_project/vietnam_architecture/Chùa_Giác_Sanh_năm_2022_(Ban_thờ_trong_chánh_điện,_tấm_thảm_đỏ)_(3)_126983191.png"
"Chùa_Huệ_Nghiêm_năm_2022,_trúc_viên,_chậu_hương_khảm_sành_sứ)_(6)_124242908.png",0.9141,auto,False,,,"A large mosaic incense burner with blue, white, and red patterns holds numerous burning sticks of incense. It stands on a tiled floor before a stone wall.","Large circular incense burner decorated with blue and white ceramic mosaic tiles, featuring floral patterns and a pedestal base. It sits on a tiled floor in front of a stone wall.","D:\caption_project\vietnam_architecture\Chùa_Huệ_Nghiêm_năm_2022,_trúc_viên,_chậu_hương_khảm_sành_sứ)_(6)_124242908.png","/Users/jenfnguyen/Documents/Dev/KIS-AAI-DM-Master/data/caption_project/vietnam_architecture/Chùa_Huệ_Nghiêm_năm_2022,_trúc_viên,_chậu_hương_khảm_sành_sứ)_(6)_124242908.png"
"Chùa_Bảo_Quang,_Tân_Phú,_tháng_01_năm_2022_(cổng_chùa_nhìn_từ_bên_trong)_(2)_114342741.png",0.9151,auto,False,,,"A dark wooden gate with vertical metal bars stands beside a tiled pillar featuring golden Vietnamese calligraphy. Through the bars, an outdoor area with greenery and distant buildings is visible.",Dark metal gate with vertical bars stands beside a stone pillar featuring a vertical panel with gold-colored Vietnamese characters. The structure overlooks a street with trees and buildings visible in the background.,"D:\caption_project\vietnam_architecture\Chùa_Bảo_Quang,_Tân_Phú,_tháng_01_năm_2022_(cổng_chùa_nhìn_từ_bên_trong)_(2)_114342741.png","/Users/jenfnguyen/Documents/Dev/KIS-AAI-DM-Master/data/caption_project/vietnam_architecture/Chùa_Bảo_Quang,_Tân_Phú,_tháng_01_năm_2022_(cổng_chùa_nhìn_từ_bên_trong)_(2)_114342741.png"
Chùa_Giác_Sanh_năm_2022_(cổng_chùa)_(18)_116026103.png,0.9153,auto,False,,,"A black and gold metal gate with a lotus flower design stands next to a tall stone pillar under a blue sky. Buddhist flags and a red lantern hang above, while a blue building is visible in the background.","A metal gate with gold-colored lotus and coin motifs stands before a stone pillar. In the background, a bright blue multi-story building is visible under a sky decorated with Buddhist flags and a red lantern.",D:\caption_project\vietnam_architecture\Chùa_Giác_Sanh_năm_2022_(cổng_chùa)_(18)_116026103.png,/Users/jenfnguyen/Documents/Dev/KIS-AAI-DM-Master/data/caption_project/vietnam_architecture/Chùa_Giác_Sanh_năm_2022_(cổng_chùa)_(18)_116026103.png
Chùa_Giác_Sanh_năm_2022_(Ban_thờ_trong_chánh_điện)_(27)_126983183.png,0.9155,auto,False,statue,pagoda/temple,"A golden Buddha statue sits on a carved wooden altar inside a temple. The space features ornate red and gold decorations, floral arrangements, and a painted backdrop of nature.",Interior of a temple featuring a central golden Buddha statue seated before a painted mural of a tree. The altar is adorned with intricate red and gold wooden carvings and floral arrangements.,D:\caption_project\vietnam_architecture\Chùa_Giác_Sanh_năm_2022_(Ban_thờ_trong_chánh_điện)_(27)_126983183.png,/Users/jenfnguyen/Documents/Dev/KIS-AAI-DM-Master/data/caption_project/vietnam_architecture/Chùa_Giác_Sanh_năm_2022_(Ban_thờ_trong_chánh_điện)_(27)_126983183.png
Aute_plants_at_RG30_Playground_of_Mạc_Thái_Tông_Street_11-03-2026_E2_185923048.png,0.9158,auto,False,,,"A low brick wall with white graffiti and a green metal fence on top, with green plants growing along the ledge.","Low red brick wall topped with a dark green metal fence, featuring white spray-painted graffiti on the side and small green plants growing from the cracks along the base.",D:\caption_project\vietnam_architecture\Aute_plants_at_RG30_Playground_of_Mạc_Thái_Tông_Street_11-03-2026_E2_185923048.png,/Users/jenfnguyen/Documents/Dev/KIS-AAI-DM-Master/data/caption_project/vietnam_architecture/Aute_plants_at_RG30_Playground_of_Mạc_Thái_Tông_Street_11-03-2026_E2_185923048.png
"Chùa_Bửu_Thắng,_Tân_Phú_(cổng_chùa_mặt_bên),_đang_tuyên_truyền_cho_cuộc_bầu_tử_tháng_5_năm_2021_(3)_106024621.png",0.916,auto,False,pagoda/temple,pagoda/temple,A stone wall with decorative golden pagoda-style lanterns on top and a red banner with yellow Vietnamese text draped across it.,"A stone wall topped with small, golden, pagoda-style decorative lanterns features a large red banner with yellow text. The wall is made of light-colored granite panels and is surrounded by green trees.","D:\caption_project\vietnam_architecture\Chùa_Bửu_Thắng,_Tân_Phú_(cổng_chùa_mặt_bên),_đang_tuyên_truyền_cho_cuộc_bầu_tử_tháng_5_năm_2021_(3)_106024621.png","/Users/jenfnguyen/Documents/Dev/KIS-AAI-DM-Master/data/caption_project/vietnam_architecture/Chùa_Bửu_Thắng,_Tân_Phú_(cổng_chùa_mặt_bên),_đang_tuyên_truyền_cho_cuộc_bầu_tử_tháng_5_năm_2021_(3)_106024621.png"
"Chùa_Giác_Lâm,_tháng_01_năm_2022_(tháp_xá_lợi)_(1)_114440041.png",0.9161,auto,False,pagoda/temple,pagoda/temple,"A tall yellow pagoda with multiple tiers of curved roofs stands under a blue sky. A golden statue is visible at the entrance, surrounded by green trees.","Multi-story yellow pagoda featuring tiered roofs and balconies, with a golden statue of a standing Buddha placed in front of the entrance. The structure is surrounded by green trees under a blue sky.","D:\caption_project\vietnam_architecture\Chùa_Giác_Lâm,_tháng_01_năm_2022_(tháp_xá_lợi)_(1)_114440041.png","/Users/jenfnguyen/Documents/Dev/KIS-AAI-DM-Master/data/caption_project/vietnam_architecture/Chùa_Giác_Lâm,_tháng_01_năm_2022_(tháp_xá_lợi)_(1)_114440041.png"
Chùa_Giác_Sanh_năm_2022_(Mái_rồng)_(4)_126985374.png,0.9164,auto,False,statue,statue,"A curved tiled roof with green tiles and a golden dragon sculpture along the ridge, against a blue sky. A red lantern hangs from the eaves.",Curved roof corner of a building features a golden dragon sculpture perched on green glazed tiles. A red lantern hangs from the eaves against a bright blue sky with scattered clouds.,D:\caption_project\vietnam_architecture\Chùa_Giác_Sanh_năm_2022_(Mái_rồng)_(4)_126985374.png,/Users/jenfnguyen/Documents/Dev/KIS-AAI-DM-Master/data/caption_project/vietnam_architecture/Chùa_Giác_Sanh_năm_2022_(Mái_rồng)_(4)_126985374.png
"Chum_kiểng_tu_viện_Vinh_Sơn,_Quận_3_(32)_115803853.png",0.9167,auto,False,,,A large brown ceramic jar rests on a circular base of stacked stones against a white wall with blue vertical pillars. A green door and patterned concrete ground surround the scene.,"A large brown ceramic jar sits on a stone base against a white wall with blue vertical pillars. The ground is covered in patterned grey paving tiles, and graffiti is visible on the wall.","D:\caption_project\vietnam_architecture\Chum_kiểng_tu_viện_Vinh_Sơn,_Quận_3_(32)_115803853.png","/Users/jenfnguyen/Documents/Dev/KIS-AAI-DM-Master/data/caption_project/vietnam_architecture/Chum_kiểng_tu_viện_Vinh_Sơn,_Quận_3_(32)_115803853.png"
Chum_nước_phong_thủy_ng22th9n2022_(cặp_chum_3_cái)_(2)_123261375.png,0.9168,auto,False,,,"Three large brown ceramic jars serve as fountains in a shallow water pool within a garden setting. Water jets spray upwards from each jar, surrounded by green grass and tropical plants.",Three dark brown ceramic water jars function as fountains in a shallow pool. The jars are positioned in a grassy garden setting with various potted plants and trees visible in the background.,D:\caption_project\vietnam_architecture\Chum_nước_phong_thủy_ng22th9n2022_(cặp_chum_3_cái)_(2)_123261375.png,/Users/jenfnguyen/Documents/Dev/KIS-AAI-DM-Master/data/caption_project/vietnam_architecture/Chum_nước_phong_thủy_ng22th9n2022_(cặp_chum_3_cái)_(2)_123261375.png
"Chùa_Huệ_Nghiêm_năm_2022,_trúc_viên,_chậu_hương_khảm_sành_sứ)_(3)_124242905.png",0.917,auto,False,,,"A large mosaic incense burner with blue, white, and orange patterns stands on a tiled floor in front of a stone altar holding offerings.",A ceramic incense burner decorated with blue and white mosaic patterns stands on a tiled floor in front of a stone wall. A white altar table holds yellow flowers and candles.,"D:\caption_project\vietnam_architecture\Chùa_Huệ_Nghiêm_năm_2022,_trúc_viên,_chậu_hương_khảm_sành_sứ)_(3)_124242905.png","/Users/jenfnguyen/Documents/Dev/KIS-AAI-DM-Master/data/caption_project/vietnam_architecture/Chùa_Huệ_Nghiêm_năm_2022,_trúc_viên,_chậu_hương_khảm_sành_sứ)_(3)_124242905.png"
20231004_Mausoleum_of_Triệu_Mạt_177309945.png,0.9172,auto,False,,,An archaeological excavation site under a modern glass and steel roof structure with black metal framing. Visitors walk along an elevated viewing platform overlooking the dirt pit where numerous dark plastic containers are placed on the ground.,Archaeological excavation site featuring exposed earth and stone foundations enclosed within a modern glass and steel structure. Visitors walk along a raised metal platform overlooking the dug-out terrain and plastic containers.,D:\caption_project\vietnam_architecture\20231004_Mausoleum_of_Triệu_Mạt_177309945.png,/Users/jenfnguyen/Documents/Dev/KIS-AAI-DM-Master/data/caption_project/vietnam_architecture/20231004_Mausoleum_of_Triệu_Mạt_177309945.png
Bạch_dinh-phù_điêu_24868177.png,0.9173,auto,False,statue,statue,Detail of a white colonial building facade featuring an arched window with open louvered shutters and decorative moldings. A sculpted bust in a circular frame adorns the wall to the right.,"Colonial building facade featuring an arched window with light blue louvered shutters. To the right, a circular medallion contains a small bust sculpture mounted on a decorative bracket against the white wall.",D:\caption_project\vietnam_architecture\Bạch_dinh-phù_điêu_24868177.png,/Users/jenfnguyen/Documents/Dev/KIS-AAI-DM-Master/data/caption_project/vietnam_architecture/Bạch_dinh-phù_điêu_24868177.png
AnDinhResidence4_4070245.png,0.9186,auto,False,,,A yellow colonial building with a red-tiled roof is enclosed by a weathered wall and an ornate gate. A person wearing a conical hat rides a bicycle along the street in front of the property.,Colonial building with yellow walls and a tiled roof stands behind a weathered perimeter wall and metal fence. A person rides a bicycle on the street in front of an ornate stone gate.,D:\caption_project\vietnam_architecture\AnDinhResidence4_4070245.png,/Users/jenfnguyen/Documents/Dev/KIS-AAI-DM-Master/data/caption_project/vietnam_architecture/AnDinhResidence4_4070245.png
"Chùa_Bảo_Đàm_năm_2022_(Điện_Quan_Âm,_toàn_cảnh)_(2)_115903675.png",0.9202,auto,False,statue,statue,A white stone statue of a standing figure stands in a garden surrounded by dense greenery and potted plants. A round marble table holds yellow flowers and offerings nearby.,"A white statue of a deity stands in a garden setting, accompanied by a stone table with offerings, potted plants, and a circular stone pathway surrounded by green foliage and trees.","D:\caption_project\vietnam_architecture\Chùa_Bảo_Đàm_năm_2022_(Điện_Quan_Âm,_toàn_cảnh)_(2)_115903675.png","/Users/jenfnguyen/Documents/Dev/KIS-AAI-DM-Master/data/caption_project/vietnam_architecture/Chùa_Bảo_Đàm_năm_2022_(Điện_Quan_Âm,_toàn_cảnh)_(2)_115903675.png"
Chua_Mot_Cot_5627645.png,0.9204,auto,False,pagoda/temple,pagoda/temple,"A two-story wooden pagoda with a dark curved roof stands on a single concrete pillar in a pond. Green trees surround the structure, and a white decorative wall runs along the water's edge.","Small wooden pagoda structure with a curved, tiled roof sits atop a single stone pillar in the center of a square pond. The dark wood building features a balcony and is surrounded by trees.",D:\caption_project\vietnam_architecture\Chua_Mot_Cot_5627645.png,/Users/jenfnguyen/Documents/Dev/KIS-AAI-DM-Master/data/caption_project/vietnam_architecture/Chua_Mot_Cot_5627645.png
Chùa_Giác_Sanh_năm_2022_(Ban_thờ_trong_chánh_điện)_(12)_126983176.png,0.9204,auto,False,pagoda/temple,pagoda/temple,Interior of a temple featuring a central golden Buddha statue seated under a tree. Surrounding statues are decorated with flowers and fruit offerings beneath an ornate carved wooden arch.,"Interior of a temple featuring a large central golden Buddha statue seated before a painted mural of a tree. Ornate gold-painted wooden carvings frame the scene, with smaller statues and offerings placed below.",D:\caption_project\vietnam_architecture\Chùa_Giác_Sanh_năm_2022_(Ban_thờ_trong_chánh_điện)_(12)_126983176.png,/Users/jenfnguyen/Documents/Dev/KIS-AAI-DM-Master/data/caption_project/vietnam_architecture/Chùa_Giác_Sanh_năm_2022_(Ban_thờ_trong_chánh_điện)_(12)_126983176.png
"Ancient_Tomb_Complex_in_Phước_Vĩnh_Đông_Commune,_Cần_Giuộc,_Việt_Nam_(43)_198204733.png",0.9219,auto,False,tomb,tomb,"A weathered tomb structure with a gray tiled roof and white walls, surrounded by green foliage.","Stone tomb structure featuring a tiered roof with cylindrical tile details and a white, weathered wall. The grey masonry is surrounded by green foliage in an outdoor setting.","D:\caption_project\vietnam_architecture\Ancient_Tomb_Complex_in_Phước_Vĩnh_Đông_Commune,_Cần_Giuộc,_Việt_Nam_(43)_198204733.png","/Users/jenfnguyen/Documents/Dev/KIS-AAI-DM-Master/data/caption_project/vietnam_architecture/Ancient_Tomb_Complex_in_Phước_Vĩnh_Đông_Commune,_Cần_Giuộc,_Việt_Nam_(43)_198204733.png"
Anh_mo_98954032.png,0.9225,auto,False,statue,statue,A large white reclining Buddha statue stands on a hill above a manicured garden with green lawns and flowerbeds.,"A large white reclining Buddha statue rests on a raised pedestal in the background of a landscaped garden featuring green lawns, trimmed hedges, and colorful flower beds with red and yellow blossoms.",D:\caption_project\vietnam_architecture\Anh_mo_98954032.png,/Users/jenfnguyen/Documents/Dev/KIS-AAI-DM-Master/data/caption_project/vietnam_architecture/Anh_mo_98954032.png
"Centinelas_de_la_Guardia_de_honor_en_la_entrada_principal_del_Mausoleo_de_Ho_Chi_Minh,_Hanoi,_Vietnam_(41758845064)_109485565.png",0.9231,auto,False,,,"Two guards in white uniforms stand at attention on a wide set of steps before large wooden double doors, flanked by wreaths with red ribbons against a dark gray stone facade.",Two guards in white uniforms stand on either side of a large wooden double door set into a grey stone wall. Two circular floral wreaths are placed on the steps flanking the entrance.,"D:\caption_project\vietnam_architecture\Centinelas_de_la_Guardia_de_honor_en_la_entrada_principal_del_Mausoleo_de_Ho_Chi_Minh,_Hanoi,_Vietnam_(41758845064)_109485565.png","/Users/jenfnguyen/Documents/Dev/KIS-AAI-DM-Master/data/caption_project/vietnam_architecture/Centinelas_de_la_Guardia_de_honor_en_la_entrada_principal_del_Mausoleo_de_Ho_Chi_Minh,_Hanoi,_Vietnam_(41758845064)_109485565.png"
"Chùa_Diệu_Pháp_(trong_Chánh_điện,_tượng_Phật_tổ)_(1)_127033516.png",0.9232,auto,False,statue,statue,"A large wooden Buddha statue sits on an ornate carved altar inside a temple with wood-paneled walls and ceiling. The altar holds offerings of fruit, flowers, and incense.","A large wooden Buddha statue sits behind an altar decorated with fruit, flowers, and incense burners. The interior features dark wood paneling, intricate carvings on the altar base, and a coffered wooden ceiling.","D:\caption_project\vietnam_architecture\Chùa_Diệu_Pháp_(trong_Chánh_điện,_tượng_Phật_tổ)_(1)_127033516.png","/Users/jenfnguyen/Documents/Dev/KIS-AAI-DM-Master/data/caption_project/vietnam_architecture/Chùa_Diệu_Pháp_(trong_Chánh_điện,_tượng_Phật_tổ)_(1)_127033516.png"
August_2003_Hoan_Kiem_2_108244758.png,0.9234,auto,False,pagoda/temple,pagoda/temple,"A three-story stone pagoda stands on an island in a lake, surrounded by green trees and grass. The structure features arched openings, decorative roof ridges with dragon motifs, and weathered gray walls.","Small stone pagoda with three levels and pointed arched openings stands in the middle of a lake. The structure features a tiled roof with decorative dragon ornaments on the ridge, surrounded by trees.",D:\caption_project\vietnam_architecture\August_2003_Hoan_Kiem_2_108244758.png,/Users/jenfnguyen/Documents/Dev/KIS-AAI-DM-Master/data/caption_project/vietnam_architecture/August_2003_Hoan_Kiem_2_108244758.png
Chùa_Bảo_Đàm_năm_2022_(cổng_chùa_song_sắt)_(3)_115831996.png,0.9236,auto,False,,,A black wrought iron gate with lotus motifs stands before a grey and white building facade featuring intricate geometric carvings and a golden plaque. Potted green plants grow in the foreground.,"Black metal gate with lotus motifs stands before a grey building with intricate relief carvings and Chinese characters. Potted green plants are arranged in the foreground, partially obscuring the view of the structure.",D:\caption_project\vietnam_architecture\Chùa_Bảo_Đàm_năm_2022_(cổng_chùa_song_sắt)_(3)_115831996.png,/Users/jenfnguyen/Documents/Dev/KIS-AAI-DM-Master/data/caption_project/vietnam_architecture/Chùa_Bảo_Đàm_năm_2022_(cổng_chùa_song_sắt)_(3)_115831996.png
Bright_(16168297349)_131873373.png,0.9237,auto,False,pagoda/temple,pagoda/temple,"A multi-tiered pagoda with curved eaves stands on a small island in the middle of a lake at night. The structure is illuminated with red light and reflects clearly in the calm water, surrounded by trees and city buildings.","Small pagoda structure with a multi-tiered roof sits on a tiny island in the middle of a lake at night. The building is illuminated by warm lights, reflecting clearly on the water surface.",D:\caption_project\vietnam_architecture\Bright_(16168297349)_131873373.png,/Users/jenfnguyen/Documents/Dev/KIS-AAI-DM-Master/data/caption_project/vietnam_architecture/Bright_(16168297349)_131873373.png
"Chùa_Giác_Lâm_(bảo_tháp),_tháng_4_năm_2021_(3)_106026750.png",0.9237,auto,False,pagoda/temple,pagoda/temple,"A multi-tiered pagoda with curved eaves and balconies is illuminated at night. The structure features cream-colored walls, dark railings, and decorative elements under the roofline, surrounded by trees.","Multi-story pagoda illuminated at night, featuring tiered roofs with curved corners and balconies with balustrades. The structure is painted in light yellow and brown tones, framed by dark tree silhouettes.","D:\caption_project\vietnam_architecture\Chùa_Giác_Lâm_(bảo_tháp),_tháng_4_năm_2021_(3)_106026750.png","/Users/jenfnguyen/Documents/Dev/KIS-AAI-DM-Master/data/caption_project/vietnam_architecture/Chùa_Giác_Lâm_(bảo_tháp),_tháng_4_năm_2021_(3)_106026750.png"
"Chùa_Bảo_Thắng_ở_Thủ_Đức,_tháng_12_năm_2021_(Cổng_chùa_chánh_diện)_(9)_113700987.png",0.9238,auto,False,pagoda/temple,pagoda/temple,"An ornate temple gate with red pillars, turquoise walls, and extensive gold dragon carvings. A black metal gate stands at the entrance beneath an elaborate tiled roof.","Temple gate featuring a curved tiled roof with dragon ornaments, red and light blue painted walls, and intricate gold-colored wood carvings above a black metal gate. Modern buildings are visible in the background.","D:\caption_project\vietnam_architecture\Chùa_Bảo_Thắng_ở_Thủ_Đức,_tháng_12_năm_2021_(Cổng_chùa_chánh_diện)_(9)_113700987.png","/Users/jenfnguyen/Documents/Dev/KIS-AAI-DM-Master/data/caption_project/vietnam_architecture/Chùa_Bảo_Thắng_ở_Thủ_Đức,_tháng_12_năm_2021_(Cổng_chùa_chánh_diện)_(9)_113700987.png"
Chùa_Huệ_Nghiêm_năm_2022_(bảo_tháp)_(5)_127296669.png,0.9246,auto,False,pagoda/temple,pagoda/temple,"A tall pagoda tower with a greenish concrete facade and gold horizontal lines. It features white decorative panels, a golden roof ridge, and a gilded spire at the top, surrounded by green trees.","Tall pagoda tower with a grey concrete facade featuring white rectangular relief panels and a golden top section. The structure has a flared roof with a small golden spire, surrounded by green trees.",D:\caption_project\vietnam_architecture\Chùa_Huệ_Nghiêm_năm_2022_(bảo_tháp)_(5)_127296669.png,/Users/jenfnguyen/Documents/Dev/KIS-AAI-DM-Master/data/caption_project/vietnam_architecture/Chùa_Huệ_Nghiêm_năm_2022_(bảo_tháp)_(5)_127296669.png
An_Dinh_Palace_-_Cung_An_Định_(2024)_-_front_facade_-_img_03_151201455.png,0.9261,auto,False,,,"A yellow colonial building with white decorative stucco features and dark brown wooden shutters. The exterior includes an arched entryway, ornate columns, and a weathered stone balcony in the foreground.","Colonial building facade featuring yellow plastered walls with white decorative moldings, Corinthian columns, and brown wooden louvered shutters. A stone balustrade runs along the foreground balcony under a cloudy sky.",D:\caption_project\vietnam_architecture\An_Dinh_Palace_-_Cung_An_Định_(2024)_-_front_facade_-_img_03_151201455.png,/Users/jenfnguyen/Documents/Dev/KIS-AAI-DM-Master/data/caption_project/vietnam_architecture/An_Dinh_Palace_-_Cung_An_Định_(2024)_-_front_facade_-_img_03_151201455.png
"Bridge_over_Rach_Lang_River,_district_of_Saigon,_1885_-_Brücke_über_den_Fluss_Rach_Lang,_Bezirk_Saigon,_1885_(French_Pho_148552709.png",0.9266,auto,False,bridge,bridge,"A black and white photograph of a metal truss bridge spanning a river over concrete piers, surrounded by palm trees and dense vegetation along the banks.","Metal truss bridge spans a narrow river, supported by concrete piers. The structure is surrounded by palm trees and vegetation, with a person standing on the bridge deck in this black and white photograph.","D:\caption_project\vietnam_architecture\Bridge_over_Rach_Lang_River,_district_of_Saigon,_1885_-_Brücke_über_den_Fluss_Rach_Lang,_Bezirk_Saigon,_1885_(French_Pho_148552709.png","/Users/jenfnguyen/Documents/Dev/KIS-AAI-DM-Master/data/caption_project/vietnam_architecture/Bridge_over_Rach_Lang_River,_district_of_Saigon,_1885_-_Brücke_über_den_Fluss_Rach_Lang,_Bezirk_Saigon,_1885_(French_Pho_148552709.png"
Chuongdong_9000kg_Cole_6073887.png,0.9277,auto,False,statue,pagoda/temple,"A large dark bronze bell stands partially submerged in a pond, topped with a dragon sculpture and bearing an inscription, with a yellow temple facade visible behind it.",A large dark bronze bell with a dragon-shaped handle stands in a pond in front of a yellow temple building with arched doorways and decorative pillars.,D:\caption_project\vietnam_architecture\Chuongdong_9000kg_Cole_6073887.png,/Users/jenfnguyen/Documents/Dev/KIS-AAI-DM-Master/data/caption_project/vietnam_architecture/Chuongdong_9000kg_Cole_6073887.png
"Chùa_Hòa_Bình_quận_10_(cổng_chùa,_cửa_sắt)_119455215.png",0.928,auto,False,,,Arched metal gate with vertical bars and lotus flower cutouts on lower panels. A red sign is visible through the bars.,"Arched metal gate painted light gray features vertical bars and decorative lotus flower motifs at the bottom. A red rectangular sign is attached to the gate, with a glimpse of a building interior visible behind.","D:\caption_project\vietnam_architecture\Chùa_Hòa_Bình_quận_10_(cổng_chùa,_cửa_sắt)_119455215.png","/Users/jenfnguyen/Documents/Dev/KIS-AAI-DM-Master/data/caption_project/vietnam_architecture/Chùa_Hòa_Bình_quận_10_(cổng_chùa,_cửa_sắt)_119455215.png"
Bamboo_pipe_at_Vân_Anh_Iced_Tea_08-10-2025_178565585.png,0.9281,auto,False,,,Blue plastic stools and a white table sit on a paved sidewalk at night. A bamboo tube leans against the table. Motorcycles are parked nearby.,"A sidewalk scene at night features a small plastic table and blue stools arranged on a paved surface. A long bamboo pipe rests against the table, with motorbikes and a bicycle parked nearby.",D:\caption_project\vietnam_architecture\Bamboo_pipe_at_Vân_Anh_Iced_Tea_08-10-2025_178565585.png,/Users/jenfnguyen/Documents/Dev/KIS-AAI-DM-Master/data/caption_project/vietnam_architecture/Bamboo_pipe_at_Vân_Anh_Iced_Tea_08-10-2025_178565585.png
"0040323_Thap_Banh_It_complex,_Nhon_Hoa,_Binh_Dinh_Vietnam_012_132478843.png",0.9289,auto,False,,,"Two brick tower structures with tiered roofs and arched doorways stand on a grassy hill under a blue sky. A paved stone courtyard is in the foreground, and green vegetation surrounds the base of the towers.","Two brick towers with tiered, pyramid-shaped roofs stand on a grassy hill. The structures feature pointed arched doorways and weathered red brick surfaces, surrounded by green vegetation under a clear blue sky.","D:\caption_project\vietnam_architecture\0040323_Thap_Banh_It_complex,_Nhon_Hoa,_Binh_Dinh_Vietnam_012_132478843.png","/Users/jenfnguyen/Documents/Dev/KIS-AAI-DM-Master/data/caption_project/vietnam_architecture/0040323_Thap_Banh_It_complex,_Nhon_Hoa,_Binh_Dinh_Vietnam_012_132478843.png"
"Chùa_Giác_Sanh_năm_2022_(Ban_thờ_trong_chánh_điện,_tấm_thảm_đỏ)_(7)_126983198.png",0.9293,auto,False,pagoda/temple,pagoda/temple,Interior of a Buddhist temple altar with a golden Buddha statue seated on an ornate red wooden cabinet. The background features a painted mural of trees and landscape under an elaborate carved golden arch.,"Interior of a temple featuring a central golden Buddha statue seated before a painted landscape mural. The altar is made of dark carved wood, flanked by red pillars with gold Chinese characters.","D:\caption_project\vietnam_architecture\Chùa_Giác_Sanh_năm_2022_(Ban_thờ_trong_chánh_điện,_tấm_thảm_đỏ)_(7)_126983198.png","/Users/jenfnguyen/Documents/Dev/KIS-AAI-DM-Master/data/caption_project/vietnam_architecture/Chùa_Giác_Sanh_năm_2022_(Ban_thờ_trong_chánh_điện,_tấm_thảm_đỏ)_(7)_126983198.png"
Chùa_Huệ_Nghiêm_năm_2022_(kiến_trúc_Di_Lặc_phật_điện)_(1)_127288307.png,0.9294,auto,False,pagoda/temple,pagoda/temple,"A two-story red wooden pagoda with a curved tiled roof and ornate railings, surrounded by potted plants and trees on a stone-paved courtyard.","A two-story wooden pagoda building features a dark red frame, tiled roof, and a balcony with geometric railings. Potted plants line the stone-paved courtyard in front of the structure.",D:\caption_project\vietnam_architecture\Chùa_Huệ_Nghiêm_năm_2022_(kiến_trúc_Di_Lặc_phật_điện)_(1)_127288307.png,/Users/jenfnguyen/Documents/Dev/KIS-AAI-DM-Master/data/caption_project/vietnam_architecture/Chùa_Huệ_Nghiêm_năm_2022_(kiến_trúc_Di_Lặc_phật_điện)_(1)_127288307.png
Chùa_Diệu_Pháp_(mái_ngói_xanh)_(2)_126992673.png,0.9298,auto,False,,,"A multi-story building with a green tiled roof and white balustrade balconies overlooks a river. The structure features wooden doors and windows, set against a backdrop of distant city buildings along the water.","Multi-story building featuring a green tiled roof with curved eaves, white balustrades on the balconies, and dark wooden doors. The structure is situated near a river with a city skyline in the distance.",D:\caption_project\vietnam_architecture\Chùa_Diệu_Pháp_(mái_ngói_xanh)_(2)_126992673.png,/Users/jenfnguyen/Documents/Dev/KIS-AAI-DM-Master/data/caption_project/vietnam_architecture/Chùa_Diệu_Pháp_(mái_ngói_xanh)_(2)_126992673.png
All_the_colors_(22480634069)_131675937.png,0.9318,auto,False,pagoda/temple,pagoda/temple,"A multi-tiered pagoda with curved tiled roofs stands on an island in a lake at night. Beams of light project from the structure onto the dark sky, while its warm orange and red lights reflect vividly on the rippling water.","Small pagoda structure with a multi-tiered roof sits on a small island in the middle of a lake at night. The building is illuminated by spotlights, casting reflections on the water surface.",D:\caption_project\vietnam_architecture\All_the_colors_(22480634069)_131675937.png,/Users/jenfnguyen/Documents/Dev/KIS-AAI-DM-Master/data/caption_project/vietnam_architecture/All_the_colors_(22480634069)_131675937.png
Chum_nước_phong_thủy_ng22th9n2022_(4)_123261370.png,0.9319,auto,False,,,A large dark glazed ceramic water jar serves as a fountain in a shallow rectangular pool with blue tiled edges and green grass surrounding it.,"A dark ceramic jar acts as a water fountain feature placed in the center of a shallow rectangular pool with a black tiled border, situated in a garden setting with green grass.",D:\caption_project\vietnam_architecture\Chum_nước_phong_thủy_ng22th9n2022_(4)_123261370.png,/Users/jenfnguyen/Documents/Dev/KIS-AAI-DM-Master/data/caption_project/vietnam_architecture/Chum_nước_phong_thủy_ng22th9n2022_(4)_123261370.png
"Chùa_Huệ_Nghiêm_năm_2022,_trúc_viên_(rừng_trúc)_(16)_127262753.png",0.9339,auto,False,,,"Tall green bamboo stalks with dense leaves fill the frame, partially obscuring a building with a tiled roof visible in the background.","Dense bamboo stalks fill the foreground, partially obscuring a building with a yellow wall and a tiled roof visible in the lower portion of the frame.","D:\caption_project\vietnam_architecture\Chùa_Huệ_Nghiêm_năm_2022,_trúc_viên_(rừng_trúc)_(16)_127262753.png","/Users/jenfnguyen/Documents/Dev/KIS-AAI-DM-Master/data/caption_project/vietnam_architecture/Chùa_Huệ_Nghiêm_năm_2022,_trúc_viên_(rừng_trúc)_(16)_127262753.png"
Chùa_Huệ_Nghiêm_năm_2022_(lư_hương_có_khảm_sành)_(1)_127216878.png,0.9339,auto,False,,,A large ceramic incense burner with a dragon motif stands on a wooden stand on red brick flooring. The burner contains burning incense sticks and is positioned near an entrance.,"Ceramic incense burner with painted dragon motifs sits on a dark wooden stand. The burner is filled with ash and several red incense sticks, placed on a red brick patio.",D:\caption_project\vietnam_architecture\Chùa_Huệ_Nghiêm_năm_2022_(lư_hương_có_khảm_sành)_(1)_127216878.png,/Users/jenfnguyen/Documents/Dev/KIS-AAI-DM-Master/data/caption_project/vietnam_architecture/Chùa_Huệ_Nghiêm_năm_2022_(lư_hương_có_khảm_sành)_(1)_127216878.png
"Chùa_Huệ_Nghiêm_năm_2022,_trúc_viên,_chậu_hương_khảm_sành_sứ)_(4)_124242907.png",0.9347,auto,False,,,"A large mosaic incense burner decorated with blue and white tiles stands on a tiled floor inside a building, filled with red incense sticks.","A large ceramic incense burner decorated with blue and white mosaic tiles and floral patterns sits on a tiled floor, filled with numerous red incense sticks and a spiral coil.","D:\caption_project\vietnam_architecture\Chùa_Huệ_Nghiêm_năm_2022,_trúc_viên,_chậu_hương_khảm_sành_sứ)_(4)_124242907.png","/Users/jenfnguyen/Documents/Dev/KIS-AAI-DM-Master/data/caption_project/vietnam_architecture/Chùa_Huệ_Nghiêm_năm_2022,_trúc_viên,_chậu_hương_khảm_sành_sứ)_(4)_124242907.png"
Battle_of_Tam_Quan_Vietnam_War_1968_aftermath_photo_by_PFC_Louie_de_Deaux_19th_Combat_Engineer_Battalion_129511569.png,0.9352,auto,False,,,A landscape scene at sunset featuring flooded rice paddies reflecting the sky and silhouetted palm trees along the horizon.,Flooded rice paddies reflect the light of a sunset in a rural landscape. Silhouettes of palm trees and distant vegetation are visible against the bright sky on the horizon.,D:\caption_project\vietnam_architecture\Battle_of_Tam_Quan_Vietnam_War_1968_aftermath_photo_by_PFC_Louie_de_Deaux_19th_Combat_Engineer_Battalion_129511569.png,/Users/jenfnguyen/Documents/Dev/KIS-AAI-DM-Master/data/caption_project/vietnam_architecture/Battle_of_Tam_Quan_Vietnam_War_1968_aftermath_photo_by_PFC_Louie_de_Deaux_19th_Combat_Engineer_Battalion_129511569.png
"Church_of_Chicken_in_Da_Lat,_Vietnam_-_panoramio_56269388.png",0.9355,auto,False,church,church,Interior of a church showing rows of dark wooden pews along a yellow wall lined with arched stained glass windows and framed religious artworks.,"Interior of a church featuring rows of dark wooden pews, cream-colored walls, and arched windows with yellow and green stained glass. Framed religious relief carvings are mounted on the wall between the windows.","D:\caption_project\vietnam_architecture\Church_of_Chicken_in_Da_Lat,_Vietnam_-_panoramio_56269388.png","/Users/jenfnguyen/Documents/Dev/KIS-AAI-DM-Master/data/caption_project/vietnam_architecture/Church_of_Chicken_in_Da_Lat,_Vietnam_-_panoramio_56269388.png"
Chùa_Huệ_Nghiêm_năm_2022_(bậc_thềm_tam_cấp_ở_hậu_viện)_(2a)_124489290.png,0.9358,auto,False,,,Polished red granite stairs lead up to a landing with an etched lotus flower design. The entrance features tall wooden double doors with glass panels above.,"Red stone steps lead to a set of wooden folding doors. A large lotus flower outline is engraved into the landing of the stairs, which are made of polished red granite.",D:\caption_project\vietnam_architecture\Chùa_Huệ_Nghiêm_năm_2022_(bậc_thềm_tam_cấp_ở_hậu_viện)_(2a)_124489290.png,/Users/jenfnguyen/Documents/Dev/KIS-AAI-DM-Master/data/caption_project/vietnam_architecture/Chùa_Huệ_Nghiêm_năm_2022_(bậc_thềm_tam_cấp_ở_hậu_viện)_(2a)_124489290.png
"0040423_Thap_Phu_Loc,_Cham_Hindu_temple,_Nhon_Thanh_Vietnam_027_132544928.png",0.9367,auto,False,,,"A weathered brick tower stands on a grassy hill under a clear blue sky. The structure features vertical decorative elements and an arched doorway at its base, with vegetation growing from the top.",Weathered brick tower with a pointed arched entrance stands on a grassy hill under a clear blue sky. The structure features vertical pilasters and vegetation growing from the damaged upper sections.,"D:\caption_project\vietnam_architecture\0040423_Thap_Phu_Loc,_Cham_Hindu_temple,_Nhon_Thanh_Vietnam_027_132544928.png","/Users/jenfnguyen/Documents/Dev/KIS-AAI-DM-Master/data/caption_project/vietnam_architecture/0040423_Thap_Phu_Loc,_Cham_Hindu_temple,_Nhon_Thanh_Vietnam_027_132544928.png"
"Antefix_with_ascetic_figure,_Thap_Mam,_Binh_Dinh,_12th-13th_century_AD,_sandstone_-_Museum_of_Vietnamese_History_-_Ho_Ch_40764320.png",0.9371,auto,False,statue,statue,"A stone relief sculpture of a seated figure with hands in prayer position, wearing a tall headdress and lotus motif, set within an arched frame against a plain wall.","Stone relief sculpture depicting a seated figure with hands in a prayer position, wearing a tall pointed hat, framed by an arched border, displayed against a plain light-colored wall.","D:\caption_project\vietnam_architecture\Antefix_with_ascetic_figure,_Thap_Mam,_Binh_Dinh,_12th-13th_century_AD,_sandstone_-_Museum_of_Vietnamese_History_-_Ho_Ch_40764320.png","/Users/jenfnguyen/Documents/Dev/KIS-AAI-DM-Master/data/caption_project/vietnam_architecture/Antefix_with_ascetic_figure,_Thap_Mam,_Binh_Dinh,_12th-13th_century_AD,_sandstone_-_Museum_of_Vietnamese_History_-_Ho_Ch_40764320.png"
Cantonese_Assembly_Hall_of_Hoi_An_(2024)_-_img_15_159932463.png,0.9385,auto,False,house,,A large wall mural depicts a historical scene with figures on horseback and others standing near houses in a snowy landscape. A man stands beside the artwork.,"A large, white, low-relief wall mural depicts figures on horseback and in traditional clothing within a snowy landscape. A man stands beside the wall, touching the relief of a horse.",D:\caption_project\vietnam_architecture\Cantonese_Assembly_Hall_of_Hoi_An_(2024)_-_img_15_159932463.png,/Users/jenfnguyen/Documents/Dev/KIS-AAI-DM-Master/data/caption_project/vietnam_architecture/Cantonese_Assembly_Hall_of_Hoi_An_(2024)_-_img_15_159932463.png
Chùa_Huệ_Nghiêm_năm_2022_(lư_hương_có_khảm_sành)_(2)_127216881.png,0.9435,auto,False,,,"A large ceramic incense burner with painted dragons sits on a dark wooden stand on red brick paving, surrounded by potted chrysanthemums and tulips.","A ceramic incense burner with dragon motifs sits on a dark wooden stand. The burner is placed on a red brick-paved floor, surrounded by vases filled with yellow and white flowers.",D:\caption_project\vietnam_architecture\Chùa_Huệ_Nghiêm_năm_2022_(lư_hương_có_khảm_sành)_(2)_127216881.png,/Users/jenfnguyen/Documents/Dev/KIS-AAI-DM-Master/data/caption_project/vietnam_architecture/Chùa_Huệ_Nghiêm_năm_2022_(lư_hương_có_khảm_sành)_(2)_127216881.png
ChuaLinhPhuoc02_17396050.png,0.9443,auto,False,pagoda/temple,pagoda/temple,Interior of a temple with ornate dragon pillars and colorful murals on walls and ceiling. A large golden Buddha statue sits at the far end on an altar.,Interior of a temple featuring rows of tall pillars adorned with colorful dragon sculptures. A golden Buddha statue sits in front of a painted mural depicting a large tree and landscape.,D:\caption_project\vietnam_architecture\ChuaLinhPhuoc02_17396050.png,/Users/jenfnguyen/Documents/Dev/KIS-AAI-DM-Master/data/caption_project/vietnam_architecture/ChuaLinhPhuoc02_17396050.png
"0040423_Thap_Duong_Long_Cham_tower_temples,_Hindu_trinity,_Binh_Dinh_Vietnam_043_132506939.png",0.9447,auto,False,,,Three tall brick towers with stepped pyramidal roofs stand in a dry grassy field under a clear blue sky. Vegetation grows from the tops and sides of the reddish-brown structures.,Three tall brick towers stand in a field under a clear blue sky. The structures feature tiered roofs with vegetation growing from the tops and pointed arch doorways on the front facades.,"D:\caption_project\vietnam_architecture\0040423_Thap_Duong_Long_Cham_tower_temples,_Hindu_trinity,_Binh_Dinh_Vietnam_043_132506939.png","/Users/jenfnguyen/Documents/Dev/KIS-AAI-DM-Master/data/caption_project/vietnam_architecture/0040423_Thap_Duong_Long_Cham_tower_temples,_Hindu_trinity,_Binh_Dinh_Vietnam_043_132506939.png"
Chùa_Huệ_Nghiêm_năm_2022_(bậc_thềm_tam_cấp_ở_hậu_viện)_(2)_124489289.png,0.9456,auto,False,,,"Polished red granite steps lead up to a wooden door, with a lotus flower outline carved into the top landing.","Red polished granite steps lead up to a wooden door. A stylized lotus flower design is engraved into the landing platform, contrasting with the plain, textured stone surface of the stairs.",D:\caption_project\vietnam_architecture\Chùa_Huệ_Nghiêm_năm_2022_(bậc_thềm_tam_cấp_ở_hậu_viện)_(2)_124489289.png,/Users/jenfnguyen/Documents/Dev/KIS-AAI-DM-Master/data/caption_project/vietnam_architecture/Chùa_Huệ_Nghiêm_năm_2022_(bậc_thềm_tam_cấp_ở_hậu_viện)_(2)_124489289.png
"Belltower_at_the_Linh_Phuoc_Pagoda,_Dalat_17350378.png",0.9458,auto,False,pagoda/temple,pagoda/temple,A multi-tiered pagoda with ornate curved roofs and decorative railings stands beside a large white statue of a seated figure on a mythical creature against a clear blue sky.,"Multi-tiered pagoda featuring curved tiled roofs, intricate wooden brackets, and decorative railings. A white stone statue of a seated figure on a mythical creature is positioned in the foreground against a clear blue sky.","D:\caption_project\vietnam_architecture\Belltower_at_the_Linh_Phuoc_Pagoda,_Dalat_17350378.png","/Users/jenfnguyen/Documents/Dev/KIS-AAI-DM-Master/data/caption_project/vietnam_architecture/Belltower_at_the_Linh_Phuoc_Pagoda,_Dalat_17350378.png"
Amitbabha_and_female_devotee_detail_6419149.png,0.9477,auto,False,statue,statue,"A colorful ceramic relief sculpture depicting a central Buddha figure seated on an ornate throne, surrounded by several monks and disciples against a background of stylized blue clouds.","A colorful relief sculpture depicts a central Buddha figure seated on a lotus throne, surrounded by monks and other figures against a background of stylized blue clouds.",D:\caption_project\vietnam_architecture\Amitbabha_and_female_devotee_detail_6419149.png,/Users/jenfnguyen/Documents/Dev/KIS-AAI-DM-Master/data/caption_project/vietnam_architecture/Amitbabha_and_female_devotee_detail_6419149.png
Bridge_in_Central_Vietnam_-_panoramio_56950882.png,0.9495,auto,False,bridge,bridge,"A wooden plank bridge spans a wide river, supported by vertical posts and rope railings. A person rides a motorcycle across the weathered wooden surface toward buildings on the far bank.","Narrow wooden bridge spans a wide river, featuring a plank deck supported by simple wooden posts and thin wire railings. A person rides a motorcycle across the bridge toward the distant riverbank.",D:\caption_project\vietnam_architecture\Bridge_in_Central_Vietnam_-_panoramio_56950882.png,/Users/jenfnguyen/Documents/Dev/KIS-AAI-DM-Master/data/caption_project/vietnam_architecture/Bridge_in_Central_Vietnam_-_panoramio_56950882.png
Chùa_Huệ_Nghiêm_năm_2022_(bảo_tháp)_(4)_127296668.png,0.9548,auto,False,pagoda/temple,pagoda/temple,"A tall pagoda tower with a grey facade and multiple tiers of white decorative panels. The structure is topped by a golden spire and features dark tiled eaves, surrounded by green trees.","Tall pagoda tower with a dark grey facade featuring white decorative panels and horizontal gold lines. The structure is topped with a tiered roof and a golden finial, surrounded by green tree branches.",D:\caption_project\vietnam_architecture\Chùa_Huệ_Nghiêm_năm_2022_(bảo_tháp)_(4)_127296668.png,/Users/jenfnguyen/Documents/Dev/KIS-AAI-DM-Master/data/caption_project/vietnam_architecture/Chùa_Huệ_Nghiêm_năm_2022_(bảo_tháp)_(4)_127296668.png
"0040423_Thap_Duong_Long_Cham_tower_temples,_Hindu_trinity,_Binh_Dinh_Vietnam_003_132506930.png",0.9572,auto,False,,,Three weathered brick towers stand in a grassy field under a clear blue sky. The orange-red structures are topped with overgrown vegetation and feature arched doorways and rectangular windows.,"Three tall brick towers stand in a field under a clear blue sky. The structures feature weathered orange masonry, arched entrances, and vegetation growing from their upper levels and roof sections.","D:\caption_project\vietnam_architecture\0040423_Thap_Duong_Long_Cham_tower_temples,_Hindu_trinity,_Binh_Dinh_Vietnam_003_132506930.png","/Users/jenfnguyen/Documents/Dev/KIS-AAI-DM-Master/data/caption_project/vietnam_architecture/0040423_Thap_Duong_Long_Cham_tower_temples,_Hindu_trinity,_Binh_Dinh_Vietnam_003_132506930.png"
"Chùa_Giác_Sanh_năm_2022_(Ban_thờ_trong_chánh_điện,_tấm_thảm_đỏ)_(5)_126983194.png",0.9582,auto,False,pagoda/temple,pagoda/temple,"Interior of a temple with a golden Buddha statue on an ornate altar, red pillars, floral arrangements, and large red patterned rugs.","Interior of a temple featuring a central golden Buddha statue seated on a dark wooden altar. The space is decorated with red floral arrangements, intricate gold-painted wooden carvings, and a large red patterned carpet.","D:\caption_project\vietnam_architecture\Chùa_Giác_Sanh_năm_2022_(Ban_thờ_trong_chánh_điện,_tấm_thảm_đỏ)_(5)_126983194.png","/Users/jenfnguyen/Documents/Dev/KIS-AAI-DM-Master/data/caption_project/vietnam_architecture/Chùa_Giác_Sanh_năm_2022_(Ban_thờ_trong_chánh_điện,_tấm_thảm_đỏ)_(5)_126983194.png"
Chùa_Huệ_Nghiêm_năm_2022_(lư_hương_có_khảm_sành)_(3)_127216882.png,0.962,auto,False,,,"A large ceramic incense burner with glazed blue and green dragon motifs sits on a wooden stand. Behind it, yellow chrysanthemums and pink lotus flowers are arranged in vases on a tiled floor.","A ceramic incense burner with dragon motifs sits on a wooden stand. Behind it, several vases filled with yellow chrysanthemums and pink lotus flowers are placed on a metal rack over orange pavers.",D:\caption_project\vietnam_architecture\Chùa_Huệ_Nghiêm_năm_2022_(lư_hương_có_khảm_sành)_(3)_127216882.png,/Users/jenfnguyen/Documents/Dev/KIS-AAI-DM-Master/data/caption_project/vietnam_architecture/Chùa_Huệ_Nghiêm_năm_2022_(lư_hương_có_khảm_sành)_(3)_127216882.png
Bức_tường_nghĩa_địa_BHHA_ng26th3n2022_127455753.png,0.9622,auto,False,,,"A weathered concrete wall covered in large blue and white graffiti tags stands beside a narrow sidewalk. Nearby, a street vendor operates a food cart under green umbrellas with a red plastic chair.",A weathered concrete wall covered in blue and black graffiti stands beside a sidewalk. A street food vendor with a yellow cart and a red plastic chair operates nearby under a green umbrella.,D:\caption_project\vietnam_architecture\Bức_tường_nghĩa_địa_BHHA_ng26th3n2022_127455753.png,/Users/jenfnguyen/Documents/Dev/KIS-AAI-DM-Master/data/caption_project/vietnam_architecture/Bức_tường_nghĩa_địa_BHHA_ng26th3n2022_127455753.png
"Chùa_Huê_Nghiêm_ở_Thủ_Đức,_tháng_12_năm_2021_(Vườn_kiểng)_(2)_113327775.png",0.9647,auto,False,pagoda/temple,pagoda/temple,"Golden pagoda-style lanterns stand on reddish-brown pillars in a garden with green shrubs and pink flowers, with a traditional building featuring a green tiled roof visible in the background.",Golden pagoda-style lanterns stand on brown pillars in a garden with potted plants and flowering shrubs. A building with a green tiled roof and yellow walls is visible in the background.,"D:\caption_project\vietnam_architecture\Chùa_Huê_Nghiêm_ở_Thủ_Đức,_tháng_12_năm_2021_(Vườn_kiểng)_(2)_113327775.png","/Users/jenfnguyen/Documents/Dev/KIS-AAI-DM-Master/data/caption_project/vietnam_architecture/Chùa_Huê_Nghiêm_ở_Thủ_Đức,_tháng_12_năm_2021_(Vườn_kiểng)_(2)_113327775.png"
Annam_-_Hué_-_Pagode_de_Gia-Long_dans_le_Palais_137001733.png,0.9701,auto,False,pagoda/temple,pagoda/temple,A two-story pagoda with a curved tiled roof and ornate eaves stands within a courtyard. Several large bronze incense burners are arranged on the paved ground in front of the structure.,A two-story pagoda with a multi-tiered tiled roof stands in a courtyard. Several large bronze incense burners and a small statue under a canopy are placed on the paved ground in front.,D:\caption_project\vietnam_architecture\Annam_-_Hué_-_Pagode_de_Gia-Long_dans_le_Palais_137001733.png,/Users/jenfnguyen/Documents/Dev/KIS-AAI-DM-Master/data/caption_project/vietnam_architecture/Annam_-_Hué_-_Pagode_de_Gia-Long_dans_le_Palais_137001733.png
